module	T	B	N	F	fns
AFDMC_MBL_Cohomology.olean	29	806	1508	1	1399
AgentSelf.olean	9	1220	1158	0	1306
Agricola.olean	4	717	4156	0	2696
Algebra.olean	69	1426	6450	1	5133
ArsAnimaglyphica.olean	4	3819	3898	0	5211
ArsCrossDomain.olean	48	4078	6213	0	6332
ArsFungiglyphica.olean	34	2432	1710	0	3083
AtHomeSanguineHomunculus.olean	64	1353	3394	0	2685
AutopoieticConvergence_UPDATED.olean	101	4054	25455	1	23475
AxiomD_Demotion.olean	8	1926	4248	0	4789
B4FactorBootstrap.olean	0	1912	979	0	2038
Barriers.olean	116	2450	6527	1	5368
Basic.olean	4	329	727	0	541
BasilValentine.olean	4	605	1868	0	1690
BooksOfJeu.olean	82	2756	13402	0	7449
BootstrapSequence.olean	74	1993	14194	1	10047
BotanicalWalkthrough.olean	50	1356	4429	1	4156
BoundaryOperators.olean	133	5945	18094	0	16928
BruceCodex/BooksOfJeu.olean	15	744	1423	0	1432
BruceCodex/UntitledText.olean	7	1093	6225	0	6453
CL9NK_Chain.olean	127	2035	4026	0	3821
CLINK.olean	325	11780	110305	2	63148
CLINK_L9.olean	9	807	3327	0	3385
CLU744Bridge.olean	17	966	2840	0	2827
CatalogImmutability.olean	40	788	2469	0	1746
CirculatumMinus.olean	7	578	1819	0	1002
Classical/APIntersectingFamily.olean	178	3790	31240	1	28733
Classical/BoseChowla.olean	240	7360	54012	3	38238
Classical/DifferenceSetSyndetic.olean	5	883	2765	0	2931
Classical/ErdosLaxDivergence.olean	19	656	1132	0	1040
Classical/ErdosProblem16.olean	65	2373	13152	2	12850
Classical/ErdosPropertyP.olean	19	1043	2695	0	2388
Classical/ErdosStrausDecomposition.olean	255	10824	57441	10	50116
Classical/ErdosTuranBound.olean	340	6162	30714	6	17706
Classical/ErdosTuranReduction.olean	71	2271	13484	1	6101
Classical/ErdosTuranSmallC.olean	131	1316	15505	0	3984
Classical/HajnalSpecker.olean	4	1150	1494	0	2019
Classical/HeckeLandau.olean	11	679	1048	0	1096
Classical/InfiniteSidon.olean	212	2815	15677	3	7000
Classical/MatchingSDR.olean	13	931	3168	0	1747
Classical/RamseyAsymptotics.olean	35	1096	3869	0	3874
Classical/RepresentationParity.olean	49	7997	22621	1	10465
Classical/SidonRepresentation.olean	61	6335	6290	0	7473
Classical/Solitary10.olean	1913	12545	45269	43	20524
Classical/Szemeredi.olean	36	2149	10513	2	10736
Classical/TriangleTiling.olean	23	856	1548	0	1526
Classical/UnitDistanceDiameterOne.olean	16	701	919	0	1075
Classical/UnitDistancePhaseTransition.olean	13	1022	2654	0	2857
Classical/WindowedBound.olean	965	17375	63097	24	36562
Coagula/Polymer.olean	322	11010	20393	0	19944
CollatzOperationalized.olean	297	2104	8260	11	5752
ColoursGreatWork.olean	11	571	921	0	975
CompletingD2048InD12.olean	13	1312	9174	0	6601
Consciousness.olean	29	742	2425	0	1732
CosmicHolonomy.olean	81	1670	7260	3	3645
Decomposition.olean	143	2776	8148	1	6504
DecompositionTable.olean	104	1454	3762	0	2925
EudoxusSixKeys.olean	5	694	1510	0	1000
EulerInvariant.olean	59	2073	4505	1	4563
FoldVerdict.olean	485	6062	19957	5	15163
FrancisBacon.olean	5	626	1176	0	1221
FrancisBaconGold.olean	7	595	2243	0	2420
Frobenius.olean	193	1813	14684	2	6023
GateOrdering.olean	308	13871	11725	5	12176
GeneToProtein.olean	70	9855	21833	0	26634
GeneticCode.olean	244	42005	157863	0	47178
HermeticVesselPolymer.olean	13	1791	11605	0	5365
HowDiracEquationArise.olean	37	1901	12476	0	7828
HowHilbertQMArise.olean	27	853	2194	0	1831
HowInductionArise.olean	33	1105	4241	0	4190
HowNaturalNumbersArise.olean	93	3203	20342	2	12481
HowProbabilityArise.olean	18	986	5793	0	4706
IGFunctor.olean	83	1837	10112	2	9880
IGMorphism.olean	213	7370	38305	20	14049
IGScaffold.olean	39	2838	16921	0	16441
IG_Algebra.olean	71	1667	8272	1	5787
IMASM/BankedWeight.olean	55	2011	16869	0	16801
Isomorphisms.olean	29	998	2592	0	2221
JohnFrench.olean	1	580	1693	0	959
LandoMills.olean	5	1550	1487	0	2064
LiarIdempotent.olean	4	949	2775	0	2979
LiminalSpaces.olean	112	2918	13673	3	13933
MachHolonomy.olean	188	4343	21542	7	19706
ManuscriptSpine/Questions.olean	34	3356	18026	1	4100
ManuscriptSpine/QuestionsExtended.olean	12	2012	1500	0	2179
MetaYonedaCollapse.olean	11	2601	1651	0	2528
Millennium/A1A2CoptMacrocycle.olean	20	1799	7233	0	4955
Millennium/AlchemicalHermeticUniverse.olean	27	1270	6751	0	4867
Millennium/BSD.olean	20	1865	4442	0	4814
Millennium/BSD_Complete_Witness.olean	55	1771	5087	0	5217
Millennium/BSD_GateInhabitants.olean	19	1190	2344	0	2552
Millennium/BSD_MathBridge.olean	12	1024	2358	0	2606
Millennium/BSD_Resolution.olean	30	1542	10011	0	4461
Millennium/BSD_Witness.olean	7	861	2458	0	2630
Millennium/BanachMeasure.olean	461	4835	31945	0	20625
Millennium/Beal.olean	386	36165	175481	2	110497
Millennium/BiochemicalMassGapUnification.olean	31	1046	1626	2	1757
Millennium/BosonMassRatios.olean	63	1434	3394	0	3016
Millennium/CKMFullDerivation.olean	30	1004	1857	0	1787
Millennium/CMPLX_IMGN.olean	694	9223	49662	7	22232
Millennium/CanonicalOrdinalFaithfulness.olean	1	4994	4209	0	5965
Millennium/Chema.olean	68	1628	14635	0	14647
Millennium/ClayCandidateProfile.olean	19	753	1437	0	1429
Millennium/ClayCandidateTuples.olean	1	1079	745	0	1141
Millennium/ClayCanonicalTuples.olean	11	865	1664	0	1285
Millennium/Clay_TransportedClosure.olean	36	1557	12544	10	8311
Millennium/Clay_UnclosedResistance.olean	7	2511	1245	0	1866
Millennium/Clay_WitnessedClosure.olean	68	1368	2895	2	2527
Millennium/Collatz.olean	185	4122	10137	5	9213
Millennium/CompositionRules.olean	7	2878	1586	2	2797
Millennium/ContinuumMacrocycle.olean	116	9584	6663	0	10904
Millennium/ConventionalDelta.olean	57	1968	10502	1	10326
Millennium/Cosmogeny.olean	283	4650	15393	1	12649
Millennium/Cramer.olean	34	3230	11537	0	4259
Millennium/CrystalBoot.olean	27	1043	3097	2	1767
Millennium/DarkEnergy.olean	55	1776	4668	1	4324
Millennium/DialetheicUniverse.olean	45	1759	8901	2	8594
Millennium/DimensionfulEmission.olean	22	812	1631	0	1400
Millennium/Dixmier.olean	26	1242	2817	0	2783
Millennium/DualLinkVessel.olean	608	8888	30201	6	22505
Millennium/E8G2_Vessel.olean	10	750	1280	0	1310
Millennium/E8G2_Vessel_Witnesses.olean	56	802	2392	0	2003
Millennium/EilenbergGanea.olean	64	3610	18508	1	18564
Millennium/Erdos/APFreeReduction.olean	217	7568	17131	4	16424
Millennium/Erdos/AdditiveEnergy.olean	117	2211	7118	2	5675
Millennium/Erdos/AntiRamseyOddCycles.olean	108	3986	21857	2	17828
Millennium/Erdos/Base.olean	12	1014	6118	0	2915
Millennium/Erdos/BinomialGCD.olean	31	1933	9274	0	3646
Millennium/Erdos/ChromaticOddCycle.olean	55	2312	9770	0	7485
Millennium/Erdos/CollatzDepthSplit.olean	4410	70488	371229	46	311913
Millennium/Erdos/Collatz_Escape_Measure.olean	19	861	2009	1	1429
Millennium/Erdos/Collatz_Proof_Skeleton.olean	174	7332	55206	0	52872
Millennium/Erdos/Collatz_Unified_Closure.olean	42	1604	8014	1	5802
Millennium/Erdos/DifferenceSets.olean	47	2788	13761	0	13700
Millennium/Erdos/ErdosKacInterval.olean	91	4180	3928	1	5507
Millennium/Erdos/ErdosTuranAP.olean	49	1733	3607	0	3314
Millennium/Erdos/MonochromaticOddCycle.olean	37	2187	6701	0	6665
Millennium/Erdos/PolynomAsymptotics.olean	96	2436	6884	2	4299
Millennium/Erdos/PomeranceSDR.olean	61	3681	27273	0	20288
Millennium/Erdos/Problems/FullDecomposedProof.olean	19	925	3344	0	2992
Millennium/Erdos/Problems/FullyDecomposedProof.olean	25	1002	4619	0	4665
Millennium/Erdos/Problems/Problem0003.olean	239	3347	14030	3	12097
Millennium/Erdos/Problems/Problem0041.olean	67	2420	11422	0	10536
Millennium/Erdos/Problems/Problem0500.olean	11	788	1536	0	1552
Millennium/Erdos/Problems/Problem0564.olean	67	1808	4274	0	3596
Millennium/Erdos/Problems/Problem0593.olean	42	2685	23116	0	19183
Millennium/Erdos/Problems/Problem1135.olean	89	5726	3785	0	5393
Millennium/Erdos/RamseyAsymptotics.olean	41	2578	12610	0	8704
Millennium/Erdos/RatioSetSharp.olean	149	2204	7944	6	6248
Millennium/Erdos/SchutteTClose.olean	731	7252	39297	15	16265
Millennium/Erdos/SchutteTournament.olean	201	3323	15874	5	7646
Millennium/Erdos/SidonCounting.olean	248	3794	12771	2	9026
Millennium/Erdos/SquarefreePlusPowerOfTwo.olean	106	3496	10155	1	9984
Millennium/Erdos/SquarefreePlusPowerOfTwoClose.olean	139	2167	14405	12	6161
Millennium/Erdos/StrausGreedyFamily.olean	7625	110691	370939	121	263241
Millennium/Erdos/SubgroupOrders.olean	193	3495	22297	2	8260
Millennium/Erdos/SumsetAvoidingAP.olean	310	6970	42636	9	27854
Millennium/Erdos/TrianglePartition.olean	308	5396	23334	7	16707
Millennium/Erdos/UnitDistance.olean	318	4777	15619	9	12566
Millennium/ErdosFormalize.olean	19	4855	3521	1	5204
Millennium/ErdosFormalize2.olean	110	2395	6993	0	5714
Millennium/ErdosFormalize3.olean	47	2549	17472	0	5206
Millennium/ErdosProblems.olean	86	4116	23380	0	21938
Millennium/FieldTheoreticMacrocycle.olean	30	1214	5965	1	2334
Millennium/FineStructureConstant.olean	23	840	1687	0	1566
Millennium/FrobeniusStructure.olean	88	1425	6287	0	3410
Millennium/FrobeniusUnification.olean	127	11735	12918	0	10753
Millennium/GapCompletion.olean	16	1518	12053	0	11754
Millennium/GeneralizedPipeline.olean	1428	32477	87270	3	33625
Millennium/GodelCompleteSentence.olean	134	3147	10238	2	9306
Millennium/GodelCompleteUniverse.olean	9	1874	1368	0	1845
Millennium/GodelCompletion.olean	93	2042	6095	2	4430
Millennium/GodelResolvedFinal.olean	285	3623	11614	6	9543
Millennium/Goldbach.olean	22	2302	7334	2	7495
Millennium/GoldbachABC.olean	116	1839	4780	2	4473
Millennium/GrammarBridge.olean	70	1368	10574	1	4201
Millennium/GrammarMetricDerivation.olean	22	1195	2140	0	2078
Millennium/GrammarSICPOVM_ZaunerBridge.olean	20	1101	1879	0	1827
Millennium/GrammarStructuralAnalysis.olean	69	2123	11944	4	7316
Millennium/GrammarUniversalDualFrameSICPOVM.olean	155	3302	22709	0	20596
Millennium/GravitationalCoupling.olean	10	866	3265	0	2312
Millennium/GrothendieckA.olean	91	2871	10200	5	6823
Millennium/HadwigerNelson.olean	18	2715	6575	0	7334
Millennium/Hodge.olean	25	1326	1864	0	2187
Millennium/Hodge_AlgebraicCycleConstruction.olean	5	704	1319	0	1276
Millennium/Hodge_Descent.olean	99	2821	9174	3	5085
Millennium/Hodge_GateInhabitants.olean	22	909	1633	0	1634
Millennium/Hodge_Grammar.olean	91	1686	4688	0	3271
Millennium/Hodge_KernelCrossing.olean	29	4030	4317	0	4843
Millennium/Hodge_Mathematical_Witness.olean	47	2010	17524	0	14546
Millennium/Hodge_RegulatorSurjectivity.olean	1	1134	948	0	1313
Millennium/Hodge_ThresholdCrossing.olean	372	6891	10524	0	7247
Millennium/Hodge_Witness.olean	10	660	836	0	1013
Millennium/HolonomyWinding.olean	125	3026	10201	1	9670
Millennium/HornTorusEmission.olean	19	1377	7210	0	3326
Millennium/HornTorusModularForm.olean	50	1410	5304	1	4675
Millennium/HubbleConstant.olean	44	917	1859	0	1727
Millennium/IGThresholdAnalysis.olean	90	1742	4376	1	3587
Millennium/ImaginaryNumbers.olean	66	1341	4908	3	4201
Millennium/InflationarySlowRoll.olean	7	899	5108	0	3747
Millennium/LeeYang_Xi_Product_Construction.olean	26	1303	3990	1	4127
Millennium/Lefschetz11.olean	16	813	1400	0	1512
Millennium/Lefschetz11_Grammar.olean	18	4402	3571	0	3845
Millennium/LeptonMassRatios.olean	12	1204	3949	0	4148
Millennium/LonelyRunner.olean	62	1899	3674	1	4121
Millennium/Macrocycle107_1135_713.olean	132	2744	7703	1	5703
Millennium/MacrocyclicClosure.olean	62	1492	5658	2	3776
Millennium/MajoranaPhases.olean	0	935	522	0	1029
Millennium/Manuscript_ZFCt.olean	87	1532	5628	3	2933
Millennium/Master_Witness.olean	21	1165	922	0	1296
Millennium/MathProof.olean	581	5752	32777	10	11338
Millennium/NS.olean	23	2157	6780	0	5597
Millennium/NS_CriticalBound.olean	62	3228	14536	0	14469
Millennium/NS_Mathematical_Witness.olean	148	2681	11983	5	9488
Millennium/NS_Resolution.olean	30	1458	6559	0	2565
Millennium/NS_Seige.olean	4	865	2372	0	2630
Millennium/NS_Witness.olean	18	1039	5383	0	1614
Millennium/NS_ZFCt_Bridge.olean	34	1191	4981	0	5210
Millennium/OPN.olean	11	1126	3187	1	3396
Millennium/OPN_PsiGraph.olean	153	12141	46379	1	47886
Millennium/OPN_Witness.olean	10	672	1095	0	1063
Millennium/OmegaCorrClosure.olean	32	915	1688	1	1578
Millennium/OracleDelphi.olean	7	3889	2007	0	2957
Millennium/PMNSFullDerivation.olean	53	2171	5047	0	4958
Millennium/ParadoxBoot.olean	1	1478	1032	0	1618
Millennium/PerfectCuboid.olean	530	17034	103863	6	91356
Millennium/PerfectCuboid/Bootstrap.olean	47	955	2435	0	2198
Millennium/PerfectCuboid/CaseC.olean	102	1992	5607	4	4156
Millennium/PerfectCuboid/CaseC_Attempt.olean	65	4350	15019	1	5013
Millennium/PerfectCuboid/DescentOperator.olean	4	6383	4347	0	5726
Millennium/PerfectCuboid/DescentTheorem.olean	163	3282	13195	4	8931
Millennium/PerfectCuboid/FactorizationLemma.olean	103	1681	5355	1	4328
Millennium/PerfectCuboid/PerfectCuboidWitness.olean	45	1087	3000	1	2392
Millennium/PerfectCuboid/PrerequisiteLemmasL5_L7.olean	23	1849	6141	0	2466
Millennium/Pkg.olean	319	7909	49379	2	14680
Millennium/PrimitiveBridge.olean	80	5394	26774	0	26985
Millennium/PrimitiveConventionalBridge.olean	83	2565	6868	0	6360
Millennium/PrimordialOoze.olean	52	1030	2470	0	2165
Millennium/ProofModules/DistinctDistances.olean	31	1824	4490	1	4434
Millennium/ProofModules/ErdosFuchs.olean	77	8196	10702	3	5675
Millennium/ProofModules/FurstenbergCorrespondence.olean	50	1413	4236	1	3898
Millennium/ProofModules/FurstenbergSarkozy.olean	14	2629	4848	0	4725
Millennium/ProofModules/HopfPannwitz.olean	34	1229	4154	0	2253
Millennium/ProofModules/HypergraphRamsey.olean	38	1567	2366	1	2358
Millennium/ProofModules/LCMSieve.olean	93	4394	28910	2	26449
Millennium/ProofModules/RamseyGap.olean	37	1283	1396	0	1678
Millennium/ProofModules/RamseyLimit.olean	57	1698	8809	2	6060
Millennium/ProofModules/SumFreeSets.olean	117	3465	18692	1	16646
Millennium/ProofModules/SunflowerProofModule.olean	132	2380	7626	0	6172
Millennium/ProofModules/TrianglePartition.olean	26	5298	4518	0	5984
Millennium/ProofModules/VerifiedConjectures.olean	121	1745	6237	3	5649
Millennium/ProtonElectronMass.olean	13	1026	4680	0	4768
Millennium/PvsNP.olean	28	1905	3644	0	3585
Millennium/PvsNP_Certificates.olean	14	937	2798	0	3118
Millennium/PvsNP_Structural.olean	0	1808	1446	0	1957
Millennium/PvsNP_Witness.olean	37	1945	1741	0	3094
Millennium/QGUnifiedBridge.olean	45	1225	3809	0	3557
Millennium/RH.olean	214	3879	4734	1	3898
Millennium/RH_GateInhabitants.olean	131	2153	10396	6	4463
Millennium/RH_LeeYang_Bridge.olean	29	1884	4487	0	3847
Millennium/RH_Mathematical_Witness.olean	111	1755	5759	3	4395
Millennium/RH_Witness.olean	22	843	1468	0	1455
Millennium/RH_ZFCt_Bridge.olean	133	6636	7775	0	6155
Millennium/Rebis.olean	131	3720	28686	3	15752
Millennium/RiemannSIC.olean	151	1209	3018	0	2380
Millennium/RiemannSIC_FullProof.olean	16	1808	13191	0	8116
Millennium/Ring2048_Bridge.olean	245	3699	22571	1	9123
Millennium/RohoncCodexBraiding.olean	52	1390	3308	1	2841
Millennium/RohoncCodexJarlskog.olean	40	5882	1703	0	2905
Millennium/SICFlavorPartition.olean	4	2176	2739	0	1715
Millennium/SIC_D12_ComputableCyclotomic.olean	34	1369	3357	0	2338
Millennium/SIC_D12_Embedding.olean	4016	48316	324022	297	129263
Millennium/SIC_D12_Equiangularity.olean	620	13607	91841	5	65828
Millennium/SIC_D12_ExistenceRing.olean	940	19763	180882	28	154248
Millennium/SIC_D12_Field288Test.olean	438	12564	27056	9	26008
Millennium/SIC_D12_Field48Test.olean	5	5640	4257	0	4738
Millennium/SIC_D12_MagnitudeClasses.olean	62	2306	13112	0	11829
Millennium/SIC_D12_Norm.olean	748	4415	14725	6	10303
Millennium/SIC_D12_NumberField.olean	71	1477	6433	3	4189
Millennium/SIC_D12_QuadraticTower.olean	1	7571	1429	0	2100
Millennium/SIC_D12_RayCubic.olean	142	3206	7585	2	6349
Millennium/SIC_D12_RayCubicNF.olean	66	1431	7870	1	2669
Millennium/SIC_D12_RayTower.olean	504	6639	35437	4	20952
Millennium/SIC_D12_SymmetricModuli.olean	123	2238	8686	1	6450
Millennium/SIC_D12_WitnessVessel.olean	87	1333	3332	0	2778
Millennium/SIC_D16_Moduli.olean	16	5498	3834	0	5683
Millennium/SIC_D2048_A0Stratum.olean	31	2095	13554	0	9584
Millennium/SIC_D2048_Moduli.olean	286	3763	16362	2	15016
Millennium/SIC_D2048_Unconditional.olean	33	1020	2210	0	1963
Millennium/SIC_D20_Moduli.olean	207	5410	32828	4	12486
Millennium/SIC_Moduli_Report.olean	80	2191	6832	0	5771
Millennium/SIC_POVM_DualLinkClosure.olean	34	1606	5603	1	5268
Millennium/SIC_POVM_Functor.olean	15	1128	1326	0	1556
Millennium/SIC_POVM_ParityGate.olean	41	1213	3709	3	2065
Millennium/SIC_POVM_Stark.olean	59	1498	8615	0	5613
Millennium/SIC_POVM_Stark_Ob3ect.olean	24	863	2087	0	1857
Millennium/SIC_StarkUnit.olean	83	1860	9861	0	4810
Millennium/SMUGTConsummation.olean	50	1177	2744	0	2443
Millennium/SacredConvergence.olean	210	3514	17182	2	13437
Millennium/SemanticBranchVerifier.olean	26	1164	2243	1	1966
Millennium/SevenFortyFourDecomposition.olean	10	655	1629	0	1306
Millennium/SpiderMachine.olean	24	4560	9497	0	7800
Millennium/StandardModelFromGrammar.olean	207	9003	67404	0	64572
Millennium/StrongCPClosure.olean	12	852	1657	0	1510
Millennium/Suffering.olean	68	1395	3859	7	2909
Millennium/SumsetImprovedBounds.olean	43	1481	3753	0	3616
Millennium/SumsetNo3AP.olean	178	2889	13247	4	9180
Millennium/TetractysInit.olean	55	1252	4400	0	2980
Millennium/ThresholdFrobenius.olean	101	1747	5987	3	4644
Millennium/Thresholds.olean	102	1904	6813	1	6716
Millennium/TwinPrime.olean	22	2034	8081	0	6488
Millennium/UnificationConvergence.olean	61	1401	4014	0	3575
Millennium/UnifiedForcing.olean	70	1663	4949	1	4741
Millennium/UniverseRulesets.olean	259	5245	26837	0	15222
Millennium/Unsolved.olean	33	7283	7602	1	9514
Millennium/VAE_Vita_ManuscriptSpine.olean	11	1462	1110	0	1761
Millennium/VAE_Vita_Port.olean	15	827	1486	1	1563
Millennium/VAE_Vita_SIC_POVM_Bridge.olean	3	755	1574	0	1785
Millennium/VAE_Vita_Unify.olean	49	2093	13029	0	12687
Millennium/VoidConsensus.olean	106	2872	10736	1	9283
Millennium/WorldReligions.olean	464	10517	61103	3	52295
Millennium/WormwoodRevelation.olean	47	1329	5767	0	5277
Millennium/YM.olean	13	1181	3255	0	1820
Millennium/YM_Closure.olean	3	897	3688	0	2972
Millennium/YM_GateInhabitants.olean	48	1423	2693	1	2656
Millennium/YM_Mathematical_Witness.olean	118	1995	8868	0	8256
Millennium/YM_Witness.olean	7	626	854	0	999
Millennium/YM_ZFCt_Bridge.olean	48	3018	5030	1	5038
Millennium/Z7StructureConstants.olean	104	1742	5004	1	3959
Millennium/ZFCt_Unified_Bridge.olean	92	5403	4118	0	7321
Millennium/ZaunerEmbeddingEquivalence.olean	127	1232	2532	0	1930
Millennium/ZaunerTransportMap.olean	72	3319	20835	0	20786
Millennium/ZaunerUnitaryConstruction.olean	25	1156	3774	1	3080
Millennium/Zosimos_Stilling.olean	250	4179	46553	12	10727
Millennium/truth.olean	1	1774	1404	0	1808
MoDoT/ManuscriptSpine.olean	941	7373	37482	3	34515
MomonadOS.olean	93	15543	7016	6	6602
MomonadOS/AutopoieticConvergence.olean	91	2646	23302	0	23014
MomonadOS/SheafEnrichedFrobenius.olean	17	1073	2594	0	1366
Nuclear/IslandOfStability.olean	188	19156	68588	3	49668
NumberTheory/ErdosStrausProof.olean	215	4690	18902	3	12889
NumberTheory/GeneralizedStarkCorrespondence.olean	334	4906	20949	39	11377
NumberTheory/GrammarStarkCorrespondence.olean	147	3297	39806	0	15426
NumberTheory/HnGcdTheorem.olean	41	2187	1839	0	2203
NumberTheory/PrattCertificateMonad.olean	141	1656	6285	0	4870
NumberTheory/PrattOb3ectProtocol.olean	18	986	1665	0	1582
NumberTheory/PrattStratification.olean	78	5366	7650	1	8790
NumberTheory/StarkSunitD2048.olean	54	1255	2787	0	2469
NumberTheory/TwoThreeSierpinski.olean	18	1007	2866	0	2905
Ob3ects/apply_criticality_absorbing_element_entering_b_scaffold.olean	4	712	2192	0	1772
Ob3ects/categorical_join_scaffold.olean	13	715	1111	0	1291
Ob3ects/classical_non_commutative_complement_to_the_quan_scaffold.olean	1	1253	788	0	1400
Ob3ects/descent_to_stark_unit_bottleneck_for_the_d_19_br_scaffold.olean	4	2167	2160	0	2541
Ob3ects/enumerate_17_280_000_crystal_eigenstates_as_clas_scaffold.olean	11	679	1214	0	1116
Ob3ects/exact_density_matrix_recovery_with_zero_reconstr_scaffold.olean	36	1082	1088	0	1470
Ob3ects/exact_sic_geometry_achieved_with_frame_potential_scaffold.olean	8	720	2889	0	2137
Ob3ects/extract_144_exact_sic_probabilities_from_the_qua_scaffold.olean	6	657	903	0	1032
Ob3ects/fix_the_density_matrix_tomography_record_as_a_pe_scaffold.olean	10	632	832	0	973
Ob3ects/informational_completeness_duality_splitting_d_1_scaffold.olean	11	771	1413	0	1595
Ob3ects/initialize_empty_c_d_hilbert_space_before_basis_scaffold.olean	15	699	1054	0	1136
Ob3ects/seal_the_system_with_the_crystal_constraint_mani_scaffold.olean	13	790	2155	0	1967
Ob3ects/sic_povm_functor_scaffold.olean	7	695	1405	0	1618
Ob3ects/the_axiomatized_existence_of_a_d_12_weyl_heisenb_scaffold.olean	36	1143	3386	0	2678
Ob3ects/the_bruce_codex_tensor_bottleneck_at_parity_its_scaffold.olean	22	929	5628	0	1692
Ob3ects/the_d_12_sic_fiducial_known_only_as_a_complex128_scaffold.olean	31	1082	1946	0	1816
Ob3ects/the_navier_stokes_criticality_type_gate_blocked_scaffold.olean	14	1018	1601	0	1604
Ob3ects/the_p_versus_np_separation_gate_blocked_under_al_scaffold.olean	14	1119	6650	0	6862
Ob3ects/the_riemann_hypothesis_failing_to_reach_idempote_scaffold.olean	37	968	2573	0	2461
Ob3ects/the_rongorongo_corpus_at_structural_distance_d_1_scaffold.olean	24	1232	4857	0	3804
Ob3ects/the_structurally_closed_birch_swinnerton_dyer_cl_scaffold.olean	16	1202	5520	0	5065
Ob3ects/the_structurally_closed_hodge_conjecture_clay_ty_scaffold.olean	53	1038	1939	1	1767
Ob3ects/the_unclosed_p_versus_np_separation_lacking_a_st_scaffold.olean	18	979	2672	0	2461
Ob3ects/the_unclosed_riemann_hypothesis_gate_universe_la_scaffold.olean	144	1454	1973	0	1931
Ob3ects/the_vacuously_satisfied_navier_stokes_criticalit_scaffold.olean	29	796	1690	0	1576
Ob3ects/the_voynich_manuscript_as_a_universal_engine_wit_scaffold.olean	13	1561	3483	0	3697
Ob3ects/the_witness_vessel_protocol_culminates_in_a_tran_scaffold.olean	26	890	2234	1	1766
Ob3ects/the_yang_mills_mass_gap_closing_under_u10_with_g_scaffold.olean	35	1016	2671	0	2169
Ob3ects/the_yang_mills_mass_gap_reaching_idempotent_term_scaffold.olean	29	897	2922	0	2322
Ob3ects/the_zeros_of_s_correspond_to_the_eigenvalues_of_abe3fc55_scaffold.olean	20	1062	1749	1	1755
Ob3ects/tomographic_injection_scaffold.olean	11	634	894	0	1058
Ob3ects/unproven_status_lacking_exact_frobenius_closure_scaffold.olean	6	726	1790	0	1909
Ob3ects/weyl_heisenberg_orbit_generation_for_the_d_12_br_scaffold.olean	5	1460	1007	0	1214
Ob3ects/zauner_conjecture_bifurcation_splitting_general_scaffold.olean	7	777	1640	0	1829
Ob3ects/zauner_fiducial_scaffold.olean	6	765	2344	0	1102
ObjWitnessCosmos.olean	8	978	3576	1	2335
ObjWitnessVessel.olean	24	1003	2655	0	2971
OddRingIndex.olean	490	11026	44399	5	39410
Paraconsistent/B4Measurement.olean	37	4196	4631	0	5664
Paraconsistent/Belnap.olean	334	3026	14044	6	10116
Paraconsistent/BelnapAgreement.olean	39	697	1799	2	1602
Paraconsistent/BelnapCategory.olean	33	943	1207	0	1337
Paraconsistent/BelnapLL.olean	124	2583	17703	1	12374
Paraconsistent/BelnapSplitFuse.olean	52	1579	13514	0	4036
Paraconsistent/BelnapTemporal.olean	33	879	2452	0	2379
Paraconsistent/Betting.olean	305	5919	35087	2	30049
Paraconsistent/BlackHoleBelnap.olean	113	5585	11305	1	13986
Paraconsistent/ConsciousKernel.olean	16	600	979	0	1022
Paraconsistent/CosmologyBelnap.olean	260	3531	16870	6	11829
Paraconsistent/CrystalScheduler.olean	85	1359	4272	2	3334
Paraconsistent/DialetheicAlignment.olean	34	1649	3406	1	3197
Paraconsistent/ElectroweakBelnap.olean	406	4462	22632	5	16231
Paraconsistent/ExoticHadronBelnap.olean	363	3201	12960	7	9716
Paraconsistent/FDEAsymptotic.olean	887	4521	12167	4	9654
Paraconsistent/FTLTravel.olean	30	1321	3178	1	2970
Paraconsistent/FlavorMixing.olean	423	5814	23457	13	13044
Paraconsistent/FrobeniusFiltration.olean	55	1461	3935	1	3295
Paraconsistent/FrobeniusIso.olean	41	1146	2951	1	2400
Paraconsistent/GaugeBosonBelnap.olean	18	837	2073	0	1993
Paraconsistent/GeneralRelativity.olean	252	4179	25989	1	17473
Paraconsistent/GravitationalWaves.olean	147	4083	22878	0	21964
Paraconsistent/GravityStandardModel.olean	81	4072	3419	0	4334
Paraconsistent/HadronBelnap.olean	105	1677	6822	1	5727
Paraconsistent/HiggsMechanism.olean	100	1693	4974	0	4000
Paraconsistent/IncompletenessClosure.olean	10	669	1449	2	1356
Paraconsistent/Init.olean	27	1107	3139	0	3126
Paraconsistent/Kernel.olean	209	3436	14336	0	9652
Paraconsistent/LeptonBelnap.olean	536	6588	20785	20	15667
Paraconsistent/Main.olean	38	1326	2327	1	2273
Paraconsistent/MajoranaFixed.olean	4	805	1786	0	1878
Paraconsistent/MultiAgentBelnap.olean	22	940	3775	0	2078
Paraconsistent/NeutrinoOscillation.olean	52	6614	8163	0	8053
Paraconsistent/NuclearBelnap.olean	34	3005	9774	0	11264
Paraconsistent/OrbitalBelnap.olean	112	1659	7471	0	4845
Paraconsistent/Paraconsistent.olean	49	1077	5140	0	4811
Paraconsistent/ParaconsistentShell.olean	53	2394	29332	1	19079
Paraconsistent/ParaconsistentTopos.olean	23	1501	5330	0	5400
Paraconsistent/Paradice.olean	225	3824	11437	2	9061
Paraconsistent/ParadoxFS.olean	85	1477	5814	3	4634
Paraconsistent/Portal.olean	97	1656	6460	0	4907
Paraconsistent/QCDColorFrustration.olean	237	3229	10346	0	9013
Paraconsistent/QCI_FrobeniusBias.olean	28	1561	12390	0	12213
Paraconsistent/QCI_PvsNP_Bridge.olean	19	1518	3610	1	2297
Paraconsistent/QCI_RH_Bridge.olean	11	1168	3325	0	3572
Paraconsistent/QCI_SICPOVM_Bridge.olean	83	1345	6986	3	2588
Paraconsistent/QCI_Sequences.olean	8	4242	2929	0	4096
Paraconsistent/QCI_YM_Bridge.olean	22	1268	6774	0	6604
Paraconsistent/QCI_nRegister.olean	102	1592	11047	53	4625
Paraconsistent/QuantumClassicalInterface.olean	99	2214	8739	3	5522
Paraconsistent/QuantumGravityBelnap.olean	97	3578	35037	0	28747
Paraconsistent/QuarkBelnap.olean	204	2918	11879	4	8159
Paraconsistent/QuarkFlavor.olean	296	2783	12385	2	9519
Paraconsistent/SelfVerification.olean	7	914	2059	0	2408
Paraconsistent/SelfVerifyingWASM.olean	154	2526	12357	2	10952
Paraconsistent/Shor/BelnapModExp.olean	89	968	6896	14	6750
Paraconsistent/Shor/BelnapNFiducial.olean	70	1380	3540	4	3111
Paraconsistent/Shor/BelnapQFT.olean	27	794	1959	0	1700
Paraconsistent/Shor/BelnapRing2048.olean	59	1455	3098	0	2904
Paraconsistent/Shor/BelnapWHMultilattice.olean	350	2729	12028	1	10732
Paraconsistent/Shor/DialetheicOperator.olean	18	735	1462	2	1493
Paraconsistent/Shor/FullPipeline.olean	32	901	2204	2	1830
Paraconsistent/Shor/MZIMesh.olean	14	3166	10251	0	3507
Paraconsistent/Shor/SIC_Multilattice_Proof.olean	117	1926	4942	3	4257
Paraconsistent/StandardModelBelnap.olean	229	6130	24011	0	21317
Paraconsistent/SuperconductingPhase.olean	54	2011	6244	1	6088
Paraconsistent/TenProofs.olean	166	2900	14520	4	5646
Paraconsistent/TernaryTruth.olean	96	1239	5088	1	3817
Paraconsistent/TupleCodec.olean	26	14006	10676	0	13400
ParityIndex.olean	577	24128	135847	1	134586
PhilosophicalSystem.olean	21	1196	6419	0	6485
PowerMath/AbundanceTheorem.olean	16	946	2279	0	2421
PowerMath/AndrewsCurtisTheorem.olean	24	1926	2978	0	4019
PowerMath/ArtinSTheoremOnPrimitiveRoots.olean	21	879	2866	2	3100
PowerMath/BarnetteSTheorem.olean	20	867	2352	0	1965
PowerMath/BerryTaborTheorem.olean	19	814	1442	0	1417
PowerMath/BorelTheorem.olean	14	2172	967	0	2543
PowerMath/BrennanTheorem.olean	8	931	2899	0	3150
PowerMath/BrocardSTheorem.olean	22	793	2173	0	1254
PowerMath/CasasAlveroTheorem.olean	5	804	1694	0	1949
PowerMath/DadeSTheorem.olean	29	791	1479	0	1414
PowerMath/EilenbergGaneaTheorem.olean	8	1046	3542	1	3744
PowerMath/FarrellJonesTheorem.olean	20	896	2440	0	2571
PowerMath/FermatNumberCompositenessTheorem.olean	22	738	1164	0	1262
PowerMath/FugledeSTheorem.olean	6	1525	1250	0	1588
PowerMath/HadamardSMaximalDeterminantTheorem.olean	24	885	1471	0	1454
PowerMath/HadamardTheorem.olean	53	1388	1589	0	2094
PowerMath/HerzogSchNheimTheorem.olean	23	817	1488	0	1435
PowerMath/HilbertArnoldTheorem.olean	4	2246	3395	0	3634
PowerMath/InscribedSquareTheoremToeplitzTheorem.olean	2	1715	1770	0	2252
PowerMath/InvariantSubspaceTheorem.olean	13	985	2835	0	2852
PowerMath/JacobsonSTheorem.olean	20	839	1615	0	1476
PowerMath/KTheTheorem.olean	26	970	1928	0	1769
PowerMath/KaplanskySTheorems.olean	23	886	2580	0	1381
PowerMath/LegendreSTheorem.olean	16	829	1688	0	1712
PowerMath/LehmerSTheorem.olean	13	851	2444	0	1455
PowerMath/LonelyRunnerTheorem.olean	25	850	3390	0	1515
PowerMath/MargulisTheorem.olean	16	721	3055	0	1222
PowerMath/MckayTheorem.olean	1	1679	2750	0	1306
PowerMath/MlcTheorem.olean	18	826	2046	0	1947
PowerMath/NoThreeInLineTheorem.olean	63	1121	862	0	1296
PowerMath/NovikovTheorem.olean	26	824	1516	0	1460
PowerMath/RokhlinSMultipleMixingTheorem.olean	14	1039	4738	0	2772
PowerMath/RotaSBasisTheorem.olean	3	1499	1198	0	1654
PowerMath/SendovSTheorem.olean	11	869	4079	0	2634
PowerMath/SerreSTheoremIi.olean	16	772	3026	0	1365
PowerMath/ShavianDefs.olean	58	1309	5725	1	4533
PowerMath/SmoothFourDimensionalPoincarTheorem.olean	1	1252	766	0	1274
PowerMath/SunflowerTheorem.olean	20	769	1375	0	1357
PowerMath/The1323Theorem.olean	14	796	1497	0	1440
PowerMath/UnionClosedSetsTheorem.olean	14	965	2222	0	2368
PowerMath/WeinsteinTheorem.olean	4	2500	1989	0	3553
PowerMath/ZariskiLipmanTheorem.olean	11	930	2357	0	2485
PrimitiveMismatch.olean	115	2721	15526	0	10787
Primitives/AlchemicalIdentity.olean	9	3093	1515	1	2676
Primitives/BSD_2adic.olean	106	2798	9457	3	7340
Primitives/CLU.olean	296	3224	11227	3	9820
Primitives/Catalog.olean	23	1321	5856	0	5866
Primitives/Core.olean	112	105727	65565	1	120130
Primitives/Crystal.olean	713	40704	156266	10	153954
Primitives/EML.olean	79	2593	12500	1	11532
Primitives/Imscription.olean	906	8212	33040	7	24627
Primitives/Lattice.olean	34	3082	1788	1	3050
Primitives/LinearOrder.olean	1119	14969	61656	14	45424
Primitives/OPN_2adic.olean	648	15218	43590	5	34862
Primitives/SacredVessel.olean	43	1813	17298	0	10399
Primitives/ScrollInvariant.olean	41	989	3196	3	2086
Primitives/TierCrossing.olean	48	1084	2445	1	2131
Primitives/Types/PrimitiveTypeAdo.olean	44	1166	5069	0	2162
Primitives/Types/PrimitiveTypeAge.olean	27	1144	4001	0	2326
Primitives/Types/PrimitiveTypeAh.olean	26	991	2098	0	1891
Primitives/Types/PrimitiveTypeAir.olean	47	940	2047	3	1821
Primitives/Types/PrimitiveTypeAre.olean	35	1266	4120	0	3061
Primitives/Types/PrimitiveTypeArray.olean	95	2801	1824	0	3403
Primitives/Types/PrimitiveTypeAsh.olean	28	1800	4759	0	4785
Primitives/Types/PrimitiveTypeAwe.olean	13	1185	6241	0	1888
Primitives/Types/PrimitiveTypeBib.olean	74	1156	2668	6	2306
Primitives/Types/PrimitiveTypeChurch.olean	9	1421	5852	0	5798
Primitives/Types/PrimitiveTypeDead.olean	19	1539	6415	0	2334
Primitives/Types/PrimitiveTypeEar.olean	39	1933	4410	1	4249
Primitives/Types/PrimitiveTypeEat.olean	55	1226	5081	1	5330
Primitives/Types/PrimitiveTypeEgg.olean	49	1026	2602	4	2000
Primitives/Types/PrimitiveTypeErr.olean	25	1299	7518	1	6654
Primitives/Types/PrimitiveTypeFee.olean	21	1735	5054	0	5109
Primitives/Types/PrimitiveTypeGag.olean	33	3301	2490	0	4030
Primitives/Types/PrimitiveTypeHaHa.olean	5	2745	2347	0	2810
Primitives/Types/PrimitiveTypeHung.olean	9	2068	1941	0	2149
Primitives/Types/PrimitiveTypeIan.olean	52	1289	5673	1	2369
Primitives/Types/PrimitiveTypeIce.olean	19	1442	8062	0	5112
Primitives/Types/PrimitiveTypeIf.olean	18	1522	6093	0	4601
Primitives/Types/PrimitiveTypeJudge.olean	78	1196	2381	1	2299
Primitives/Types/PrimitiveTypeKick.olean	35	1071	2563	0	2045
Primitives/Types/PrimitiveTypeLoll.olean	40	4348	7646	0	4974
Primitives/Types/PrimitiveTypeMeasure.olean	21	1718	9370	0	9325
Primitives/Types/PrimitiveTypeMime.olean	40	1769	5564	0	2467
Primitives/Types/PrimitiveTypeMonad.olean	34	1229	2909	0	2968
Primitives/Types/PrimitiveTypeNun.olean	48	1437	4425	0	4059
Primitives/Types/PrimitiveTypeOak.olean	48	1214	2761	0	2222
Primitives/Types/PrimitiveTypeOil.olean	37	1173	2252	1	1947
Primitives/Types/PrimitiveTypeOn.olean	30	1235	2984	0	2447
Primitives/Types/PrimitiveTypeOoze.olean	27	1756	14312	0	14303
Primitives/Types/PrimitiveTypeOr.olean	56	1229	3571	0	2302
Primitives/Types/PrimitiveTypeOut.olean	50	1336	5177	0	2385
Primitives/Types/PrimitiveTypePeep.olean	41	1461	2694	1	2292
Primitives/Types/PrimitiveTypeRoar.olean	14	1289	7122	0	7345
Primitives/Types/PrimitiveTypeSo.olean	22	1274	6807	1	2547
Primitives/Types/PrimitiveTypeSure.olean	28	1220	2198	1	2089
Primitives/Types/PrimitiveTypeThey.olean	14	1571	6072	0	5999
Primitives/Types/PrimitiveTypeThigh.olean	14	2227	9478	0	9841
Primitives/Types/PrimitiveTypeTot.olean	29	1338	2576	1	2326
Primitives/Types/PrimitiveTypeUp.olean	297	1001	2033	0	2033
Primitives/Types/PrimitiveTypeVow.olean	8	2557	2478	1	3253
Primitives/Types/PrimitiveTypeWoe.olean	25	1392	4008	0	3054
Primitives/Types/PrimitiveTypeWool.olean	18	1604	7396	0	2679
Primitives/Types/PrimitiveTypeYea.olean	25	1172	2024	2	2012
Primitives/Types/PrimitiveTypeYew.olean	37	1397	3509	0	2401
Primitives/Types/PrimitiveTypeZoo.olean	17	1725	4707	0	2606
ProofTheory.olean	119	1686	7795	1	6468
Quantum/ExcitedStates.olean	109	2163	8077	2	7585
Quantum/FibonacciAnyon.olean	25	6362	16849	0	5274
Quantum/FrobeniusDualPOVM.olean	76	2541	16082	0	10171
Quantum/GateObstruction.olean	137	52926	18090	0	21135
Quantum/GrammarPOVM.olean	161	11814	29544	2	13396
Quantum/OVM.olean	282	5972	43236	1	26966
Quantum/PeriodReadout.olean	16	1381	1462	1	1861
Quantum/WindingLattice.olean	37	3598	9705	0	4506
Quersitanus.olean	6	584	1397	0	1448
RotatOpOpcode.olean	19	824	2398	3	1719
Scratch/ProverScratch.olean	12	653	972	0	1056
Scratch/ProverScratchB.olean	8	664	963	0	1148
Seals.olean	44	4674	2686	0	2297
SerpentRod.olean	160	3680	20481	2	10424
SixCoeffFrobenius.olean	62	1752	8028	0	3336
SpectralFace.olean	72	1509	3551	0	3136
TheGrammarAppliedToTheGrammar.olean	19	1213	4393	0	1869
Tier2/CLU_GPM.olean	522	8189	32442	10	22276
TierRefinement.olean	56	2033	9137	0	8887
TimeFixedPoint.olean	57	1104	2853	0	2362
TimeWithinTheStone.olean	220	1440	4695	1	3768
Urbigerus.olean	8	615	1151	0	1211
UsableZeroPointEnergy.olean	18	802	1294	1	1357
VaeVitaScaffold.olean	4	2260	2399	0	2719
VesselContent.olean	174	3622	27789	3	11346
VitalNecrosis.olean	119	772	1398	0	1452
Vox/ProofLift.olean	206	5233	16182	2	13021
at_home_zpe_scaffold.olean	1	457	321	0	530
