Belnap.ofNat_ctorIdx	⊢∈⊤◻⋈◻⋈◻⋈◻⋈⊙⋈⊙⊥⊙⊥◻⋈◻⋈◻⊥◻⋈◻⋈◻⊥◻⋈◻⋈◻⊥◻⋈◻⋈◻∋⊣	clean
Belnap.bnot.eq_4	⊢◻⋈◻⋈◻⋈◻⊣	clean
Belnap.B.sizeOf_spec	⊢◻⋈◻⋈◻⋈◻⋈⊙⋈◻⋈⊙⊣	clean
Belnap.bnot.eq_3	⊢◻⋈◻⋈◻⋈◻⊣	clean
Belnap.T.sizeOf_spec	⊢◻⋈◻⋈◻⋈◻⋈⊙⋈◻⋈⊙⊣	clean
Belnap.bnot.eq_2	⊢◻⋈◻⋈◻⋈◻⊣	clean
Belnap.bnot.eq_1	⊢◻⋈◻⋈◻⋈◻⊣	clean
Belnap.F.sizeOf_spec	⊢◻⋈◻⋈◻⋈◻⋈⊙⋈◻⋈⊙⊣	clean
Belnap.N.sizeOf_spec	⊢◻⋈◻⋈◻⋈◻⋈⊙⋈◻⋈⊙⊣	clean
ParaconsistentFrobeniusClosure.inc_inc_eq_inc	⊢◻⋈⊙⊣	clean
ParaconsistentFrobeniusClosure.B_is_fixed_point	⊢◻⋈◻⋈◻⋈◻⊣	clean
ParaconsistentFrobeniusClosure.inc_band_collapse	⊢∈⊤◻⋈◻⋈◻⋈◻⋈⊙⋈⊙⋈◻⊥⊙⊥◻⋈◻⋈◻⋈◻⋈◻⋈◻⋈◻⋈⊙⋈⊙⋈◻⋈∈⊤◻⋈◻⋈◻⋈◻⋈◻⋈⊙⋈◻⊥⊙⊥◻⋈◻⋈◻⋈◻⋈◻⋈◻⋈◻⋈◻⋈⊙⋈◻⋈◻⋈◻⋈◻⋈◻⋈◻⋈◻⋈⊙⋈≺⋈◻⋈⊙⋈◻⋈⊙⊥◻⋈◻⋈◻⋈◻⋈◻⋈◻⋈◻⋈◻⋈⊙⋈◻⋈◻⋈◻⋈◻⋈◻⋈◻⋈◻⋈⊙⋈≺⋈◻⋈⊙⋈◻⋈⊙⊥◻⋈◻⋈◻⋈◻⋈◻⋈◻⋈◻⋈◻⋈⊙⋈◻⋈◻⋈◻⋈◻⋈◻⋈◻⋈◻⋈⊙⋈≺⋈◻⋈⊙⋈◻⋈⊙⊥◻⋈◻⋈◻⋈◻⋈◻⋈◻⋈◻⋈◻⋈⊙⋈◻⋈◻⋈◻⋈◻⋈◻⋈◻⋈◻⋈⊙⋈≺⋈◻⋈⊙⋈◻⋈⊙⊥◻⋈◻⋈⊙∋⋈⊙⋈≺⋈◻⋈⊙⋈◻⋈⊙⊥◻⋈◻⋈◻⋈◻⋈◻⋈◻⋈◻⋈⊙⋈⊙⋈◻⋈∈⊤◻⋈◻⋈◻⋈◻⋈◻⋈⊙⋈◻⊥⊙⊥◻⋈◻⋈◻⋈◻⋈◻⋈◻⋈◻⋈◻⋈⊙⋈◻⋈◻⋈◻⋈◻⋈◻⋈◻⋈◻⋈⊙⋈≺⋈◻⋈⊙⋈◻⋈⊙⊥◻⋈◻⋈◻⋈◻⋈◻⋈◻⋈◻⋈◻⋈⊙⋈◻⋈◻⋈◻⋈◻⋈◻⋈◻⋈◻⋈⊙⋈≺⋈◻⋈⊙⋈◻⋈⊙⊥◻⋈◻⋈◻⋈◻⋈◻⋈◻⋈◻⋈◻⋈⊙⋈◻⋈◻⋈◻⋈◻⋈◻⋈◻⋈◻⋈⊙⋈≺⋈◻⋈⊙⋈◻⋈⊙⊥◻⋈◻⋈◻⋈◻⋈◻⋈◻⋈◻⋈◻⋈⊙⋈◻⋈◻⋈◻⋈◻⋈◻⋈◻⋈◻⋈⊙⋈≺⋈◻⋈⊙⋈◻⋈⊙⊥◻⋈◻⋈⊙∋⋈⊙⋈≺⋈◻⋈⊙⋈◻⋈⊙⊥◻⋈◻⋈◻⋈◻⋈◻⋈◻⋈◻⋈⊙⋈⊙⋈◻⋈∈⊤◻⋈◻⋈◻⋈◻⋈◻⋈⊙⋈◻⊥⊙⊥◻⋈◻⋈◻⋈◻⋈◻⋈◻⋈◻⋈◻⋈⊙⋈◻⋈◻⋈◻⋈◻⋈◻⋈◻⋈◻⋈⊙⋈≺⋈◻⋈⊙⋈◻⋈⊙⊥◻⋈◻⋈◻⋈◻⋈◻⋈◻⋈◻⋈◻⋈⊙⋈◻⋈◻⋈◻⋈◻⋈◻⋈◻⋈◻⋈⊙⋈≺⋈◻⋈⊙⋈◻⋈⊙⊥◻⋈◻⋈◻⋈◻⋈◻⋈◻⋈◻⋈◻⋈⊙⋈◻⋈◻⋈◻⋈◻⋈◻⋈◻⋈◻⋈⊙⋈≺⋈◻⋈⊙⋈◻⋈⊙⊥◻⋈◻⋈◻⋈◻⋈◻⋈◻⋈◻⋈◻⋈⊙⋈◻⋈◻⋈◻⋈◻⋈◻⋈◻⋈◻⋈⊙⋈≺⋈◻⋈⊙⋈◻⋈⊙⊥◻⋈◻⋈⊙∋⋈⊙⋈≺⋈◻⋈⊙⋈◻⋈⊙⊥◻⋈◻⋈◻⋈◻⋈◻⋈◻⋈◻⋈⊙⋈⊙⋈◻⋈∈⊤◻⋈◻⋈◻⋈◻⋈◻⋈⊙⋈◻⊥⊙⊥◻⋈◻⋈◻⋈◻⋈◻⋈◻⋈◻⋈◻⋈⊙⋈◻⋈◻⋈◻⋈◻⋈◻⋈◻⋈◻⋈⊙⋈≺⋈◻⋈⊙⋈◻⋈⊙⊥◻⋈◻⋈◻⋈◻⋈◻⋈◻⋈◻⋈◻⋈⊙⋈◻⋈◻⋈◻⋈◻⋈◻⋈◻⋈◻⋈⊙⋈≺⋈◻⋈⊙⋈◻⋈⊙⊥◻⋈◻⋈◻⋈◻⋈◻⋈◻⋈◻⋈◻⋈⊙⋈◻⋈◻⋈◻⋈◻⋈◻⋈◻⋈◻⋈⊙⋈≺⋈◻⋈⊙⋈◻⋈⊙⊥◻⋈◻⋈◻⋈◻⋈◻⋈◻⋈◻⋈◻⋈⊙⋈◻⋈◻⋈◻⋈◻⋈◻⋈◻⋈◻⋈⊙⋈≺⋈◻⋈⊙⋈◻⋈⊙⊥◻⋈◻⋈⊙∋⋈⊙⋈≺⋈◻⋈⊙⋈◻⋈⊙⊥◻⋈◻⋈⊙∋⊣	clean
ParaconsistentFrobeniusClosure.inc_bor_collapse	⊢∈⊤◻⋈◻⋈◻⋈◻⋈⊙⋈⊙⋈◻⊥⊙⊥◻⋈◻⋈◻⋈◻⋈◻⋈◻⋈◻⋈⊙⋈⊙⋈◻⋈∈⊤◻⋈◻⋈◻⋈◻⋈◻⋈⊙⋈◻⊥⊙⊥◻⋈◻⋈◻⋈◻⋈◻⋈◻⋈◻⋈◻⋈⊙⋈◻⋈◻⋈◻⋈◻⋈◻⋈◻⋈◻⋈⊙⋈≺⋈◻⋈⊙⋈◻⋈⊙⊥◻⋈◻⋈◻⋈◻⋈◻⋈◻⋈◻⋈◻⋈⊙⋈◻⋈◻⋈◻⋈◻⋈◻⋈◻⋈◻⋈⊙⋈≺⋈◻⋈⊙⋈◻⋈⊙⊥◻⋈◻⋈◻⋈◻⋈◻⋈◻⋈◻⋈◻⋈⊙⋈◻⋈◻⋈◻⋈◻⋈◻⋈◻⋈◻⋈⊙⋈≺⋈◻⋈⊙⋈◻⋈⊙⊥◻⋈◻⋈◻⋈◻⋈◻⋈◻⋈◻⋈◻⋈⊙⋈◻⋈◻⋈◻⋈◻⋈◻⋈◻⋈◻⋈⊙⋈≺⋈◻⋈⊙⋈◻⋈⊙⊥◻⋈◻⋈⊙∋⋈⊙⋈≺⋈◻⋈⊙⋈◻⋈⊙⊥◻⋈◻⋈◻⋈◻⋈◻⋈◻⋈◻⋈⊙⋈⊙⋈◻⋈∈⊤◻⋈◻⋈◻⋈◻⋈◻⋈⊙⋈◻⊥⊙⊥◻⋈◻⋈◻⋈◻⋈◻⋈◻⋈◻⋈◻⋈⊙⋈◻⋈◻⋈◻⋈◻⋈◻⋈◻⋈◻⋈⊙⋈≺⋈◻⋈⊙⋈◻⋈⊙⊥◻⋈◻⋈◻⋈◻⋈◻⋈◻⋈◻⋈◻⋈⊙⋈◻⋈◻⋈◻⋈◻⋈◻⋈◻⋈◻⋈⊙⋈≺⋈◻⋈⊙⋈◻⋈⊙⊥◻⋈◻⋈◻⋈◻⋈◻⋈◻⋈◻⋈◻⋈⊙⋈◻⋈◻⋈◻⋈◻⋈◻⋈◻⋈◻⋈⊙⋈≺⋈◻⋈⊙⋈◻⋈⊙⊥◻⋈◻⋈◻⋈◻⋈◻⋈◻⋈◻⋈◻⋈⊙⋈◻⋈◻⋈◻⋈◻⋈◻⋈◻⋈◻⋈⊙⋈≺⋈◻⋈⊙⋈◻⋈⊙⊥◻⋈◻⋈⊙∋⋈⊙⋈≺⋈◻⋈⊙⋈◻⋈⊙⊥◻⋈◻⋈◻⋈◻⋈◻⋈◻⋈◻⋈⊙⋈⊙⋈◻⋈∈⊤◻⋈◻⋈◻⋈◻⋈◻⋈⊙⋈◻⊥⊙⊥◻⋈◻⋈◻⋈◻⋈◻⋈◻⋈◻⋈◻⋈⊙⋈◻⋈◻⋈◻⋈◻⋈◻⋈◻⋈◻⋈⊙⋈≺⋈◻⋈⊙⋈◻⋈⊙⊥◻⋈◻⋈◻⋈◻⋈◻⋈◻⋈◻⋈◻⋈⊙⋈◻⋈◻⋈◻⋈◻⋈◻⋈◻⋈◻⋈⊙⋈≺⋈◻⋈⊙⋈◻⋈⊙⊥◻⋈◻⋈◻⋈◻⋈◻⋈◻⋈◻⋈◻⋈⊙⋈◻⋈◻⋈◻⋈◻⋈◻⋈◻⋈◻⋈⊙⋈≺⋈◻⋈⊙⋈◻⋈⊙⊥◻⋈◻⋈◻⋈◻⋈◻⋈◻⋈◻⋈◻⋈⊙⋈◻⋈◻⋈◻⋈◻⋈◻⋈◻⋈◻⋈⊙⋈≺⋈◻⋈⊙⋈◻⋈⊙⊥◻⋈◻⋈⊙∋⋈⊙⋈≺⋈◻⋈⊙⋈◻⋈⊙⊥◻⋈◻⋈◻⋈◻⋈◻⋈◻⋈◻⋈⊙⋈⊙⋈◻⋈∈⊤◻⋈◻⋈◻⋈◻⋈◻⋈⊙⋈◻⊥⊙⊥◻⋈◻⋈◻⋈◻⋈◻⋈◻⋈◻⋈◻⋈⊙⋈◻⋈◻⋈◻⋈◻⋈◻⋈◻⋈◻⋈⊙⋈≺⋈◻⋈⊙⋈◻⋈⊙⊥◻⋈◻⋈◻⋈◻⋈◻⋈◻⋈◻⋈◻⋈⊙⋈◻⋈◻⋈◻⋈◻⋈◻⋈◻⋈◻⋈⊙⋈≺⋈◻⋈⊙⋈◻⋈⊙⊥◻⋈◻⋈◻⋈◻⋈◻⋈◻⋈◻⋈◻⋈⊙⋈◻⋈◻⋈◻⋈◻⋈◻⋈◻⋈◻⋈⊙⋈≺⋈◻⋈⊙⋈◻⋈⊙⊥◻⋈◻⋈◻⋈◻⋈◻⋈◻⋈◻⋈◻⋈⊙⋈◻⋈◻⋈◻⋈◻⋈◻⋈◻⋈◻⋈⊙⋈≺⋈◻⋈⊙⋈◻⋈⊙⊥◻⋈◻⋈⊙∋⋈⊙⋈≺⋈◻⋈⊙⋈◻⋈⊙⊥◻⋈◻⋈⊙∋⊣	clean
ParaconsistentFrobeniusClosure.inc_image_singleton	⊢∈⊤◻⋈◻⋈◻⋈⊙⋈◻⋈⊙⊥⊙⊥◻⋈◻⋈◻⋈◻⋈◻⋈◻⋈⊙⋈◻⋈⊙⋈∈⊤◻⋈◻⋈◻⋈◻⋈◻⋈⊙⊥⊙⊥◻⋈◻⋈◻⋈◻⋈◻⋈◻⋈◻⋈◻⋈⊙⋈◻⋈◻⋈◻⋈◻⋈⊙⋈≺⋈◻⋈⊙⋈◻⋈⊙⊥◻⋈◻⋈◻⋈◻⋈◻⋈◻⋈◻⋈◻⋈⊙⋈◻⋈◻⋈◻⋈◻⋈⊙⋈≺⋈◻⋈⊙⋈◻⋈⊙⊥◻⋈◻⋈◻⋈◻⋈◻⋈◻⋈◻⋈◻⋈⊙⋈◻⋈◻⋈◻⋈◻⋈⊙⋈≺⋈◻⋈⊙⋈◻⋈⊙⊥◻⋈◻⋈◻⋈◻⋈◻⋈◻⋈◻⋈◻⋈⊙⋈◻⋈◻⋈◻⋈◻⋈⊙⋈≺⋈◻⋈⊙⋈◻⋈⊙⊥◻⋈◻⋈⊙∋⋈⊙⋈≺⋈◻⋈⊙⋈◻⋈⊙⊥◻⋈◻⋈◻⋈◻⋈◻⋈◻⋈⊙⋈◻⋈⊙⋈∈⊤◻⋈◻⋈◻⋈◻⋈◻⋈⊙⊥⊙⊥◻⋈◻⋈◻⋈◻⋈◻⋈◻⋈◻⋈◻⋈⊙⋈◻⋈◻⋈◻⋈◻⋈⊙⋈≺⋈◻⋈⊙⋈◻⋈⊙⊥◻⋈◻⋈◻⋈◻⋈◻⋈◻⋈◻⋈◻⋈⊙⋈◻⋈◻⋈◻⋈◻⋈⊙⋈≺⋈◻⋈⊙⋈◻⋈⊙⊥◻⋈◻⋈◻⋈◻⋈◻⋈◻⋈◻⋈◻⋈⊙⋈◻⋈◻⋈◻⋈◻⋈⊙⋈≺⋈◻⋈⊙⋈◻⋈⊙⊥◻⋈◻⋈◻⋈◻⋈◻⋈◻⋈◻⋈◻⋈⊙⋈◻⋈◻⋈◻⋈◻⋈⊙⋈≺⋈◻⋈⊙⋈◻⋈⊙⊥◻⋈◻⋈⊙∋⋈⊙⋈≺⋈◻⋈⊙⋈◻⋈⊙⊥◻⋈◻⋈◻⋈◻⋈◻⋈◻⋈⊙⋈◻⋈⊙⋈∈⊤◻⋈◻⋈◻⋈◻⋈◻⋈⊙⊥⊙⊥◻⋈◻⋈◻⋈◻⋈◻⋈◻⋈◻⋈◻⋈⊙⋈◻⋈◻⋈◻⋈◻⋈⊙⋈≺⋈◻⋈⊙⋈◻⋈⊙⊥◻⋈◻⋈◻⋈◻⋈◻⋈◻⋈◻⋈◻⋈⊙⋈◻⋈◻⋈◻⋈◻⋈⊙⋈≺⋈◻⋈⊙⋈◻⋈⊙⊥◻⋈◻⋈◻⋈◻⋈◻⋈◻⋈◻⋈◻⋈⊙⋈◻⋈◻⋈◻⋈◻⋈⊙⋈≺⋈◻⋈⊙⋈◻⋈⊙⊥◻⋈◻⋈◻⋈◻⋈◻⋈◻⋈◻⋈◻⋈⊙⋈◻⋈◻⋈◻⋈◻⋈⊙⋈≺⋈◻⋈⊙⋈◻⋈⊙⊥◻⋈◻⋈⊙∋⋈⊙⋈≺⋈◻⋈⊙⋈◻⋈⊙⊥◻⋈◻⋈◻⋈◻⋈◻⋈◻⋈⊙⋈◻⋈⊙⋈∈⊤◻⋈◻⋈◻⋈◻⋈◻⋈⊙⊥⊙⊥◻⋈◻⋈◻⋈◻⋈◻⋈◻⋈◻⋈◻⋈⊙⋈◻⋈◻⋈◻⋈◻⋈⊙⋈≺⋈◻⋈⊙⋈◻⋈⊙⊥◻⋈◻⋈◻⋈◻⋈◻⋈◻⋈◻⋈◻⋈⊙⋈◻⋈◻⋈◻⋈◻⋈⊙⋈≺⋈◻⋈⊙⋈◻⋈⊙⊥◻⋈◻⋈◻⋈◻⋈◻⋈◻⋈◻⋈◻⋈⊙⋈◻⋈◻⋈◻⋈◻⋈⊙⋈≺⋈◻⋈⊙⋈◻⋈⊙⊥◻⋈◻⋈◻⋈◻⋈◻⋈◻⋈◻⋈◻⋈⊙⋈◻⋈◻⋈◻⋈◻⋈⊙⋈≺⋈◻⋈⊙⋈◻⋈⊙⊥◻⋈◻⋈⊙∋⋈⊙⋈≺⋈◻⋈⊙⋈◻⋈⊙⊥◻⋈◻⋈⊙∋⊣	clean
ParaconsistentFrobeniusClosure.frobenius_roundtrip	⊢◻⋈⊙⊣	clean
ParaconsistentFrobeniusClosure.only_B_is_fixed_point	⊢∈⊤◻⋈◻⋈◻⋈⊙⋈◻⊥⊙⊥◻⋈◻⋈◻⋈◻⋈◻⋈◻⋈⊙⋈◻⋈◻⋈◻⋈◻⋈◻⋈⊙⋈≺⋈◻⋈⊙⋈◻⋈⊙⋈⊙⊥◻⋈◻⋈◻⋈◻⋈◻⋈◻⋈⊙⋈◻⋈◻⋈◻⋈◻⋈◻⋈⊙⋈≺⋈◻⋈⊙⋈◻⋈⊙⋈⊙⊥◻⋈◻⋈◻⋈◻⋈◻⋈◻⋈⊙⋈◻⋈◻⋈◻⋈◻⋈◻⋈⊙⋈≺⋈◻⋈⊙⋈◻⋈⊙⋈⊙⊥◻⋈◻⋈◻⋈◻⋈◻⋈◻⋈⊙⋈◻⋈◻⋈◻⋈◻⋈◻⋈⊙⋈≺⋈◻⋈⊙⋈◻⋈⊙⋈⊙⊥◻⋈◻⋈⊙∋◻≺⋈◻⋈◻⋈⊙⋈◻⋈◻⋈◻⋈◻⋈⊙⋈⊙⋈◻⋈◻⋈◻⋈⊙⋈◻⋈◻⋈◻⋈⊙⋈◻⋈◻⋈◻⋈⊙⋈⊙⋈⊙⋈⊙⊣	clean
ParaconsistentFrobeniusClosure.frobenius_closure	⊢∈⊤◻⋈◻⋈◻⋈◻⋈⊙⋈◻⋈⊙⊥⊙⊥◻⋈◻⋈◻⋈◻⋈◻⋈◻⋈◻⋈⊙⋈◻⋈⊙⋈◻⋈◻⋈◻⋈◻⋈◻⋈⊙⋈≺⋈◻⋈⊙⋈◻⋈⊙⊥◻⋈◻⋈◻⋈◻⋈◻⋈◻⋈◻⋈⊙⋈◻⋈⊙⋈◻⋈◻⋈◻⋈◻⋈◻⋈⊙⋈≺⋈◻⋈⊙⋈◻⋈⊙⊥◻⋈◻⋈◻⋈◻⋈◻⋈◻⋈◻⋈⊙⋈◻⋈⊙⋈◻⋈◻⋈◻⋈◻⋈◻⋈⊙⋈≺⋈◻⋈⊙⋈◻⋈⊙⊥◻⋈◻⋈◻⋈◻⋈◻⋈◻⋈◻⋈⊙⋈◻⋈⊙⋈◻⋈◻⋈◻⋈◻⋈◻⋈⊙⋈≺⋈◻⋈⊙⋈◻⋈⊙⊥◻⋈◻⋈⊙∋⊣	clean
ParaconsistentFrobeniusClosure.inc_always_B	⊢∈⊤◻⋈◻⋈◻⋈⊙⋈◻⊥⊙⊥◻⋈◻⋈◻⋈◻⋈◻⋈◻⋈⊙⋈◻⋈◻⋈◻⋈◻⋈◻⋈⊙⋈≺⋈◻⋈⊙⋈◻⋈⊙⊥◻⋈◻⋈◻⋈◻⋈◻⋈◻⋈⊙⋈◻⋈◻⋈◻⋈◻⋈◻⋈⊙⋈≺⋈◻⋈⊙⋈◻⋈⊙⊥◻⋈◻⋈◻⋈◻⋈◻⋈◻⋈⊙⋈◻⋈◻⋈◻⋈◻⋈◻⋈⊙⋈≺⋈◻⋈⊙⋈◻⋈⊙⊥◻⋈◻⋈◻⋈◻⋈◻⋈◻⋈⊙⋈◻⋈◻⋈◻⋈◻⋈◻⋈⊙⋈≺⋈◻⋈⊙⋈◻⋈⊙⊥◻⋈◻⋈⊙∋⊣	clean
ParaconsistentFrobeniusClosure.B_band_B	⊢◻⋈◻⋈◻⋈◻⋈◻⊣	clean
ParaconsistentFrobeniusClosure.frobenius_closure_complete_verification	⊢◻⋈◻⋈◻⋈◻⋈◻⋈◻⋈◻⋈◻⋈◻⋈◻⋈◻⋈◻⋈◻⋈◻⋈◻⋈◻⋈◻⋈◻⋈◻⋈◻⋈◻⋈◻⋈◻⋈◻⋈◻⋈◻⋈◻⋈◻⋈◻⋈◻⋈◻⋈◻⋈◻⋈◻⋈◻⋈◻⋈◻⋈◻⋈◻⋈◻⋈◻⋈◻⋈◻⋈◻⋈◻⋈◻⋈◻⋈◻⋈◻⋈◻⋈◻⋈◻⋈◻⋈◻⋈◻⋈◻⋈◻⋈◻⋈◻⋈◻⋈◻⋈◻⋈◻⋈◻⋈◻⋈◻⋈◻⋈◻⋈◻⋈◻⋈◻⋈◻⋈◻⋈◻⋈◻⋈◻⋈◻⋈◻⋈◻⋈◻⋈◻⋈◻⋈◻⋈◻⋈◻⋈◻⋈◻⋈◻⋈◻⋈◻⋈◻⋈◻⋈◻⋈◻⋈◻⋈◻⋈◻⋈◻⋈◻⋈◻⋈◻⋈◻⋈◻⋈◻⋈◻⋈◻⋈◻⋈◻⋈◻⋈◻⋈◻⋈◻⋈◻⋈◻⋈◻⋈◻⋈◻⋈◻⋈◻⋈◻⋈◻⋈◻⋈◻⋈◻⋈◻⋈◻⋈◻⋈◻⋈◻⋈◻⋈◻⋈◻⋈◻⋈◻⋈◻⋈◻⋈◻⋈◻⋈◻⋈◻⋈◻⋈◻⋈◻⋈◻⋈◻⋈◻⋈◻⋈◻⋈◻⋈◻⋈◻⋈◻⋈◻⋈◻⋈◻⋈◻⋈◻⋈◻⋈◻⋈◻⋈◻⋈◻⋈◻⋈◻⋈◻⋈◻⋈◻⋈◻⋈◻⋈◻⋈◻⋈◻⋈◻⋈◻⋈◻⋈◻⋈◻⋈◻⋈◻⋈◻⋈◻⋈◻⋈◻⋈◻⋈◻⋈◻⋈◻⋈◻⋈◻⋈◻⋈◻⋈◻⋈◻⋈◻⋈◻⋈◻⋈◻⋈◻⋈◻⋈◻⋈◻⋈◻⋈◻⋈◻⋈◻⋈◻⋈◻⋈◻⋈◻⋈◻⋈◻⋈◻⋈◻⋈◻⋈◻⋈◻⋈◻⋈◻⋈◻⋈◻⋈◻⋈◻⋈◻⋈◻⋈◻⋈◻⋈◻⋈◻⋈◻⋈◻⋈◻⋈◻⋈◻⋈◻⋈◻⋈◻⋈◻⋈◻⋈◻⋈◻⋈◻⋈◻⋈◻⋈◻⋈◻⋈◻⋈◻⋈◻⋈◻⋈◻⋈◻⋈◻⋈◻⋈◻⋈◻⋈◻⋈◻⊣	clean
ParaconsistentFrobeniusClosure.kernel_verification	⊢◻⊣	clean
ParaconsistentFrobeniusClosure.inc_bnot_stable	⊢∈⊤◻⋈◻⋈◻⋈◻⋈⊙⋈◻⋈⊙⊥⊙⊥◻⋈◻⋈◻⋈◻⋈◻⋈◻⋈◻⋈⊙⋈◻⋈⊙⋈◻⋈◻⋈◻⋈◻⋈◻⋈⊙⋈≺⋈◻⋈⊙⋈◻⋈⊙⊥◻⋈◻⋈◻⋈◻⋈◻⋈◻⋈◻⋈⊙⋈◻⋈⊙⋈◻⋈◻⋈◻⋈◻⋈◻⋈⊙⋈≺⋈◻⋈⊙⋈◻⋈⊙⊥◻⋈◻⋈◻⋈◻⋈◻⋈◻⋈◻⋈⊙⋈◻⋈⊙⋈◻⋈◻⋈◻⋈◻⋈◻⋈⊙⋈≺⋈◻⋈⊙⋈◻⋈⊙⊥◻⋈◻⋈◻⋈◻⋈◻⋈◻⋈◻⋈⊙⋈◻⋈⊙⋈◻⋈◻⋈◻⋈◻⋈◻⋈⊙⋈≺⋈◻⋈⊙⋈◻⋈⊙⊥◻⋈◻⋈⊙∋⊣	clean
ParaconsistentFrobeniusClosure.frobenius_closure_decidable	⊢∈⊤◻⋈◻⋈◻⋈◻⋈⊙⋈◻⋈⊙⊥⊙⊥◻⋈◻⋈◻⋈◻⋈◻⋈◻⋈◻⋈⊙⋈◻⋈⊙⋈◻⋈◻⋈◻⋈◻⋈◻⋈◻⋈◻⋈◻⋈◻⋈◻⋈◻⋈◻⋈◻⋈◻⋈◻⋈◻⋈◻⋈◻⋈◻⋈◻⋈◻⋈◻⋈◻⋈◻⋈◻⋈◻⋈◻⋈◻⋈◻⋈◻⋈◻⋈◻⋈◻⋈◻⋈◻⋈⊙⋈≺⋈◻⋈⊙⋈◻⋈⊙⊥◻⋈◻⋈◻⋈◻⋈◻⋈◻⋈◻⋈⊙⋈◻⋈⊙⋈◻⋈◻⋈◻⋈◻⋈◻⋈◻⋈◻⋈◻⋈◻⋈◻⋈◻⋈◻⋈◻⋈◻⋈◻⋈◻⋈◻⋈◻⋈◻⋈◻⋈◻⋈◻⋈◻⋈◻⋈◻⋈◻⋈◻⋈◻⋈◻⋈◻⋈◻⋈◻⋈◻⋈◻⋈◻⋈⊙⋈≺⋈◻⋈⊙⋈◻⋈⊙⊥◻⋈◻⋈◻⋈◻⋈◻⋈◻⋈◻⋈⊙⋈◻⋈⊙⋈◻⋈◻⋈◻⋈◻⋈◻⋈◻⋈◻⋈◻⋈◻⋈◻⋈◻⋈◻⋈◻⋈◻⋈◻⋈◻⋈◻⋈◻⋈◻⋈◻⋈◻⋈◻⋈◻⋈◻⋈◻⋈◻⋈◻⋈◻⋈◻⋈◻⋈◻⋈◻⋈◻⋈◻⋈◻⋈⊙⋈≺⋈◻⋈⊙⋈◻⋈⊙⊥◻⋈◻⋈◻⋈◻⋈◻⋈◻⋈◻⋈⊙⋈◻⋈⊙⋈◻⋈◻⋈◻⋈◻⋈◻⋈◻⋈◻⋈◻⋈◻⋈◻⋈◻⋈◻⋈◻⋈◻⋈◻⋈◻⋈◻⋈◻⋈◻⋈◻⋈◻⋈◻⋈◻⋈◻⋈◻⋈◻⋈◻⋈◻⋈◻⋈◻⋈◻⋈◻⋈◻⋈◻⋈◻⋈⊙⋈≺⋈◻⋈⊙⋈◻⋈⊙⊥◻⋈◻⋈⊙∋⊣	clean
ParaconsistentFrobeniusClosure.inc_band_inc	⊢◻⋈⊙◻◻⋈⊙◻≻⋈◻⋈◻⋈◻⋈◻⋈⊙⋈◻⋈⊙⋈◻⋈◻⋈◻⋈◻⋈◻⋈◻⋈⊙⋈◻⋈◻⋈◻⋈◻⋈◻⋈◻⋈◻⋈⊙⋈◻⋈⊙⋈◻⋈◻⋈◻⋈◻⋈◻⋈◻⋈⊙⋈◻⋈◻⋈◻⋈◻⋈⊙⋈◻⋈◻⋈◻⋈◻⋈⊙⋈◻⋈⊙⋈◻⋈⊙⋈≻⋈◻⋈◻⋈◻⋈◻⋈◻⋈⊙⋈◻⋈◻⋈◻⋈◻⋈◻⋈◻⋈◻⋈◻⋈◻⋈◻⋈◻⋈◻⋈◻⋈◻⋈⊙⋈◻⋈◻⋈◻⋈◻⋈◻⋈◻⋈◻⋈◻⋈◻⋈◻⋈⊙⋈◻⋈◻⋈◻⋈◻⋈◻⋈⊙⋈◻⋈⊙⋈◻⋈◻⋈◻⋈◻⋈◻⊣	clean
ClassicalRestriction.switch_incl_retract	⊢∈⊤◻⋈◻⋈◻⋈◻⋈⊙⋈◻⋈⊙⊥⊙⊥∈⊤◻⋈◻⋈◻⋈◻⋈◻⋈◻⋈◻⋈◻⋈⊙⋈◻⋈⊙⋈⊙⋈◻⋈◻⋈◻⋈◻⋈◻⋈⊙⋈◻⋈⊙⋈⊙⊥⊙⊥◻⋈◻⋈◻⋈◻⋈◻⋈◻⋈◻⋈◻⋈◻⋈◻⋈◻⋈⊙⋈◻⋈⊙⋈⊙⋈◻⋈◻⋈◻⋈◻⋈◻⋈⊙⋈◻⋈⊙⋈⊙⋈◻⋈◻⋈◻⋈◻⋈◻⋈◻⋈◻⋈◻⋈⊙⋈◻⋈◻⋈⊙⋈⊙⋈≺⋈◻⋈⊙⋈◻⋈⊙⋈⊙⊥◻⋈◻⋈◻⋈◻⋈◻⋈◻⋈◻⋈◻⋈◻⋈◻⋈◻⋈⊙⋈◻⋈⊙⋈⊙⋈◻⋈◻⋈◻⋈◻⋈◻⋈⊙⋈◻⋈⊙⋈⊙⋈◻⋈◻⋈◻⋈◻⋈◻⋈◻⋈◻⋈◻⋈⊙⋈◻⋈◻⋈⊙⋈⊙⋈≺⋈◻⋈⊙⋈◻⋈⊙⋈⊙⊥◻⋈◻⋈◻⋈◻⋈◻⋈◻⋈◻⋈◻⋈◻⋈◻⋈◻⋈⊙⋈◻⋈⊙⋈⊙⋈◻⋈◻⋈◻⋈◻⋈◻⋈⊙⋈◻⋈⊙⋈⊙⋈◻⋈◻⋈◻⋈◻⋈◻⋈◻⋈◻⋈◻⋈⊙⋈◻⋈◻⋈⊙⋈⊙⋈≺⋈◻⋈⊙⋈◻⋈⊙⋈⊙⊥◻⋈◻⋈◻⋈◻⋈◻⋈◻⋈◻⋈◻⋈◻⋈◻⋈◻⋈⊙⋈◻⋈⊙⋈⊙⋈◻⋈◻⋈◻⋈◻⋈◻⋈⊙⋈◻⋈⊙⋈⊙⋈◻⋈◻⋈◻⋈◻⋈◻⋈◻⋈◻⋈◻⋈◻⋈◻⋈◻⋈◻⋈◻⋈⊙⋈◻⋈◻⋈⊙⋈◻⋈◻⋈◻⋈◻⋈◻⋈⊙⋈◻⋈◻⋈⊙⋈◻⋈◻⋈◻⋈⊙⋈⊙⋈≺⋈◻⋈⊙⋈◻⋈⊙⋈⊙⊥◻⋈◻⋈⊙∋∋⊣	clean
ClassicalRestriction.truth_switch_left_adjoint_fails	⊢◻⋈◻⋈◻⋈◻⋈◻⋈◻⋈◻⋈◻⋈◻⋈◻⋈◻⋈◻⋈◻⋈◻⋈◻⋈◻⋈◻⋈◻⋈◻⋈◻⋈◻⋈◻⋈◻⋈◻⋈◻⋈◻⋈◻⋈◻⋈◻⋈◻⋈◻⋈◻⋈◻⋈◻⋈◻⋈◻⋈◻⋈◻⋈◻⋈◻⋈◻⋈◻⋈◻⋈◻⋈◻⋈◻⋈◻⋈◻⋈◻⋈◻⋈◻⋈◻⋈◻⋈◻⋈◻⋈◻⋈◻⋈◻⋈◻⋈◻⋈◻⋈◻⋈◻⊣	clean
ClassicalRestriction.switch_monotone_truth	⊢∈⊤◻⋈◻⋈◻⋈◻⋈⊙⋈◻⋈⊙⋈◻⊥⊙⊥◻⋈◻⋈◻⋈◻⋈◻⋈◻⋈◻⋈⊙⋈◻⋈⊙⋈◻⋈∈⊤◻⋈◻⋈◻⋈◻⋈◻⋈◻⋈⊙⋈◻⊥⊙⊥◻⋈◻⋈◻⋈◻⋈◻⋈◻⋈◻⋈◻⋈◻⋈⊙⋈◻⋈◻⋈◻⋈◻⋈◻⋈◻⋈◻⋈◻⋈◻⋈◻⋈◻⋈◻⋈◻⋈◻⋈◻⋈◻⋈◻⋈◻⋈◻⋈◻⋈◻⋈◻⋈◻⋈◻⋈◻⋈◻⋈◻⋈◻⋈◻⋈◻⋈◻⋈◻⋈◻⋈◻⋈◻⋈◻⋈◻⋈◻⋈◻⋈◻⋈◻⋈◻⋈◻⋈◻⋈◻⋈◻⋈◻⋈◻⋈◻⋈◻⋈◻⋈◻⋈◻⋈◻⋈◻⋈◻⋈◻⋈◻⋈◻⋈◻⋈◻⋈◻⋈◻⋈◻⋈◻⋈◻⋈◻⋈◻⋈◻⋈◻⋈◻⋈◻⋈◻⋈◻⋈◻⋈◻⋈◻⋈◻⋈◻⋈◻⋈⊙⋈≺⋈◻⋈⊙⋈◻⋈⊙⊥◻⋈◻⋈◻⋈◻⋈◻⋈◻⋈◻⋈◻⋈◻⋈⊙⋈◻⋈◻⋈◻⋈◻⋈◻⋈◻⋈◻⋈◻⋈◻⋈◻⋈◻⋈◻⋈◻⋈◻⋈◻⋈◻⋈◻⋈◻⋈◻⋈◻⋈◻⋈◻⋈◻⋈◻⋈◻⋈◻⋈◻⋈◻⋈◻⋈◻⋈◻⋈◻⋈◻⋈◻⋈◻⋈◻⋈◻⋈◻⋈◻⋈◻⋈◻⋈◻⋈◻⋈◻⋈◻⋈◻⋈◻⋈◻⋈◻⋈◻⋈◻⋈◻⋈◻⋈◻⋈◻⋈◻⋈◻⋈◻⋈◻⋈◻⋈◻⋈◻⋈◻⋈◻⋈◻⋈◻⋈◻⋈◻⋈◻⋈◻⋈◻⋈◻⋈◻⋈◻⋈◻⋈◻⋈◻⋈◻⋈◻⋈◻⋈⊙⋈≺⋈◻⋈⊙⋈◻⋈⊙⊥◻⋈◻⋈◻⋈◻⋈◻⋈◻⋈◻⋈◻⋈◻⋈⊙⋈◻⋈◻⋈◻⋈◻⋈◻⋈◻⋈◻⋈◻⋈◻⋈◻⋈◻⋈◻⋈◻⋈◻⋈◻⋈◻⋈◻⋈◻⋈◻⋈◻⋈◻⋈◻⋈◻⋈◻⋈◻⋈◻⋈◻⋈◻⋈◻⋈◻⋈◻⋈◻⋈◻⋈◻⋈◻⋈◻⋈◻⋈◻⋈◻⋈◻⋈◻⋈◻⋈◻⋈◻⋈◻⋈◻⋈◻⋈◻⋈◻⋈◻⋈◻⋈◻⋈◻⋈◻⋈◻⋈◻⋈◻⋈◻⋈◻⋈◻⋈◻⋈◻⋈◻⋈◻⋈◻⋈◻⋈◻⋈◻⋈◻⋈◻⋈◻⋈◻⋈◻⋈◻⋈◻⋈◻⋈◻⋈◻⋈◻⋈◻⋈⊙⋈≺⋈◻⋈⊙⋈◻⋈⊙⊥◻⋈◻⋈◻⋈◻⋈◻⋈◻⋈◻⋈◻⋈◻⋈⊙⋈◻⋈◻⋈◻⋈◻⋈◻⋈◻⋈◻⋈◻⋈◻⋈◻⋈◻⋈◻⋈◻⋈◻⋈◻⋈◻⋈◻⋈◻⋈◻⋈◻⋈◻⋈◻⋈◻⋈◻⋈◻⋈◻⋈◻⋈◻⋈◻⋈◻⋈◻⋈◻⋈◻⋈◻⋈◻⋈◻⋈◻⋈◻⋈◻⋈◻⋈◻⋈◻⋈◻⋈◻⋈◻⋈◻⋈◻⋈◻⋈◻⋈◻⋈◻⋈◻⋈◻⋈◻⋈◻⋈◻⋈◻⋈◻⋈◻⋈◻⋈◻⋈◻⋈◻⋈◻⋈◻⋈◻⋈◻⋈◻⋈◻⋈◻⋈◻⋈◻⋈◻⋈◻⋈◻⋈◻⋈◻⋈◻⋈◻⋈◻⋈⊙⋈≺⋈◻⋈⊙⋈◻⋈⊙⊥◻⋈◻⋈⊙∋⋈⊙⋈≺⋈◻⋈⊙⋈◻⋈⊙⊥◻⋈◻⋈◻⋈◻⋈◻⋈◻⋈◻⋈⊙⋈◻⋈⊙⋈◻⋈∈⊤◻⋈◻⋈◻⋈◻⋈◻⋈◻⋈⊙⋈◻⊥⊙⊥◻⋈◻⋈◻⋈◻⋈◻⋈◻⋈◻⋈◻⋈◻⋈⊙⋈◻⋈◻⋈◻⋈◻⋈◻⋈◻⋈◻⋈◻⋈◻⋈◻⋈◻⋈◻⋈◻⋈◻⋈◻⋈◻⋈◻⋈◻⋈◻⋈◻⋈◻⋈◻⋈◻⋈◻⋈◻⋈◻⋈◻⋈◻⋈◻⋈◻⋈◻⋈◻⋈◻⋈◻⋈◻⋈◻⋈◻⋈◻⋈◻⋈◻⋈◻⋈◻⋈◻⋈◻⋈◻⋈◻⋈◻⋈◻⋈◻⋈◻⋈◻⋈◻⋈◻⋈◻⋈◻⋈◻⋈◻⋈◻⋈◻⋈◻⋈◻⋈◻⋈◻⋈◻⋈◻⋈◻⋈◻⋈◻⋈◻⋈◻⋈◻⋈◻⋈◻⋈◻⋈◻⋈◻⋈◻⋈◻⋈◻⋈◻⋈⊙⋈≺⋈◻⋈⊙⋈◻⋈⊙⊥◻⋈◻⋈◻⋈◻⋈◻⋈◻⋈◻⋈◻⋈◻⋈⊙⋈◻⋈◻⋈◻⋈◻⋈◻⋈◻⋈◻⋈◻⋈◻⋈◻⋈◻⋈◻⋈◻⋈◻⋈◻⋈◻⋈◻⋈◻⋈◻⋈◻⋈◻⋈◻⋈◻⋈◻⋈◻⋈◻⋈◻⋈◻⋈◻⋈◻⋈◻⋈◻⋈◻⋈◻⋈◻⋈◻⋈◻⋈◻⋈◻⋈◻⋈◻⋈◻⋈◻⋈◻⋈◻⋈◻⋈◻⋈◻⋈◻⋈◻⋈◻⋈◻⋈◻⋈◻⋈◻⋈◻⋈◻⋈◻⋈◻⋈◻⋈◻⋈◻⋈◻⋈◻⋈◻⋈◻⋈◻⋈◻⋈◻⋈◻⋈◻⋈◻⋈◻⋈◻⋈◻⋈◻⋈◻⋈◻⋈◻⋈◻⋈⊙⋈≺⋈◻⋈⊙⋈◻⋈⊙⊥◻⋈◻⋈◻⋈◻⋈◻⋈◻⋈◻⋈◻⋈◻⋈⊙⋈◻⋈◻⋈◻⋈◻⋈◻⋈◻⋈◻⋈◻⋈◻⋈◻⋈◻⋈◻⋈◻⋈◻⋈◻⋈◻⋈◻⋈◻⋈◻⋈◻⋈◻⋈◻⋈◻⋈◻⋈◻⋈◻⋈◻⋈◻⋈◻⋈◻⋈◻⋈◻⋈◻⋈◻⋈◻⋈◻⋈◻⋈◻⋈◻⋈◻⋈◻⋈◻⋈◻⋈◻⋈◻⋈◻⋈◻⋈◻⋈◻⋈◻⋈◻⋈◻⋈◻⋈◻⋈◻⋈◻⋈◻⋈◻⋈◻⋈◻⋈◻⋈◻⋈◻⋈◻⋈◻⋈◻⋈◻⋈◻⋈◻⋈◻⋈◻⋈◻⋈◻⋈◻⋈◻⋈◻⋈◻⋈◻⋈◻⋈◻⋈⊙⋈≺⋈◻⋈⊙⋈◻⋈⊙⊥◻⋈◻⋈◻⋈◻⋈◻⋈◻⋈◻⋈◻⋈◻⋈⊙⋈◻⋈◻⋈◻⋈◻⋈◻⋈◻⋈◻⋈◻⋈◻⋈◻⋈◻⋈◻⋈◻⋈◻⋈◻⋈◻⋈◻⋈◻⋈◻⋈◻⋈◻⋈◻⋈◻⋈◻⋈◻⋈◻⋈◻⋈◻⋈◻⋈◻⋈◻⋈◻⋈◻⋈◻⋈◻⋈◻⋈◻⋈◻⋈◻⋈◻⋈◻⋈◻⋈◻⋈◻⋈◻⋈◻⋈◻⋈◻⋈◻⋈◻⋈◻⋈◻⋈◻⋈◻⋈◻⋈◻⋈◻⋈◻⋈◻⋈◻⋈◻⋈◻⋈◻⋈◻⋈◻⋈◻⋈◻⋈◻⋈◻⋈◻⋈◻⋈◻⋈◻⋈◻⋈◻⋈◻⋈◻⋈◻⋈◻⋈◻⋈⊙⋈≺⋈◻⋈⊙⋈◻⋈⊙⊥◻⋈◻⋈⊙∋⋈⊙⋈≺⋈◻⋈⊙⋈◻⋈⊙⊥◻⋈◻⋈◻⋈◻⋈◻⋈◻⋈◻⋈⊙⋈◻⋈⊙⋈◻⋈∈⊤◻⋈◻⋈◻⋈◻⋈◻⋈◻⋈⊙⋈◻⊥⊙⊥◻⋈◻⋈◻⋈◻⋈◻⋈◻⋈◻⋈◻⋈◻⋈⊙⋈◻⋈◻⋈◻⋈◻⋈◻⋈◻⋈◻⋈◻⋈◻⋈◻⋈◻⋈◻⋈◻⋈◻⋈◻⋈◻⋈◻⋈◻⋈◻⋈◻⋈◻⋈◻⋈◻⋈◻⋈◻⋈◻⋈◻⋈◻⋈◻⋈◻⋈◻⋈◻⋈◻⋈◻⋈◻⋈◻⋈◻⋈◻⋈◻⋈◻⋈◻⋈◻⋈◻⋈◻⋈◻⋈◻⋈◻⋈◻⋈◻⋈◻⋈◻⋈◻⋈◻⋈◻⋈◻⋈◻⋈◻⋈◻⋈◻⋈◻⋈◻⋈◻⋈◻⋈◻⋈◻⋈◻⋈◻⋈◻⋈◻⋈◻⋈◻⋈◻⋈◻⋈◻⋈◻⋈◻⋈◻⋈◻⋈◻⋈◻⋈⊙⋈≺⋈◻⋈⊙⋈◻⋈⊙⊥◻⋈◻⋈◻⋈◻⋈◻⋈◻⋈◻⋈◻⋈◻⋈⊙⋈◻⋈◻⋈◻⋈◻⋈◻⋈◻⋈◻⋈◻⋈◻⋈◻⋈◻⋈◻⋈◻⋈◻⋈◻⋈◻⋈◻⋈◻⋈◻⋈◻⋈◻⋈◻⋈◻⋈◻⋈◻⋈◻⋈◻⋈◻⋈◻⋈◻⋈◻⋈◻⋈◻⋈◻⋈◻⋈◻⋈◻⋈◻⋈◻⋈◻⋈◻⋈◻⋈◻⋈◻⋈◻⋈◻⋈◻⋈◻⋈◻⋈◻⋈◻⋈◻⋈◻⋈◻⋈◻⋈◻⋈◻⋈◻⋈◻⋈◻⋈◻⋈◻⋈◻⋈◻⋈◻⋈◻⋈◻⋈◻⋈◻⋈◻⋈◻⋈◻⋈◻⋈◻⋈◻⋈◻⋈◻⋈◻⋈◻⋈◻⋈⊙⋈≺⋈◻⋈⊙⋈◻⋈⊙⊥◻⋈◻⋈◻⋈◻⋈◻⋈◻⋈◻⋈◻⋈◻⋈⊙⋈◻⋈◻⋈◻⋈◻⋈◻⋈◻⋈◻⋈◻⋈◻⋈◻⋈◻⋈◻⋈◻⋈◻⋈◻⋈◻⋈◻⋈◻⋈◻⋈◻⋈◻⋈◻⋈◻⋈◻⋈◻⋈◻⋈◻⋈◻⋈◻⋈◻⋈◻⋈◻⋈◻⋈◻⋈◻⋈◻⋈◻⋈◻⋈◻⋈◻⋈◻⋈◻⋈◻⋈◻⋈◻⋈◻⋈◻⋈◻⋈◻⋈◻⋈◻⋈◻⋈◻⋈◻⋈◻⋈◻⋈◻⋈◻⋈◻⋈◻⋈◻⋈◻⋈◻⋈◻⋈◻⋈◻⋈◻⋈◻⋈◻⋈◻⋈◻⋈◻⋈◻⋈◻⋈◻⋈◻⋈◻⋈◻⋈◻⋈◻⋈⊙⋈≺⋈◻⋈⊙⋈◻⋈⊙⊥◻⋈◻⋈◻⋈◻⋈◻⋈◻⋈◻⋈◻⋈◻⋈⊙⋈◻⋈◻⋈◻⋈◻⋈◻⋈◻⋈◻⋈◻⋈◻⋈◻⋈◻⋈◻⋈◻⋈◻⋈◻⋈◻⋈◻⋈◻⋈◻⋈◻⋈◻⋈◻⋈◻⋈◻⋈◻⋈◻⋈◻⋈◻⋈◻⋈◻⋈◻⋈◻⋈◻⋈◻⋈◻⋈◻⋈◻⋈◻⋈◻⋈◻⋈◻⋈◻⋈◻⋈◻⋈◻⋈◻⋈◻⋈◻⋈◻⋈◻⋈◻⋈◻⋈◻⋈◻⋈◻⋈◻⋈◻⋈◻⋈◻⋈◻⋈◻⋈◻⋈◻⋈◻⋈◻⋈◻⋈◻⋈◻⋈◻⋈◻⋈◻⋈◻⋈◻⋈◻⋈◻⋈◻⋈◻⋈◻⋈◻⋈◻⋈⊙⋈≺⋈◻⋈⊙⋈◻⋈⊙⊥◻⋈◻⋈⊙∋⋈⊙⋈≺⋈◻⋈⊙⋈◻⋈⊙⊥◻⋈◻⋈◻⋈◻⋈◻⋈◻⋈◻⋈⊙⋈◻⋈⊙⋈◻⋈∈⊤◻⋈◻⋈◻⋈◻⋈◻⋈◻⋈⊙⋈◻⊥⊙⊥◻⋈◻⋈◻⋈◻⋈◻⋈◻⋈◻⋈◻⋈◻⋈⊙⋈◻⋈◻⋈◻⋈◻⋈◻⋈◻⋈◻⋈◻⋈◻⋈◻⋈◻⋈◻⋈◻⋈◻⋈◻⋈◻⋈◻⋈◻⋈◻⋈◻⋈◻⋈◻⋈◻⋈◻⋈◻⋈◻⋈◻⋈◻⋈◻⋈◻⋈◻⋈◻⋈◻⋈◻⋈◻⋈◻⋈◻⋈◻⋈◻⋈◻⋈◻⋈◻⋈◻⋈◻⋈◻⋈◻⋈◻⋈◻⋈◻⋈◻⋈◻⋈◻⋈◻⋈◻⋈◻⋈◻⋈◻⋈◻⋈◻⋈◻⋈◻⋈◻⋈◻⋈◻⋈◻⋈◻⋈◻⋈◻⋈◻⋈◻⋈◻⋈◻⋈◻⋈◻⋈◻⋈◻⋈◻⋈◻⋈◻⋈◻⋈⊙⋈≺⋈◻⋈⊙⋈◻⋈⊙⊥◻⋈◻⋈◻⋈◻⋈◻⋈◻⋈◻⋈◻⋈◻⋈⊙⋈◻⋈◻⋈◻⋈◻⋈◻⋈◻⋈◻⋈◻⋈◻⋈◻⋈◻⋈◻⋈◻⋈◻⋈◻⋈◻⋈◻⋈◻⋈◻⋈◻⋈◻⋈◻⋈◻⋈◻⋈◻⋈◻⋈◻⋈◻⋈◻⋈◻⋈◻⋈◻⋈◻⋈◻⋈◻⋈◻⋈◻⋈◻⋈◻⋈◻⋈◻⋈◻⋈◻⋈◻⋈◻⋈◻⋈◻⋈◻⋈◻⋈◻⋈◻⋈◻⋈◻⋈◻⋈◻⋈◻⋈◻⋈◻⋈◻⋈◻⋈◻⋈◻⋈◻⋈◻⋈◻⋈◻⋈◻⋈◻⋈◻⋈◻⋈◻⋈◻⋈◻⋈◻⋈◻⋈◻⋈◻⋈◻⋈◻⋈◻⋈⊙⋈≺⋈◻⋈⊙⋈◻⋈⊙⊥◻⋈◻⋈◻⋈◻⋈◻⋈◻⋈◻⋈◻⋈◻⋈⊙⋈◻⋈◻⋈◻⋈◻⋈◻⋈◻⋈◻⋈◻⋈◻⋈◻⋈◻⋈◻⋈◻⋈◻⋈◻⋈◻⋈◻⋈◻⋈◻⋈◻⋈◻⋈◻⋈◻⋈◻⋈◻⋈◻⋈◻⋈◻⋈◻⋈◻⋈◻⋈◻⋈◻⋈◻⋈◻⋈◻⋈◻⋈◻⋈◻⋈◻⋈◻⋈◻⋈◻⋈◻⋈◻⋈◻⋈◻⋈◻⋈◻⋈◻⋈◻⋈◻⋈◻⋈◻⋈◻⋈◻⋈◻⋈◻⋈◻⋈◻⋈◻⋈◻⋈◻⋈◻⋈◻⋈◻⋈◻⋈◻⋈◻⋈◻⋈◻⋈◻⋈◻⋈◻⋈◻⋈◻⋈◻⋈◻⋈◻⋈◻⋈⊙⋈≺⋈◻⋈⊙⋈◻⋈⊙⊥◻⋈◻⋈◻⋈◻⋈◻⋈◻⋈◻⋈◻⋈◻⋈⊙⋈◻⋈◻⋈◻⋈◻⋈◻⋈◻⋈◻⋈◻⋈◻⋈◻⋈◻⋈◻⋈◻⋈◻⋈◻⋈◻⋈◻⋈◻⋈◻⋈◻⋈◻⋈◻⋈◻⋈◻⋈◻⋈◻⋈◻⋈◻⋈◻⋈◻⋈◻⋈◻⋈◻⋈◻⋈◻⋈◻⋈◻⋈◻⋈◻⋈◻⋈◻⋈◻⋈◻⋈◻⋈◻⋈◻⋈◻⋈◻⋈◻⋈◻⋈◻⋈◻⋈◻⋈◻⋈◻⋈◻⋈◻⋈◻⋈◻⋈◻⋈◻⋈◻⋈◻⋈◻⋈◻⋈◻⋈◻⋈◻⋈◻⋈◻⋈◻⋈◻⋈◻⋈◻⋈◻⋈◻⋈◻⋈◻⋈◻⋈◻⋈⊙⋈≺⋈◻⋈⊙⋈◻⋈⊙⊥◻⋈◻⋈⊙∋⋈⊙⋈≺⋈◻⋈⊙⋈◻⋈⊙⊥◻⋈◻⋈⊙∋⊣	clean
ClassicalRestriction.frobenius_closure_inexpressible_classically	⊢∈⊤◻⊥⊙⊥◻⋈◻⋈◻⋈◻⋈⊙⋈◻⋈◻⋈◻⋈◻⋈◻⋈◻⋈◻⋈◻⋈◻⋈◻⋈◻⋈◻⋈◻⋈◻⋈◻⋈◻⋈◻⋈◻⋈◻⋈◻⋈◻⋈◻⋈◻⋈◻⋈◻⋈◻⋈◻⋈◻⋈◻⋈◻⋈◻⋈◻⋈◻⋈◻⋈◻◻⊙⋈⊙◻◻⋈◻⋈◻⋈◻⋈◻⋈⊙⋈◻⋈◻⋈◻⋈◻⋈◻◻◻⋈◻⋈◻⋈◻⋈⊙⋈◻⋈⊙⋈⊙⋈◻⋈◻⋈◻⋈◻⋈⊙⋈⊙⋈◻⋈◻⋈⊙⋈◻⋈◻⋈◻⋈⊙⋈⊙⋈◻⋈◻⋈◻⋈◻⋈◻⋈⊙⋈◻⋈◻⋈◻⋈◻⋈⊙⋈⊙⋈⊙⋈⊙⋈⊙∋⊣	clean
ClassicalRestriction.truth_incl_left_adjoint	⊢∈⊤◻⋈◻⋈◻⋈⊙⋈⊙⋈◻⋈⊙⋈◻⋈⊙⊥⊙⊥◻⋈◻⋈◻⋈◻⋈◻⋈◻⋈⊙⋈⊙⋈◻⋈⊙⋈◻⋈⊙⋈∈⊤◻⋈◻⋈◻⋈◻⋈⊙⋈◻⋈◻⋈◻⋈⊙⊥⊙⊥◻⋈◻⋈◻⋈◻⋈◻⋈◻⋈◻⋈⊙⋈◻⋈◻⋈◻⋈⊙⋈◻⋈◻⋈◻⋈◻⋈◻⋈⊙⋈≺⋈◻⋈⊙⋈◻⋈⊙⊥◻⋈◻⋈◻⋈◻⋈◻⋈◻⋈◻⋈⊙⋈◻⋈◻⋈◻⋈⊙⋈◻⋈◻⋈◻⋈◻⋈◻⋈⊙⋈≺⋈◻⋈⊙⋈◻⋈⊙⊥◻⋈◻⋈◻⋈◻⋈◻⋈◻⋈◻⋈⊙⋈◻⋈◻⋈◻⋈⊙⋈◻⋈◻⋈◻⋈◻⋈◻⋈⊙⋈≺⋈◻⋈⊙⋈◻⋈⊙⊥◻⋈◻⋈◻⋈◻⋈◻⋈◻⋈◻⋈⊙⋈◻⋈◻⋈◻⋈⊙⋈◻⋈◻⋈◻⋈◻⋈◻⋈⊙⋈≺⋈◻⋈⊙⋈◻⋈⊙⊥◻⋈◻⋈⊙∋⋈⊙⋈≺⋈◻⋈⊙⋈◻⋈⊙⋈⊙⊥◻⋈◻⋈◻⋈◻⋈◻⋈◻⋈⊙⋈⊙⋈◻⋈⊙⋈◻⋈⊙⋈∈⊤◻⋈◻⋈◻⋈◻⋈⊙⋈◻⋈◻⋈◻⋈⊙⊥⊙⊥◻⋈◻⋈◻⋈◻⋈◻⋈◻⋈◻⋈⊙⋈◻⋈◻⋈◻⋈⊙⋈◻⋈◻⋈◻⋈◻⋈◻⋈⊙⋈≺⋈◻⋈⊙⋈◻⋈⊙⊥◻⋈◻⋈◻⋈◻⋈◻⋈◻⋈◻⋈⊙⋈◻⋈◻⋈◻⋈⊙⋈◻⋈◻⋈◻⋈◻⋈◻⋈⊙⋈≺⋈◻⋈⊙⋈◻⋈⊙⊥◻⋈◻⋈◻⋈◻⋈◻⋈◻⋈◻⋈⊙⋈◻⋈◻⋈◻⋈⊙⋈◻⋈◻⋈◻⋈◻⋈◻⋈⊙⋈≺⋈◻⋈⊙⋈◻⋈⊙⊥◻⋈◻⋈◻⋈◻⋈◻⋈◻⋈◻⋈⊙⋈◻⋈◻⋈◻⋈⊙⋈◻⋈◻⋈◻⋈◻⋈◻⋈⊙⋈≺⋈◻⋈⊙⋈◻⋈⊙⊥◻⋈◻⋈⊙∋⋈⊙⋈≺⋈◻⋈⊙⋈◻⋈⊙⋈⊙⊥◻⋈◻⋈◻⋈◻⋈◻⋈◻⋈⊙⋈⊙⋈◻⋈⊙⋈◻⋈⊙⋈∈⊤◻⋈◻⋈◻⋈◻⋈⊙⋈◻⋈◻⋈◻⋈⊙⊥⊙⊥◻⋈◻⋈◻⋈◻⋈◻⋈◻⋈◻⋈⊙⋈◻⋈◻⋈◻⋈⊙⋈◻⋈◻⋈◻⋈◻⋈◻⋈⊙⋈≺⋈◻⋈⊙⋈◻⋈⊙⊥◻⋈◻⋈◻⋈◻⋈◻⋈◻⋈◻⋈⊙⋈◻⋈◻⋈◻⋈⊙⋈◻⋈◻⋈◻⋈◻⋈◻⋈⊙⋈≺⋈◻⋈⊙⋈◻⋈⊙⊥◻⋈◻⋈◻⋈◻⋈◻⋈◻⋈◻⋈⊙⋈◻⋈◻⋈◻⋈⊙⋈◻⋈◻⋈◻⋈◻⋈◻⋈⊙⋈≺⋈◻⋈⊙⋈◻⋈⊙⊥◻⋈◻⋈◻⋈◻⋈◻⋈◻⋈◻⋈⊙⋈◻⋈◻⋈◻⋈⊙⋈◻⋈◻⋈◻⋈◻⋈◻⋈⊙⋈≺⋈◻⋈⊙⋈◻⋈⊙⊥◻⋈◻⋈⊙∋⋈⊙⋈≺⋈◻⋈⊙⋈◻⋈⊙⋈⊙⊥◻⋈◻⋈◻⋈◻⋈◻⋈◻⋈⊙⋈⊙⋈◻⋈⊙⋈◻⋈⊙⋈◻⋈◻⋈◻⋈◻⋈◻⋈◻⋈◻⋈◻⋈◻⋈⊙⋈◻⋈◻⋈◻⋈⊙⋈◻⋈◻⋈◻⋈⊙⋈⊙⋈≺⋈◻⋈⊙⋈◻⋈⊙⋈⊙⊥◻⋈◻⋈⊙∋⊣	clean
ClassicalRestriction.classical_proper_subcategory	⊢∈⊤◻⊥◻⋈◻⋈◻⋈⊙⋈◻⊥◻⊥⊙⋈◻⊥◻⋈◻⋈◻⋈◻⋈⊙⋈◻⋈⊙⋈⊙∋⊣	clean
ClassicalRestriction.info_incl_left_adjoint_fails	⊢◻⋈◻⋈◻⋈◻⋈◻⋈◻⋈◻⋈◻⋈◻⋈◻⋈◻⋈◻⋈◻⋈◻⋈◻⋈◻⋈◻⋈◻⋈◻⋈◻⋈◻⋈◻⋈◻⋈◻⋈◻⋈◻⋈◻⋈◻⋈◻⋈◻⋈◻⋈◻⋈◻⋈◻⋈◻⋈◻⋈◻⋈◻⋈◻⋈◻⋈◻⋈◻⋈◻⋈◻⋈◻⋈◻⋈◻⋈◻⋈◻⋈◻⋈◻⋈◻⋈◻⋈◻⋈◻⋈◻⋈◻⋈◻⋈◻⋈◻⋈◻⋈◻⋈◻⊣	clean
ClassicalRestriction.B_not_in_image	⊢∈⊤◻⋈◻⋈◻⋈⊙⋈◻⊥⊙⊥⊙∋⊣	clean
ClassicalRestriction.B_not_classical	⊢◻⋈◻⋈◻⋈◻⋈◻⋈◻⋈◻⋈◻⋈◻⋈◻⋈◻⋈◻⋈◻⋈◻⋈◻⋈◻⋈◻⋈◻⋈◻⋈◻⋈◻⋈◻⋈◻⋈◻⋈◻⋈◻⋈◻⋈◻⋈◻⋈◻⋈◻⋈◻⋈◻⋈◻⋈◻⋈◻⋈◻⊣	clean
ClassicalRestriction.T_is_classical	⊢◻⋈◻⋈◻⋈◻⋈◻⋈◻⋈◻⋈◻⋈◻⋈◻⋈◻⋈◻⋈◻⋈◻⋈◻⋈◻⋈◻⋈◻⋈◻⋈◻⋈◻⋈◻⋈◻⋈◻⋈◻⋈◻⋈◻⋈◻⋈◻⊣	clean
ClassicalRestriction.F_not_bnot_fixed	⊢◻⋈◻⋈◻⋈◻⋈◻⋈◻⋈◻⋈◻⋈◻⋈◻⋈◻⋈◻⋈◻⋈◻⋈◻⋈◻⋈◻⋈◻⋈◻⋈◻⋈◻⋈◻⋈◻⋈◻⋈◻⋈◻⋈◻⋈◻⋈◻⋈◻⋈◻⋈◻⋈◻⋈◻⋈◻⋈◻⋈◻⋈◻⋈◻⊣	clean
ClassicalRestriction.classical_is_constrained_subcategory	⊢◻⋈◻⋈◻⋈◻⋈◻⋈◻⋈◻⋈◻⋈◻⋈◻⋈◻⋈◻⋈◻⋈◻⋈◻⋈⊙⋈◻⋈◻⋈◻⋈◻⋈◻⋈◻⋈◻⋈◻⋈⊙⋈⊙⋈◻⋈◻⋈⊙⋈◻⋈◻⋈◻⋈◻⋈⊙⋈⊙⋈◻⋈◻⋈⊙⋈◻⋈◻⋈◻⋈◻⋈◻⋈◻⋈◻⋈◻⋈◻⋈◻⋈◻⋈◻⋈◻⋈◻⋈◻⋈◻⋈◻⋈⊙⋈◻⋈◻⋈◻⋈◻⋈◻⋈◻⋈◻⋈◻⋈⊙⋈⊙⋈◻⋈◻⋈⊙⋈◻⋈◻⋈◻⋈◻⋈⊙⋈⊙⋈◻⋈◻⋈⊙⋈◻⋈◻⋈◻⋈◻⋈◻⋈◻⋈◻⋈◻⋈◻⋈⊙⋈⊙⋈◻⋈◻⋈⊙⋈◻⋈◻⋈◻⋈◻⋈⊙⋈⊙⋈◻⋈◻⋈⊙⋈◻⋈◻⋈◻⊣	clean
ClassicalRestriction.inc_lands_outside_classical	⊢≻⋈◻⋈◻⋈◻⋈⊙⋈◻⋈⊙⋈◻⋈◻⋈◻⋈⊙⋈◻⋈◻⋈◻⋈◻⋈◻⋈◻⋈⊙⋈◻⋈⊙⋈◻⋈◻⋈◻⋈⊙⋈◻⋈◻⋈◻⋈◻⋈⊙⋈◻⋈◻⋈◻⋈◻⋈⊙⋈⊙⋈◻⋈⊙⋈◻⋈◻⋈◻⋈◻⋈⊙⋈◻⋈⊙⊣	clean
ClassicalRestriction.T_not_bnot_fixed	⊢◻⋈◻⋈◻⋈◻⋈◻⋈◻⋈◻⋈◻⋈◻⋈◻⋈◻⋈◻⋈◻⋈◻⋈◻⋈◻⋈◻⋈◻⋈◻⋈◻⋈◻⋈◻⋈◻⋈◻⋈◻⋈◻⋈◻⋈◻⋈◻⋈◻⋈◻⋈◻⋈◻⋈◻⋈◻⋈◻⋈◻⋈◻⋈◻⊣	clean
ClassicalRestriction.classicalSwitch_image_is_classical	⊢∈⊤◻⋈◻⋈◻⋈⊙⋈◻⊥⊙⊥◻⋈◻⋈◻⋈◻⋈◻⋈◻⋈⊙⋈◻⋈◻⋈◻⋈◻⋈◻⋈◻⋈◻⋈◻⋈◻⋈◻⋈◻⋈◻⋈◻⋈◻⋈◻⋈◻⋈◻⋈◻⋈◻⋈◻⋈◻⋈◻⋈◻⋈◻⋈◻⋈◻⋈◻⋈◻⋈◻⋈◻⋈◻⋈◻⋈◻⋈◻⋈◻⋈◻⋈◻⋈◻⋈◻⋈◻⋈⊙⋈≺⋈◻⋈⊙⋈◻⋈⊙⊥◻⋈◻⋈◻⋈◻⋈◻⋈◻⋈⊙⋈◻⋈◻⋈◻⋈◻⋈◻⋈◻⋈◻⋈◻⋈◻⋈◻⋈◻⋈◻⋈◻⋈◻⋈◻⋈◻⋈◻⋈◻⋈◻⋈◻⋈◻⋈◻⋈◻⋈◻⋈◻⋈◻⋈◻⋈◻⋈◻⋈◻⋈◻⋈◻⋈◻⋈◻⋈◻⋈◻⋈◻⋈◻⋈◻⋈◻⋈⊙⋈≺⋈◻⋈⊙⋈◻⋈⊙⊥◻⋈◻⋈◻⋈◻⋈◻⋈◻⋈⊙⋈◻⋈◻⋈◻⋈◻⋈◻⋈◻⋈◻⋈◻⋈◻⋈◻⋈◻⋈◻⋈◻⋈◻⋈◻⋈◻⋈◻⋈◻⋈◻⋈◻⋈◻⋈◻⋈◻⋈◻⋈◻⋈◻⋈◻⋈◻⋈◻⋈◻⋈◻⋈◻⋈◻⋈◻⋈◻⋈◻⋈◻⋈◻⋈◻⋈◻⋈⊙⋈≺⋈◻⋈⊙⋈◻⋈⊙⊥◻⋈◻⋈◻⋈◻⋈◻⋈◻⋈⊙⋈◻⋈◻⋈◻⋈◻⋈◻⋈◻⋈◻⋈◻⋈◻⋈◻⋈◻⋈◻⋈◻⋈◻⋈◻⋈◻⋈◻⋈◻⋈◻⋈◻⋈◻⋈◻⋈◻⋈◻⋈◻⋈◻⋈◻⋈◻⋈◻⋈◻⋈◻⋈◻⋈◻⋈◻⋈◻⋈◻⋈◻⋈◻⋈◻⋈◻⋈⊙⋈≺⋈◻⋈⊙⋈◻⋈⊙⊥◻⋈◻⋈⊙∋⊣	clean
ClassicalRestriction.classical_coreflective_in_truth_order	⊢◻⋈◻⋈◻⋈◻⋈◻⋈⊙⋈◻⋈⊙⋈◻⋈◻⋈◻⋈◻⋈⊙⋈⊙⋈◻⋈⊙⋈◻⋈⊙⋈◻⋈◻⋈◻⋈◻⋈◻⋈◻⋈◻⋈◻⋈◻⋈◻⋈◻⋈◻⋈◻⋈◻⋈◻⋈◻⋈◻⋈◻⋈◻⋈◻⋈◻⋈◻⋈◻⋈◻⋈⊙⋈⊙⋈◻⋈⊙⋈◻⋈⊙⋈◻⋈◻⋈◻⋈◻⋈◻⋈◻⋈◻⋈◻⋈◻⋈◻⋈◻⋈◻⋈◻⋈◻⋈◻⋈◻⋈◻⋈◻⋈◻⋈◻⋈◻⋈◻⋈◻⋈◻⋈◻⋈◻⋈◻⋈◻⋈◻⋈◻⋈◻⋈◻⋈◻⋈◻⋈◻⋈◻⋈◻⋈◻⋈◻⋈◻⋈◻⊣	clean
ClassicalRestriction.N_is_classical	⊢◻⋈◻⋈◻⋈◻⋈◻⋈◻⋈◻⋈◻⋈◻⋈◻⋈◻⋈◻⋈◻⋈◻⋈◻⋈◻⋈◻⋈◻⋈◻⋈◻⋈◻⋈◻⋈◻⋈◻⋈◻⋈◻⋈◻⋈◻⋈◻⊣	clean
ClassicalRestriction.F_is_classical	⊢◻⋈◻⋈◻⋈◻⋈◻⋈◻⋈◻⋈◻⋈◻⋈◻⋈◻⋈◻⋈◻⋈◻⋈◻⋈◻⋈◻⋈◻⋈◻⋈◻⋈◻⋈◻⋈◻⋈◻⋈◻⋈◻⋈◻⋈◻⋈◻⊣	clean
ClassicalRestriction.classicalSwitch_fixes_iff_classical	⊢∈⊤◻⋈◻⋈◻⋈◻⋈⊙⋈⊙⋈◻⋈◻⋈⊙⋈◻⊥⊙⊥◻⋈◻⋈◻⋈◻⋈◻⋈◻⋈◻⋈⊙⋈⊙⋈◻⋈◻⋈⊙⋈◻⋈◻⋈◻⋈◻⋈◻⋈◻⋈◻⋈◻⋈◻⋈◻⋈◻⋈◻⋈◻⋈◻⋈◻⋈◻⋈◻⋈◻⋈◻⋈◻⋈◻⋈◻⋈◻⋈◻⋈◻⋈◻⋈◻⋈◻⋈◻⋈◻⋈◻⋈◻⋈◻⋈◻⋈◻⋈◻⋈◻⋈◻⋈◻⋈◻⋈◻⋈◻⋈◻⋈◻⋈◻⋈◻⋈◻⋈◻⋈◻⋈◻⋈◻⋈◻⋈◻⋈◻⋈◻⋈◻⋈◻⋈◻⋈◻⋈◻⋈◻⋈◻⋈◻⋈◻⋈◻⋈◻⋈◻⋈◻⋈◻⋈◻⋈◻⋈◻⋈◻⋈◻⋈⊙⋈≺⋈◻⋈⊙⋈◻⋈⊙⊥◻⋈◻⋈◻⋈◻⋈◻⋈◻⋈◻⋈⊙⋈⊙⋈◻⋈◻⋈⊙⋈◻⋈◻⋈◻⋈◻⋈◻⋈◻⋈◻⋈◻⋈◻⋈◻⋈◻⋈◻⋈◻⋈◻⋈◻⋈◻⋈◻⋈◻⋈◻⋈◻⋈◻⋈◻⋈◻⋈◻⋈◻⋈◻⋈◻⋈◻⋈◻⋈◻⋈◻⋈◻⋈◻⋈◻⋈◻⋈◻⋈◻⋈◻⋈◻⋈◻⋈◻⋈◻⋈◻⋈◻⋈◻⋈◻⋈◻⋈◻⋈◻⋈◻⋈◻⋈◻⋈◻⋈◻⋈◻⋈◻⋈◻⋈◻⋈◻⋈◻⋈◻⋈◻⋈◻⋈◻⋈◻⋈◻⋈◻⋈◻⋈◻⋈◻⋈◻⋈◻⋈◻⋈◻⋈⊙⋈≺⋈◻⋈⊙⋈◻⋈⊙⊥◻⋈◻⋈◻⋈◻⋈◻⋈◻⋈◻⋈⊙⋈⊙⋈◻⋈◻⋈⊙⋈◻⋈◻⋈◻⋈◻⋈◻⋈◻⋈◻⋈◻⋈◻⋈◻⋈◻⋈◻⋈◻⋈◻⋈◻⋈◻⋈◻⋈◻⋈◻⋈◻⋈◻⋈◻⋈◻⋈◻⋈◻⋈◻⋈◻⋈◻⋈◻⋈◻⋈◻⋈◻⋈◻⋈◻⋈◻⋈◻⋈◻⋈◻⋈◻⋈◻⋈◻⋈◻⋈◻⋈◻⋈◻⋈◻⋈◻⋈◻⋈◻⋈◻⋈◻⋈◻⋈◻⋈◻⋈◻⋈◻⋈◻⋈◻⋈◻⋈◻⋈◻⋈◻⋈◻⋈◻⋈◻⋈◻⋈◻⋈◻⋈◻⋈◻⋈◻⋈◻⋈◻⋈◻⋈⊙⋈≺⋈◻⋈⊙⋈◻⋈⊙⊥◻⋈◻⋈◻⋈◻⋈◻⋈◻⋈◻⋈⊙⋈⊙⋈◻⋈◻⋈⊙⋈◻⋈◻⋈◻⋈◻⋈◻⋈◻⋈◻⋈◻⋈◻⋈◻⋈◻⋈◻⋈◻⋈◻⋈◻⋈◻⋈◻⋈◻⋈◻⋈◻⋈◻⋈◻⋈◻⋈◻⋈◻⋈◻⋈◻⋈◻⋈◻⋈◻⋈◻⋈◻⋈◻⋈◻⋈◻⋈◻⋈◻⋈◻⋈◻⋈◻⋈◻⋈◻⋈◻⋈◻⋈◻⋈◻⋈◻⋈◻⋈◻⋈◻⋈◻⋈◻⋈◻⋈◻⋈◻⋈◻⋈◻⋈◻⋈◻⋈◻⋈◻⋈◻⋈◻⋈◻⋈◻⋈◻⋈◻⋈◻⋈◻⋈◻⋈◻⋈◻⋈◻⋈◻⋈⊙⋈≺⋈◻⋈⊙⋈◻⋈⊙⊥◻⋈◻⋈⊙∋⊣	clean
ClassicalRestriction.B_bnot_fixed	⊢◻⋈◻⋈◻⋈◻⋈◻⋈◻⋈◻⋈◻⋈◻⋈◻⋈◻⋈◻⋈◻⋈◻⋈◻⋈◻⋈◻⋈◻⋈◻⋈◻⋈◻⋈◻⋈◻⋈◻⋈◻⋈◻⋈◻⊣	clean
ClassicalRestriction.bnot_involutive_on_classical	⊢∈⊤◻⋈◻⋈◻⋈◻⋈◻⋈⊙⋈◻⋈⊙⊥⊙⊥∈⊤◻⋈◻⋈◻⋈◻⋈◻⋈◻⋈◻⋈◻⋈◻⋈⊙⋈◻⋈⊙⋈⊙⋈◻⋈◻⋈◻⋈◻⋈◻⋈⊙⋈◻⋈⊙⋈⊙⊥⊙⊥◻⋈◻⋈◻⋈◻⋈◻⋈◻⋈◻⋈◻⋈◻⋈◻⋈◻⋈◻⋈⊙⋈◻⋈⊙⋈⊙⋈◻⋈◻⋈◻⋈◻⋈◻⋈⊙⋈◻⋈⊙⋈⊙⋈◻⋈◻⋈◻⋈◻⋈◻⋈◻⋈◻⋈◻⋈◻⋈⊙⋈◻⋈◻⋈⊙⋈⊙⋈≺⋈◻⋈⊙⋈◻⋈⊙⋈⊙⊥◻⋈◻⋈◻⋈◻⋈◻⋈◻⋈◻⋈◻⋈◻⋈◻⋈◻⋈◻⋈⊙⋈◻⋈⊙⋈⊙⋈◻⋈◻⋈◻⋈◻⋈◻⋈⊙⋈◻⋈⊙⋈⊙⋈◻⋈◻⋈◻⋈◻⋈◻⋈◻⋈◻⋈◻⋈◻⋈⊙⋈◻⋈◻⋈⊙⋈⊙⋈≺⋈◻⋈⊙⋈◻⋈⊙⋈⊙⊥◻⋈◻⋈◻⋈◻⋈◻⋈◻⋈◻⋈◻⋈◻⋈◻⋈◻⋈◻⋈⊙⋈◻⋈⊙⋈⊙⋈◻⋈◻⋈◻⋈◻⋈◻⋈⊙⋈◻⋈⊙⋈⊙⋈◻⋈◻⋈◻⋈◻⋈◻⋈◻⋈◻⋈◻⋈◻⋈⊙⋈◻⋈◻⋈⊙⋈⊙⋈≺⋈◻⋈⊙⋈◻⋈⊙⋈⊙⊥◻⋈◻⋈◻⋈◻⋈◻⋈◻⋈◻⋈◻⋈◻⋈◻⋈◻⋈◻⋈⊙⋈◻⋈⊙⋈⊙⋈◻⋈◻⋈◻⋈◻⋈◻⋈⊙⋈◻⋈⊙⋈⊙⋈◻⋈◻⋈◻⋈◻⋈◻⋈◻⋈◻⋈◻⋈◻⋈◻⋈◻⋈◻⋈◻⋈◻⋈⊙⋈◻⋈◻⋈⊙⋈◻⋈◻⋈◻⋈◻⋈◻⋈⊙⋈◻⋈◻⋈⊙⋈◻⋈◻⋈◻⋈⊙⋈⊙⋈≺⋈◻⋈⊙⋈◻⋈⊙⋈⊙⊥◻⋈◻⋈⊙∋∋⊣	clean
ClassicalRestriction.inclClassical_injective	⊢◻⋈◻⋈◻⋈◻⋈⊙⋈◻⋈⊙⋈⊙⋈⊙⊣	clean
ClassicalRestriction.classicalSwitch_moves_B	⊢◻⋈◻⋈◻⋈◻⋈◻⋈◻⋈◻⋈◻⋈◻⋈◻⋈◻⋈◻⋈◻⋈◻⋈◻⋈◻⋈◻⋈◻⋈◻⋈◻⋈◻⋈◻⋈◻⋈◻⋈◻⋈◻⋈◻⋈◻⋈◻⋈◻⋈◻⋈◻⋈◻⋈◻⋈◻⋈◻⋈◻⋈◻⋈◻⊣	clean
ClassicalRestriction.classicalSwitch_idempotent	⊢∈⊤◻⋈◻⋈◻⋈◻⋈⊙⋈◻⋈⊙⊥⊙⊥◻⋈◻⋈◻⋈◻⋈◻⋈◻⋈◻⋈⊙⋈◻⋈⊙⋈◻⋈◻⋈◻⋈◻⋈◻⋈⊙⋈≺⋈◻⋈⊙⋈◻⋈⊙⊥◻⋈◻⋈◻⋈◻⋈◻⋈◻⋈◻⋈⊙⋈◻⋈⊙⋈◻⋈◻⋈◻⋈◻⋈◻⋈⊙⋈≺⋈◻⋈⊙⋈◻⋈⊙⊥◻⋈◻⋈◻⋈◻⋈◻⋈◻⋈◻⋈⊙⋈◻⋈⊙⋈◻⋈◻⋈◻⋈◻⋈◻⋈⊙⋈≺⋈◻⋈⊙⋈◻⋈⊙⊥◻⋈◻⋈◻⋈◻⋈◻⋈◻⋈◻⋈⊙⋈◻⋈⊙⋈◻⋈◻⋈◻⋈◻⋈◻⋈⊙⋈≺⋈◻⋈⊙⋈◻⋈⊙⊥◻⋈◻⋈⊙∋⊣	clean
ClassicalRestriction.switch_not_monotone_info	⊢◻⋈◻⋈◻⋈◻⋈◻⋈◻⋈◻⋈◻⋈◻⋈◻⋈◻⋈◻⋈◻⋈◻⋈◻⋈◻⋈◻⋈◻⋈◻⋈◻⋈◻⋈◻⋈◻⋈◻⋈◻⋈◻⋈◻⋈◻⋈◻⋈◻⋈◻⋈◻⋈◻⋈◻⋈◻⋈◻⋈◻⋈◻⋈◻⋈◻⋈◻⋈◻⋈◻⋈◻⋈◻⋈◻⋈◻⋈◻⋈◻⋈◻⋈◻⋈◻⋈◻⋈◻⋈◻⋈◻⋈◻⋈◻⋈◻⋈◻⋈◻⋈◻⋈◻⋈◻⋈◻⋈◻⋈◻⋈◻⋈◻⋈◻⋈◻⋈◻⋈◻⋈◻⋈◻⋈◻⋈◻⋈◻⋈◻⋈◻⋈◻⋈◻⋈◻⋈◻⋈◻⋈◻⋈◻⋈◻⋈◻⋈◻⋈◻⋈◻⋈◻⊣	clean
DeMorganBooleanCentre.tjoin.eq_9	⊢◻⋈◻⋈◻⋈◻⋈◻⊣	clean
DeMorganBooleanCentre.tjoin.eq_5	⊢◻⋈◻⋈◻⋈◻⋈◻⋈⊙⋈◻⋈≻⋈◻⋈◻⋈∈⊤◻⊥◻⊥⊙⊥◻⊥◻⊥◻⊥◻⊥◻⊥◻⊥◻⊥◻⊥◻∋⋈◻⋈◻⋈◻⋈◻⋈◻⋈◻⋈◻⋈◻⋈◻⋈∈⊤◻⊥◻⊥⊙⊥◻⊥◻⊥◻⊥◻⊥◻⊥◻⊥◻⊥◻⊥◻∋⋈◻⋈◻⋈◻⋈◻⋈◻⋈◻⋈◻⋈◻⋈◻⋈∈⊤◻⊥◻⊥⊙⊥◻⊥◻⊥◻⊥◻⊥◻⊥◻⊥◻⊥◻⊥◻∋⋈◻⋈◻⋈◻⋈◻⋈◻⋈∈⊤◻⊥◻⊥⊙⊥◻⊥◻⊥◻⊥◻⊥◻⊥◻⊥◻⊥◻⊥◻∋⋈◻⋈◻⋈◻⋈∈⊤◻⊥⊙⊥◻⊥◻⊥◻⊥◻⊥◻⊥◻⊥◻⊥◻⊥◻⊥⊙⊥⊙∋⋈◻⋈◻⋈◻⋈◻⊣	clean
DeMorganBooleanCentre.bnot_involutive	⊢∈⊤◻⋈◻⋈◻⋈◻⋈⊙⋈⊙⊥⊙⊥◻⋈◻⋈◻⋈◻⋈◻⋈◻⋈◻⋈⊙⋈⊙⋈◻⋈◻⋈◻⋈◻⋈◻⋈⊙⋈≺⋈◻⋈⊙⋈◻⋈⊙⊥◻⋈◻⋈◻⋈◻⋈◻⋈◻⋈◻⋈⊙⋈⊙⋈◻⋈◻⋈◻⋈◻⋈◻⋈⊙⋈≺⋈◻⋈⊙⋈◻⋈⊙⊥◻⋈◻⋈◻⋈◻⋈◻⋈◻⋈◻⋈⊙⋈⊙⋈◻⋈◻⋈◻⋈◻⋈◻⋈⊙⋈≺⋈◻⋈⊙⋈◻⋈⊙⊥◻⋈◻⋈◻⋈◻⋈◻⋈◻⋈◻⋈⊙⋈⊙⋈◻⋈◻⋈◻⋈◻⋈◻⋈⊙⋈≺⋈◻⋈⊙⋈◻⋈⊙⊥◻⋈◻⋈⊙∋⊣	clean
DeMorganBooleanCentre.tjoin.eq_2	⊢◻⋈◻⋈◻⋈◻⋈⊙⋈◻⋈◻⋈≻⋈◻⋈◻⋈∈⊤◻⊥⊙⊥◻⊥◻⊥◻⊥◻⊥◻⊥◻⊥◻⊥◻⊥◻⊥◻∋⋈◻⋈◻⋈◻⋈◻⋈◻⋈◻⋈◻⋈◻⋈◻⋈∈⊤◻⊥⊙⊥◻⊥◻⊥◻⊥◻⊥◻⊥◻⊥◻⊥◻⊥◻⊥◻∋⋈◻⋈◻⋈◻⋈◻⋈◻⋈◻⋈◻⋈◻⋈◻⋈∈⊤◻⊥⊙⊥◻⊥◻⊥◻⊥◻⊥◻⊥◻⊥◻⊥◻⊥◻⊥◻∋⋈◻⋈◻⋈◻⋈◻⋈◻⋈∈⊤◻⊥⊙⊥◻⊥◻⊥◻⊥◻⊥◻⊥◻⊥◻⊥◻⊥◻⊥◻∋⋈◻⋈◻⋈◻⋈∈⊤◻⊥⊙⊥◻⊥◻⊥◻⊥◻⊥◻⊥◻⊥◻⊥◻⊥◻⊥⊙∋⋈◻⋈◻⋈◻⋈◻⊣	clean
DeMorganBooleanCentre.N_fails_excluded_middle	⊢◻⋈◻⋈◻⋈◻⋈◻⋈◻⋈◻⋈◻⋈◻⋈◻⋈◻⋈◻⋈◻⋈◻⋈◻⋈◻⋈◻⋈◻⋈◻⋈◻⋈◻⋈◻⋈◻⋈◻⋈◻⋈◻⋈◻⋈◻⋈◻⋈◻⋈◻⋈◻⋈◻⋈◻⋈◻⋈◻⋈◻⋈◻⋈◻⋈◻⋈◻⋈◻⋈◻⋈◻⋈◻⋈◻⋈◻⋈◻⋈◻⋈◻⋈◻⊣	clean
DeMorganBooleanCentre.boolSwitch_image_in_centre	⊢∈⊤◻⋈◻⋈⊙⊥⊙⊥◻⋈◻⋈◻⋈◻⋈◻⋈⊙⋈◻⋈◻⋈◻⋈◻⋈◻⋈◻⋈◻⋈◻⋈◻⋈◻⋈◻⋈◻⋈◻⋈◻⋈◻⋈◻⋈◻⋈◻⋈◻⋈◻⋈◻⋈◻⋈◻⋈◻⋈◻⋈◻⋈◻⋈◻⋈◻⋈◻⋈◻⋈⊙⋈≺⋈◻⋈⊙⋈◻⋈⊙⊥◻⋈◻⋈◻⋈◻⋈◻⋈⊙⋈◻⋈◻⋈◻⋈◻⋈◻⋈◻⋈◻⋈◻⋈◻⋈◻⋈◻⋈◻⋈◻⋈◻⋈◻⋈◻⋈◻⋈◻⋈◻⋈◻⋈◻⋈◻⋈◻⋈◻⋈◻⋈◻⋈◻⋈◻⋈◻⋈◻⋈◻⋈⊙⋈≺⋈◻⋈⊙⋈◻⋈⊙⊥◻⋈◻⋈◻⋈◻⋈◻⋈⊙⋈◻⋈◻⋈◻⋈◻⋈◻⋈◻⋈◻⋈◻⋈◻⋈◻⋈◻⋈◻⋈◻⋈◻⋈◻⋈◻⋈◻⋈◻⋈◻⋈◻⋈◻⋈◻⋈◻⋈◻⋈◻⋈◻⋈◻⋈◻⋈◻⋈◻⋈◻⋈⊙⋈≺⋈◻⋈⊙⋈◻⋈⊙⊥◻⋈◻⋈◻⋈◻⋈◻⋈⊙⋈◻⋈◻⋈◻⋈◻⋈◻⋈◻⋈◻⋈◻⋈◻⋈◻⋈◻⋈◻⋈◻⋈◻⋈◻⋈◻⋈◻⋈◻⋈◻⋈◻⋈◻⋈◻⋈◻⋈◻⋈◻⋈◻⋈◻⋈◻⋈◻⋈◻⋈◻⋈⊙⋈≺⋈◻⋈⊙⋈◻⋈⊙⊥◻⋈◻⋈⊙∋⊣	clean
DeMorganBooleanCentre.tjoin.eq_6	⊢◻⋈◻⋈◻⋈◻⋈⊙⋈◻⋈◻⋈≻⋈◻⋈◻⋈∈⊤◻⊥⊙⊥◻⊥◻⊥◻⊥◻⊥◻⊥◻⊥◻⊥◻⊥◻⊥◻∋⋈◻⋈◻⋈◻⋈◻⋈◻⋈◻⋈◻⋈◻⋈◻⋈∈⊤◻⊥⊙⊥◻⊥◻⊥◻⊥◻⊥◻⊥◻⊥◻⊥◻⊥◻⊥◻∋⋈◻⋈◻⋈◻⋈◻⋈◻⋈◻⋈◻⋈◻⋈◻⋈∈⊤◻⊥⊙⊥◻⊥◻⊥◻⊥◻⊥◻⊥◻⊥◻⊥◻⊥◻⊥◻∋⋈◻⋈◻⋈◻⋈◻⋈◻⋈∈⊤◻⊥⊙⊥◻⊥◻⊥◻⊥◻⊥◻⊥◻⊥◻⊥◻⊥◻⊥◻∋⋈◻⋈◻⋈◻⋈∈⊤◻⊥⊙⊥◻⊥◻⊥◻⊥◻⊥◻⊥◻⊥◻⊥◻⊥◻⊥⊙⊥⊙⊥⊙∋⋈◻⋈◻⋈◻⋈◻⊣	clean
DeMorganBooleanCentre.tmeet_assoc	⊢∈⊤◻⋈◻⋈◻⋈◻⋈⊙⋈⊙⋈⊙⋈◻⋈⊙⋈◻⋈⊙⋈⊙⊥⊙⊥◻⋈◻⋈◻⋈◻⋈◻⋈◻⋈◻⋈⊙⋈⊙⋈⊙⋈◻⋈⊙⋈◻⋈⊙⋈⊙⋈∈⊤◻⋈◻⋈◻⋈◻⋈◻⋈⊙⋈⊙⋈◻⋈◻⋈◻⋈⊙⋈⊙⊥⊙⊥◻⋈◻⋈◻⋈◻⋈◻⋈◻⋈◻⋈◻⋈⊙⋈⊙⋈◻⋈◻⋈◻⋈⊙⋈⊙⋈∈⊤◻⋈◻⋈◻⋈◻⋈◻⋈◻⋈⊙⋈◻⋈◻⋈◻⋈◻⋈⊙⊥⊙⊥◻⋈◻⋈◻⋈◻⋈◻⋈◻⋈◻⋈◻⋈◻⋈⊙⋈◻⋈◻⋈◻⋈◻⋈⊙⋈◻⋈◻⋈◻⋈◻⋈◻⋈◻⋈◻⋈⊙⋈≺⋈◻⋈⊙⋈◻⋈⊙⊥◻⋈◻⋈◻⋈◻⋈◻⋈◻⋈◻⋈◻⋈◻⋈⊙⋈◻⋈◻⋈◻⋈◻⋈⊙⋈◻⋈◻⋈◻⋈◻⋈◻⋈◻⋈◻⋈⊙⋈≺⋈◻⋈⊙⋈◻⋈⊙⊥◻⋈◻⋈◻⋈◻⋈◻⋈◻⋈◻⋈◻⋈◻⋈⊙⋈◻⋈◻⋈◻⋈◻⋈⊙⋈◻⋈◻⋈◻⋈◻⋈◻⋈◻⋈◻⋈⊙⋈≺⋈◻⋈⊙⋈◻⋈⊙⊥◻⋈◻⋈◻⋈◻⋈◻⋈◻⋈◻⋈◻⋈◻⋈⊙⋈◻⋈◻⋈◻⋈◻⋈⊙⋈◻⋈◻⋈◻⋈◻⋈◻⋈◻⋈◻⋈⊙⋈≺⋈◻⋈⊙⋈◻⋈⊙⊥◻⋈◻⋈⊙∋⋈⊙⋈≺⋈◻⋈⊙⋈◻⋈⊙⊥◻⋈◻⋈◻⋈◻⋈◻⋈◻⋈◻⋈◻⋈⊙⋈⊙⋈◻⋈◻⋈◻⋈⊙⋈⊙⋈∈⊤◻⋈◻⋈◻⋈◻⋈◻⋈◻⋈⊙⋈◻⋈◻⋈◻⋈◻⋈⊙⊥⊙⊥◻⋈◻⋈◻⋈◻⋈◻⋈◻⋈◻⋈◻⋈◻⋈⊙⋈◻⋈◻⋈◻⋈◻⋈⊙⋈◻⋈◻⋈◻⋈◻⋈◻⋈◻⋈◻⋈⊙⋈≺⋈◻⋈⊙⋈◻⋈⊙⊥◻⋈◻⋈◻⋈◻⋈◻⋈◻⋈◻⋈◻⋈◻⋈⊙⋈◻⋈◻⋈◻⋈◻⋈⊙⋈◻⋈◻⋈◻⋈◻⋈◻⋈◻⋈◻⋈⊙⋈≺⋈◻⋈⊙⋈◻⋈⊙⊥◻⋈◻⋈◻⋈◻⋈◻⋈◻⋈◻⋈◻⋈◻⋈⊙⋈◻⋈◻⋈◻⋈◻⋈⊙⋈◻⋈◻⋈◻⋈◻⋈◻⋈◻⋈◻⋈⊙⋈≺⋈◻⋈⊙⋈◻⋈⊙⊥◻⋈◻⋈◻⋈◻⋈◻⋈◻⋈◻⋈◻⋈◻⋈⊙⋈◻⋈◻⋈◻⋈◻⋈⊙⋈◻⋈◻⋈◻⋈◻⋈◻⋈◻⋈◻⋈⊙⋈≺⋈◻⋈⊙⋈◻⋈⊙⊥◻⋈◻⋈⊙∋⋈⊙⋈≺⋈◻⋈⊙⋈◻⋈⊙⊥◻⋈◻⋈◻⋈◻⋈◻⋈◻⋈◻⋈◻⋈⊙⋈⊙⋈◻⋈◻⋈◻⋈⊙⋈⊙⋈∈⊤◻⋈◻⋈◻⋈◻⋈◻⋈◻⋈⊙⋈◻⋈◻⋈◻⋈◻⋈⊙⊥⊙⊥◻⋈◻⋈◻⋈◻⋈◻⋈◻⋈◻⋈◻⋈◻⋈⊙⋈◻⋈◻⋈◻⋈◻⋈⊙⋈◻⋈◻⋈◻⋈◻⋈◻⋈◻⋈◻⋈⊙⋈≺⋈◻⋈⊙⋈◻⋈⊙⊥◻⋈◻⋈◻⋈◻⋈◻⋈◻⋈◻⋈◻⋈◻⋈⊙⋈◻⋈◻⋈◻⋈◻⋈⊙⋈◻⋈◻⋈◻⋈◻⋈◻⋈◻⋈◻⋈⊙⋈≺⋈◻⋈⊙⋈◻⋈⊙⊥◻⋈◻⋈◻⋈◻⋈◻⋈◻⋈◻⋈◻⋈◻⋈⊙⋈◻⋈◻⋈◻⋈◻⋈⊙⋈◻⋈◻⋈◻⋈◻⋈◻⋈◻⋈◻⋈⊙⋈≺⋈◻⋈⊙⋈◻⋈⊙⊥◻⋈◻⋈◻⋈◻⋈◻⋈◻⋈◻⋈◻⋈◻⋈⊙⋈◻⋈◻⋈◻⋈◻⋈⊙⋈◻⋈◻⋈◻⋈◻⋈◻⋈◻⋈◻⋈⊙⋈≺⋈◻⋈⊙⋈◻⋈⊙⊥◻⋈◻⋈⊙∋⋈⊙⋈≺⋈◻⋈⊙⋈◻⋈⊙⊥◻⋈◻⋈◻⋈◻⋈◻⋈◻⋈◻⋈◻⋈⊙⋈⊙⋈◻⋈◻⋈◻⋈⊙⋈⊙⋈∈⊤◻⋈◻⋈◻⋈◻⋈◻⋈◻⋈⊙⋈◻⋈◻⋈◻⋈◻⋈⊙⊥⊙⊥◻⋈◻⋈◻⋈◻⋈◻⋈◻⋈◻⋈◻⋈◻⋈⊙⋈◻⋈◻⋈◻⋈◻⋈⊙⋈◻⋈◻⋈◻⋈◻⋈◻⋈◻⋈◻⋈⊙⋈≺⋈◻⋈⊙⋈◻⋈⊙⊥◻⋈◻⋈◻⋈◻⋈◻⋈◻⋈◻⋈◻⋈◻⋈⊙⋈◻⋈◻⋈◻⋈◻⋈⊙⋈◻⋈◻⋈◻⋈◻⋈◻⋈◻⋈◻⋈⊙⋈≺⋈◻⋈⊙⋈◻⋈⊙⊥◻⋈◻⋈◻⋈◻⋈◻⋈◻⋈◻⋈◻⋈◻⋈⊙⋈◻⋈◻⋈◻⋈◻⋈⊙⋈◻⋈◻⋈◻⋈◻⋈◻⋈◻⋈◻⋈⊙⋈≺⋈◻⋈⊙⋈◻⋈⊙⊥◻⋈◻⋈◻⋈◻⋈◻⋈◻⋈◻⋈◻⋈◻⋈⊙⋈◻⋈◻⋈◻⋈◻⋈⊙⋈◻⋈◻⋈◻⋈◻⋈◻⋈◻⋈◻⋈⊙⋈≺⋈◻⋈⊙⋈◻⋈⊙⊥◻⋈◻⋈⊙∋⋈⊙⋈≺⋈◻⋈⊙⋈◻⋈⊙⊥◻⋈◻⋈⊙∋⋈⊙⋈≺⋈◻⋈⊙⋈◻⋈⊙⊥◻⋈◻⋈◻⋈◻⋈◻⋈◻⋈◻⋈⊙⋈⊙⋈⊙⋈◻⋈⊙⋈◻⋈⊙⋈⊙⋈∈⊤◻⋈◻⋈◻⋈◻⋈◻⋈⊙⋈⊙⋈◻⋈◻⋈◻⋈⊙⋈⊙⊥⊙⊥◻⋈◻⋈◻⋈◻⋈◻⋈◻⋈◻⋈◻⋈⊙⋈⊙⋈◻⋈◻⋈◻⋈⊙⋈⊙⋈∈⊤◻⋈◻⋈◻⋈◻⋈◻⋈◻⋈⊙⋈◻⋈◻⋈◻⋈◻⋈⊙⊥⊙⊥◻⋈◻⋈◻⋈◻⋈◻⋈◻⋈◻⋈◻⋈◻⋈⊙⋈◻⋈◻⋈◻⋈◻⋈⊙⋈◻⋈◻⋈◻⋈◻⋈◻⋈◻⋈◻⋈⊙⋈≺⋈◻⋈⊙⋈◻⋈⊙⊥◻⋈◻⋈◻⋈◻⋈◻⋈◻⋈◻⋈◻⋈◻⋈⊙⋈◻⋈◻⋈◻⋈◻⋈⊙⋈◻⋈◻⋈◻⋈◻⋈◻⋈◻⋈◻⋈⊙⋈≺⋈◻⋈⊙⋈◻⋈⊙⊥◻⋈◻⋈◻⋈◻⋈◻⋈◻⋈◻⋈◻⋈◻⋈⊙⋈◻⋈◻⋈◻⋈◻⋈⊙⋈◻⋈◻⋈◻⋈◻⋈◻⋈◻⋈◻⋈⊙⋈≺⋈◻⋈⊙⋈◻⋈⊙⊥◻⋈◻⋈◻⋈◻⋈◻⋈◻⋈◻⋈◻⋈◻⋈⊙⋈◻⋈◻⋈◻⋈◻⋈⊙⋈◻⋈◻⋈◻⋈◻⋈◻⋈◻⋈◻⋈⊙⋈≺⋈◻⋈⊙⋈◻⋈⊙⊥◻⋈◻⋈⊙∋⋈⊙⋈≺⋈◻⋈⊙⋈◻⋈⊙⊥◻⋈◻⋈◻⋈◻⋈◻⋈◻⋈◻⋈◻⋈⊙⋈⊙⋈◻⋈◻⋈◻⋈⊙⋈⊙⋈∈⊤◻⋈◻⋈◻⋈◻⋈◻⋈◻⋈⊙⋈◻⋈◻⋈◻⋈◻⋈⊙⊥⊙⊥◻⋈◻⋈◻⋈◻⋈◻⋈◻⋈◻⋈◻⋈◻⋈⊙⋈◻⋈◻⋈◻⋈◻⋈⊙⋈◻⋈◻⋈◻⋈◻⋈◻⋈◻⋈◻⋈⊙⋈≺⋈◻⋈⊙⋈◻⋈⊙⊥◻⋈◻⋈◻⋈◻⋈◻⋈◻⋈◻⋈◻⋈◻⋈⊙⋈◻⋈◻⋈◻⋈◻⋈⊙⋈◻⋈◻⋈◻⋈◻⋈◻⋈◻⋈◻⋈⊙⋈≺⋈◻⋈⊙⋈◻⋈⊙⊥◻⋈◻⋈◻⋈◻⋈◻⋈◻⋈◻⋈◻⋈◻⋈⊙⋈◻⋈◻⋈◻⋈◻⋈⊙⋈◻⋈◻⋈◻⋈◻⋈◻⋈◻⋈◻⋈⊙⋈≺⋈◻⋈⊙⋈◻⋈⊙⊥◻⋈◻⋈◻⋈◻⋈◻⋈◻⋈◻⋈◻⋈◻⋈⊙⋈◻⋈◻⋈◻⋈◻⋈⊙⋈◻⋈◻⋈◻⋈◻⋈◻⋈◻⋈◻⋈⊙⋈≺⋈◻⋈⊙⋈◻⋈⊙⊥◻⋈◻⋈⊙∋⋈⊙⋈≺⋈◻⋈⊙⋈◻⋈⊙⊥◻⋈◻⋈◻⋈◻⋈◻⋈◻⋈◻⋈◻⋈⊙⋈⊙⋈◻⋈◻⋈◻⋈⊙⋈⊙⋈∈⊤◻⋈◻⋈◻⋈◻⋈◻⋈◻⋈⊙⋈◻⋈◻⋈◻⋈◻⋈⊙⊥⊙⊥◻⋈◻⋈◻⋈◻⋈◻⋈◻⋈◻⋈◻⋈◻⋈⊙⋈◻⋈◻⋈◻⋈◻⋈⊙⋈◻⋈◻⋈◻⋈◻⋈◻⋈◻⋈◻⋈⊙⋈≺⋈◻⋈⊙⋈◻⋈⊙⊥◻⋈◻⋈◻⋈◻⋈◻⋈◻⋈◻⋈◻⋈◻⋈⊙⋈◻⋈◻⋈◻⋈◻⋈⊙⋈◻⋈◻⋈◻⋈◻⋈◻⋈◻⋈◻⋈⊙⋈≺⋈◻⋈⊙⋈◻⋈⊙⊥◻⋈◻⋈◻⋈◻⋈◻⋈◻⋈◻⋈◻⋈◻⋈⊙⋈◻⋈◻⋈◻⋈◻⋈⊙⋈◻⋈◻⋈◻⋈◻⋈◻⋈◻⋈◻⋈⊙⋈≺⋈◻⋈⊙⋈◻⋈⊙⊥◻⋈◻⋈◻⋈◻⋈◻⋈◻⋈◻⋈◻⋈◻⋈⊙⋈◻⋈◻⋈◻⋈◻⋈⊙⋈◻⋈◻⋈◻⋈◻⋈◻⋈◻⋈◻⋈⊙⋈≺⋈◻⋈⊙⋈◻⋈⊙⊥◻⋈◻⋈⊙∋⋈⊙⋈≺⋈◻⋈⊙⋈◻⋈⊙⊥◻⋈◻⋈◻⋈◻⋈◻⋈◻⋈◻⋈◻⋈⊙⋈⊙⋈◻⋈◻⋈◻⋈⊙⋈⊙⋈∈⊤◻⋈◻⋈◻⋈◻⋈◻⋈◻⋈⊙⋈◻⋈◻⋈◻⋈◻⋈⊙⊥⊙⊥◻⋈◻⋈◻⋈◻⋈◻⋈◻⋈◻⋈◻⋈◻⋈⊙⋈◻⋈◻⋈◻⋈◻⋈⊙⋈◻⋈◻⋈◻⋈◻⋈◻⋈◻⋈◻⋈⊙⋈≺⋈◻⋈⊙⋈◻⋈⊙⊥◻⋈◻⋈◻⋈◻⋈◻⋈◻⋈◻⋈◻⋈◻⋈⊙⋈◻⋈◻⋈◻⋈◻⋈⊙⋈◻⋈◻⋈◻⋈◻⋈◻⋈◻⋈◻⋈⊙⋈≺⋈◻⋈⊙⋈◻⋈⊙⊥◻⋈◻⋈◻⋈◻⋈◻⋈◻⋈◻⋈◻⋈◻⋈⊙⋈◻⋈◻⋈◻⋈◻⋈⊙⋈◻⋈◻⋈◻⋈◻⋈◻⋈◻⋈◻⋈⊙⋈≺⋈◻⋈⊙⋈◻⋈⊙⊥◻⋈◻⋈◻⋈◻⋈◻⋈◻⋈◻⋈◻⋈◻⋈⊙⋈◻⋈◻⋈◻⋈◻⋈⊙⋈◻⋈◻⋈◻⋈◻⋈◻⋈◻⋈◻⋈⊙⋈≺⋈◻⋈⊙⋈◻⋈⊙⊥◻⋈◻⋈⊙∋⋈⊙⋈≺⋈◻⋈⊙⋈◻⋈⊙⊥◻⋈◻⋈⊙∋⋈⊙⋈≺⋈◻⋈⊙⋈◻⋈⊙⊥◻⋈◻⋈◻⋈◻⋈◻⋈◻⋈◻⋈⊙⋈⊙⋈⊙⋈◻⋈⊙⋈◻⋈⊙⋈⊙⋈∈⊤◻⋈◻⋈◻⋈◻⋈◻⋈⊙⋈⊙⋈◻⋈◻⋈◻⋈⊙⋈⊙⊥⊙⊥◻⋈◻⋈◻⋈◻⋈◻⋈◻⋈◻⋈◻⋈⊙⋈⊙⋈◻⋈◻⋈◻⋈⊙⋈⊙⋈∈⊤◻⋈◻⋈◻⋈◻⋈◻⋈◻⋈⊙⋈◻⋈◻⋈◻⋈◻⋈⊙⊥⊙⊥◻⋈◻⋈◻⋈◻⋈◻⋈◻⋈◻⋈◻⋈◻⋈⊙⋈◻⋈◻⋈◻⋈◻⋈⊙⋈◻⋈◻⋈◻⋈◻⋈◻⋈◻⋈◻⋈⊙⋈≺⋈◻⋈⊙⋈◻⋈⊙⊥◻⋈◻⋈◻⋈◻⋈◻⋈◻⋈◻⋈◻⋈◻⋈⊙⋈◻⋈◻⋈◻⋈◻⋈⊙⋈◻⋈◻⋈◻⋈◻⋈◻⋈◻⋈◻⋈⊙⋈≺⋈◻⋈⊙⋈◻⋈⊙⊥◻⋈◻⋈◻⋈◻⋈◻⋈◻⋈◻⋈◻⋈◻⋈⊙⋈◻⋈◻⋈◻⋈◻⋈⊙⋈◻⋈◻⋈◻⋈◻⋈◻⋈◻⋈◻⋈⊙⋈≺⋈◻⋈⊙⋈◻⋈⊙⊥◻⋈◻⋈◻⋈◻⋈◻⋈◻⋈◻⋈◻⋈◻⋈⊙⋈◻⋈◻⋈◻⋈◻⋈⊙⋈◻⋈◻⋈◻⋈◻⋈◻⋈◻⋈◻⋈⊙⋈≺⋈◻⋈⊙⋈◻⋈⊙⊥◻⋈◻⋈⊙∋⋈⊙⋈≺⋈◻⋈⊙⋈◻⋈⊙⊥◻⋈◻⋈◻⋈◻⋈◻⋈◻⋈◻⋈◻⋈⊙⋈⊙⋈◻⋈◻⋈◻⋈⊙⋈⊙⋈∈⊤◻⋈◻⋈◻⋈◻⋈◻⋈◻⋈⊙⋈◻⋈◻⋈◻⋈◻⋈⊙⊥⊙⊥◻⋈◻⋈◻⋈◻⋈◻⋈◻⋈◻⋈◻⋈◻⋈⊙⋈◻⋈◻⋈◻⋈◻⋈⊙⋈◻⋈◻⋈◻⋈◻⋈◻⋈◻⋈◻⋈⊙⋈≺⋈◻⋈⊙⋈◻⋈⊙⊥◻⋈◻⋈◻⋈◻⋈◻⋈◻⋈◻⋈◻⋈◻⋈⊙⋈◻⋈◻⋈◻⋈◻⋈⊙⋈◻⋈◻⋈◻⋈◻⋈◻⋈◻⋈◻⋈⊙⋈≺⋈◻⋈⊙⋈◻⋈⊙⊥◻⋈◻⋈◻⋈◻⋈◻⋈◻⋈◻⋈◻⋈◻⋈⊙⋈◻⋈◻⋈◻⋈◻⋈⊙⋈◻⋈◻⋈◻⋈◻⋈◻⋈◻⋈◻⋈⊙⋈≺⋈◻⋈⊙⋈◻⋈⊙⊥◻⋈◻⋈◻⋈◻⋈◻⋈◻⋈◻⋈◻⋈◻⋈⊙⋈◻⋈◻⋈◻⋈◻⋈⊙⋈◻⋈◻⋈◻⋈◻⋈◻⋈◻⋈◻⋈⊙⋈≺⋈◻⋈⊙⋈◻⋈⊙⊥◻⋈◻⋈⊙∋⋈⊙⋈≺⋈◻⋈⊙⋈◻⋈⊙⊥◻⋈◻⋈◻⋈◻⋈◻⋈◻⋈◻⋈◻⋈⊙⋈⊙⋈◻⋈◻⋈◻⋈⊙⋈⊙⋈∈⊤◻⋈◻⋈◻⋈◻⋈◻⋈◻⋈⊙⋈◻⋈◻⋈◻⋈◻⋈⊙⊥⊙⊥◻⋈◻⋈◻⋈◻⋈◻⋈◻⋈◻⋈◻⋈◻⋈⊙⋈◻⋈◻⋈◻⋈◻⋈⊙⋈◻⋈◻⋈◻⋈◻⋈◻⋈◻⋈◻⋈⊙⋈≺⋈◻⋈⊙⋈◻⋈⊙⊥◻⋈◻⋈◻⋈◻⋈◻⋈◻⋈◻⋈◻⋈◻⋈⊙⋈◻⋈◻⋈◻⋈◻⋈⊙⋈◻⋈◻⋈◻⋈◻⋈◻⋈◻⋈◻⋈⊙⋈≺⋈◻⋈⊙⋈◻⋈⊙⊥◻⋈◻⋈◻⋈◻⋈◻⋈◻⋈◻⋈◻⋈◻⋈⊙⋈◻⋈◻⋈◻⋈◻⋈⊙⋈◻⋈◻⋈◻⋈◻⋈◻⋈◻⋈◻⋈⊙⋈≺⋈◻⋈⊙⋈◻⋈⊙⊥◻⋈◻⋈◻⋈◻⋈◻⋈◻⋈◻⋈◻⋈◻⋈⊙⋈◻⋈◻⋈◻⋈◻⋈⊙⋈◻⋈◻⋈◻⋈◻⋈◻⋈◻⋈◻⋈⊙⋈≺⋈◻⋈⊙⋈◻⋈⊙⊥◻⋈◻⋈⊙∋⋈⊙⋈≺⋈◻⋈⊙⋈◻⋈⊙⊥◻⋈◻⋈◻⋈◻⋈◻⋈◻⋈◻⋈◻⋈⊙⋈⊙⋈◻⋈◻⋈◻⋈⊙⋈⊙⋈∈⊤◻⋈◻⋈◻⋈◻⋈◻⋈◻⋈⊙⋈◻⋈◻⋈◻⋈◻⋈⊙⊥⊙⊥◻⋈◻⋈◻⋈◻⋈◻⋈◻⋈◻⋈◻⋈◻⋈⊙⋈◻⋈◻⋈◻⋈◻⋈⊙⋈◻⋈◻⋈◻⋈◻⋈◻⋈◻⋈◻⋈⊙⋈≺⋈◻⋈⊙⋈◻⋈⊙⊥◻⋈◻⋈◻⋈◻⋈◻⋈◻⋈◻⋈◻⋈◻⋈⊙⋈◻⋈◻⋈◻⋈◻⋈⊙⋈◻⋈◻⋈◻⋈◻⋈◻⋈◻⋈◻⋈⊙⋈≺⋈◻⋈⊙⋈◻⋈⊙⊥◻⋈◻⋈◻⋈◻⋈◻⋈◻⋈◻⋈◻⋈◻⋈⊙⋈◻⋈◻⋈◻⋈◻⋈⊙⋈◻⋈◻⋈◻⋈◻⋈◻⋈◻⋈◻⋈⊙⋈≺⋈◻⋈⊙⋈◻⋈⊙⊥◻⋈◻⋈◻⋈◻⋈◻⋈◻⋈◻⋈◻⋈◻⋈⊙⋈◻⋈◻⋈◻⋈◻⋈⊙⋈◻⋈◻⋈◻⋈◻⋈◻⋈◻⋈◻⋈⊙⋈≺⋈◻⋈⊙⋈◻⋈⊙⊥◻⋈◻⋈⊙∋⋈⊙⋈≺⋈◻⋈⊙⋈◻⋈⊙⊥◻⋈◻⋈⊙∋⋈⊙⋈≺⋈◻⋈⊙⋈◻⋈⊙⊥◻⋈◻⋈◻⋈◻⋈◻⋈◻⋈◻⋈⊙⋈⊙⋈⊙⋈◻⋈⊙⋈◻⋈⊙⋈⊙⋈∈⊤◻⋈◻⋈◻⋈◻⋈◻⋈⊙⋈⊙⋈◻⋈◻⋈◻⋈⊙⋈⊙⊥⊙⊥◻⋈◻⋈◻⋈◻⋈◻⋈◻⋈◻⋈◻⋈⊙⋈⊙⋈◻⋈◻⋈◻⋈⊙⋈⊙⋈∈⊤◻⋈◻⋈◻⋈◻⋈◻⋈◻⋈⊙⋈◻⋈◻⋈◻⋈◻⋈⊙⊥⊙⊥◻⋈◻⋈◻⋈◻⋈◻⋈◻⋈◻⋈◻⋈◻⋈⊙⋈◻⋈◻⋈◻⋈◻⋈⊙⋈◻⋈◻⋈◻⋈◻⋈◻⋈◻⋈◻⋈⊙⋈≺⋈◻⋈⊙⋈◻⋈⊙⊥◻⋈◻⋈◻⋈◻⋈◻⋈◻⋈◻⋈◻⋈◻⋈⊙⋈◻⋈◻⋈◻⋈◻⋈⊙⋈◻⋈◻⋈◻⋈◻⋈◻⋈◻⋈◻⋈⊙⋈≺⋈◻⋈⊙⋈◻⋈⊙⊥◻⋈◻⋈◻⋈◻⋈◻⋈◻⋈◻⋈◻⋈◻⋈⊙⋈◻⋈◻⋈◻⋈◻⋈⊙⋈◻⋈◻⋈◻⋈◻⋈◻⋈◻⋈◻⋈⊙⋈≺⋈◻⋈⊙⋈◻⋈⊙⊥◻⋈◻⋈◻⋈◻⋈◻⋈◻⋈◻⋈◻⋈◻⋈⊙⋈◻⋈◻⋈◻⋈◻⋈⊙⋈◻⋈◻⋈◻⋈◻⋈◻⋈◻⋈◻⋈⊙⋈≺⋈◻⋈⊙⋈◻⋈⊙⊥◻⋈◻⋈⊙∋⋈⊙⋈≺⋈◻⋈⊙⋈◻⋈⊙⊥◻⋈◻⋈◻⋈◻⋈◻⋈◻⋈◻⋈◻⋈⊙⋈⊙⋈◻⋈◻⋈◻⋈⊙⋈⊙⋈∈⊤◻⋈◻⋈◻⋈◻⋈◻⋈◻⋈⊙⋈◻⋈◻⋈◻⋈◻⋈⊙⊥⊙⊥◻⋈◻⋈◻⋈◻⋈◻⋈◻⋈◻⋈◻⋈◻⋈⊙⋈◻⋈◻⋈◻⋈◻⋈⊙⋈◻⋈◻⋈◻⋈◻⋈◻⋈◻⋈◻⋈⊙⋈≺⋈◻⋈⊙⋈◻⋈⊙⊥◻⋈◻⋈◻⋈◻⋈◻⋈◻⋈◻⋈◻⋈◻⋈⊙⋈◻⋈◻⋈◻⋈◻⋈⊙⋈◻⋈◻⋈◻⋈◻⋈◻⋈◻⋈◻⋈⊙⋈≺⋈◻⋈⊙⋈◻⋈⊙⊥◻⋈◻⋈◻⋈◻⋈◻⋈◻⋈◻⋈◻⋈◻⋈⊙⋈◻⋈◻⋈◻⋈◻⋈⊙⋈◻⋈◻⋈◻⋈◻⋈◻⋈◻⋈◻⋈⊙⋈≺⋈◻⋈⊙⋈◻⋈⊙⊥◻⋈◻⋈◻⋈◻⋈◻⋈◻⋈◻⋈◻⋈◻⋈⊙⋈◻⋈◻⋈◻⋈◻⋈⊙⋈◻⋈◻⋈◻⋈◻⋈◻⋈◻⋈◻⋈⊙⋈≺⋈◻⋈⊙⋈◻⋈⊙⊥◻⋈◻⋈⊙∋⋈⊙⋈≺⋈◻⋈⊙⋈◻⋈⊙⊥◻⋈◻⋈◻⋈◻⋈◻⋈◻⋈◻⋈◻⋈⊙⋈⊙⋈◻⋈◻⋈◻⋈⊙⋈⊙⋈∈⊤◻⋈◻⋈◻⋈◻⋈◻⋈◻⋈⊙⋈◻⋈◻⋈◻⋈◻⋈⊙⊥⊙⊥◻⋈◻⋈◻⋈◻⋈◻⋈◻⋈◻⋈◻⋈◻⋈⊙⋈◻⋈◻⋈◻⋈◻⋈⊙⋈◻⋈◻⋈◻⋈◻⋈◻⋈◻⋈◻⋈⊙⋈≺⋈◻⋈⊙⋈◻⋈⊙⊥◻⋈◻⋈◻⋈◻⋈◻⋈◻⋈◻⋈◻⋈◻⋈⊙⋈◻⋈◻⋈◻⋈◻⋈⊙⋈◻⋈◻⋈◻⋈◻⋈◻⋈◻⋈◻⋈⊙⋈≺⋈◻⋈⊙⋈◻⋈⊙⊥◻⋈◻⋈◻⋈◻⋈◻⋈◻⋈◻⋈◻⋈◻⋈⊙⋈◻⋈◻⋈◻⋈◻⋈⊙⋈◻⋈◻⋈◻⋈◻⋈◻⋈◻⋈◻⋈⊙⋈≺⋈◻⋈⊙⋈◻⋈⊙⊥◻⋈◻⋈◻⋈◻⋈◻⋈◻⋈◻⋈◻⋈◻⋈⊙⋈◻⋈◻⋈◻⋈◻⋈⊙⋈◻⋈◻⋈◻⋈◻⋈◻⋈◻⋈◻⋈⊙⋈≺⋈◻⋈⊙⋈◻⋈⊙⊥◻⋈◻⋈⊙∋⋈⊙⋈≺⋈◻⋈⊙⋈◻⋈⊙⊥◻⋈◻⋈◻⋈◻⋈◻⋈◻⋈◻⋈◻⋈⊙⋈⊙⋈◻⋈◻⋈◻⋈⊙⋈⊙⋈∈⊤◻⋈◻⋈◻⋈◻⋈◻⋈◻⋈⊙⋈◻⋈◻⋈◻⋈◻⋈⊙⊥⊙⊥◻⋈◻⋈◻⋈◻⋈◻⋈◻⋈◻⋈◻⋈◻⋈⊙⋈◻⋈◻⋈◻⋈◻⋈⊙⋈◻⋈◻⋈◻⋈◻⋈◻⋈◻⋈◻⋈⊙⋈≺⋈◻⋈⊙⋈◻⋈⊙⊥◻⋈◻⋈◻⋈◻⋈◻⋈◻⋈◻⋈◻⋈◻⋈⊙⋈◻⋈◻⋈◻⋈◻⋈⊙⋈◻⋈◻⋈◻⋈◻⋈◻⋈◻⋈◻⋈⊙⋈≺⋈◻⋈⊙⋈◻⋈⊙⊥◻⋈◻⋈◻⋈◻⋈◻⋈◻⋈◻⋈◻⋈◻⋈⊙⋈◻⋈◻⋈◻⋈◻⋈⊙⋈◻⋈◻⋈◻⋈◻⋈◻⋈◻⋈◻⋈⊙⋈≺⋈◻⋈⊙⋈◻⋈⊙⊥◻⋈◻⋈◻⋈◻⋈◻⋈◻⋈◻⋈◻⋈◻⋈⊙⋈◻⋈◻⋈◻⋈◻⋈⊙⋈◻⋈◻⋈◻⋈◻⋈◻⋈◻⋈◻⋈⊙⋈≺⋈◻⋈⊙⋈◻⋈⊙⊥◻⋈◻⋈⊙∋⋈⊙⋈≺⋈◻⋈⊙⋈◻⋈⊙⊥◻⋈◻⋈⊙∋⋈⊙⋈≺⋈◻⋈⊙⋈◻⋈⊙⊥◻⋈◻⋈⊙∋⊣	clean
DeMorganBooleanCentre.T_satisfies_excluded_middle	⊢◻⋈◻⋈◻⋈◻⋈◻⋈◻⋈◻⋈◻⋈◻⋈◻⋈◻⋈◻⋈◻⋈◻⋈◻⋈◻⋈◻⋈◻⋈◻⋈◻⋈◻⋈◻⋈◻⋈◻⋈◻⋈◻⋈◻⋈◻⋈◻⋈◻⋈◻⋈◻⋈◻⋈◻⋈◻⊣	clean
DeMorganBooleanCentre.boolSwitch_fixes_iff_centre	⊢∈⊤◻⋈◻⋈◻⋈◻⋈⊙⋈⊙⋈◻⋈⊙⊥⊙⊥◻⋈◻⋈◻⋈◻⋈◻⋈◻⋈◻⋈⊙⋈⊙⋈◻⋈⊙⋈◻⋈◻⋈◻⋈◻⋈◻⋈◻⋈◻⋈◻⋈◻⋈◻⋈◻⋈◻⋈◻⋈◻⋈◻⋈◻⋈◻⋈◻⋈◻⋈◻⋈◻⋈◻⋈◻⋈◻⋈◻⋈◻⋈◻⋈◻⋈◻⋈◻⋈◻⋈◻⋈◻⋈◻⋈◻⋈◻⋈◻⋈◻⋈◻⋈◻⋈◻⋈◻⋈◻⋈◻⋈◻⋈◻⋈◻⋈◻⋈◻⋈◻⋈◻⋈◻⋈◻⋈◻⋈◻⋈◻⋈◻⋈◻⋈◻⋈◻⋈◻⋈⊙⋈≺⋈◻⋈⊙⋈◻⋈⊙⊥◻⋈◻⋈◻⋈◻⋈◻⋈◻⋈◻⋈⊙⋈⊙⋈◻⋈⊙⋈◻⋈◻⋈◻⋈◻⋈◻⋈◻⋈◻⋈◻⋈◻⋈◻⋈◻⋈◻⋈◻⋈◻⋈◻⋈◻⋈◻⋈◻⋈◻⋈◻⋈◻⋈◻⋈◻⋈◻⋈◻⋈◻⋈◻⋈◻⋈◻⋈◻⋈◻⋈◻⋈◻⋈◻⋈◻⋈◻⋈◻⋈◻⋈◻⋈◻⋈◻⋈◻⋈◻⋈◻⋈◻⋈◻⋈◻⋈◻⋈◻⋈◻⋈◻⋈◻⋈◻⋈◻⋈◻⋈◻⋈◻⋈◻⋈◻⋈◻⋈◻⋈⊙⋈≺⋈◻⋈⊙⋈◻⋈⊙⊥◻⋈◻⋈◻⋈◻⋈◻⋈◻⋈◻⋈⊙⋈⊙⋈◻⋈⊙⋈◻⋈◻⋈◻⋈◻⋈◻⋈◻⋈◻⋈◻⋈◻⋈◻⋈◻⋈◻⋈◻⋈◻⋈◻⋈◻⋈◻⋈◻⋈◻⋈◻⋈◻⋈◻⋈◻⋈◻⋈◻⋈◻⋈◻⋈◻⋈◻⋈◻⋈◻⋈◻⋈◻⋈◻⋈◻⋈◻⋈◻⋈◻⋈◻⋈◻⋈◻⋈◻⋈◻⋈◻⋈◻⋈◻⋈◻⋈◻⋈◻⋈◻⋈◻⋈◻⋈◻⋈◻⋈◻⋈◻⋈◻⋈◻⋈◻⋈◻⋈◻⋈⊙⋈≺⋈◻⋈⊙⋈◻⋈⊙⊥◻⋈◻⋈◻⋈◻⋈◻⋈◻⋈◻⋈⊙⋈⊙⋈◻⋈⊙⋈◻⋈◻⋈◻⋈◻⋈◻⋈◻⋈◻⋈◻⋈◻⋈◻⋈◻⋈◻⋈◻⋈◻⋈◻⋈◻⋈◻⋈◻⋈◻⋈◻⋈◻⋈◻⋈◻⋈◻⋈◻⋈◻⋈◻⋈◻⋈◻⋈◻⋈◻⋈◻⋈◻⋈◻⋈◻⋈◻⋈◻⋈◻⋈◻⋈◻⋈◻⋈◻⋈◻⋈◻⋈◻⋈◻⋈◻⋈◻⋈◻⋈◻⋈◻⋈◻⋈◻⋈◻⋈◻⋈◻⋈◻⋈◻⋈◻⋈◻⋈◻⋈⊙⋈≺⋈◻⋈⊙⋈◻⋈⊙⊥◻⋈◻⋈⊙∋⊣	clean
DeMorganBooleanCentre.truth_switch_left_adjoint_fails	⊢◻⋈◻⋈◻⋈◻⋈◻⋈◻⋈◻⋈◻⋈◻⋈◻⋈◻⋈◻⋈◻⋈◻⋈◻⋈◻⋈◻⋈◻⋈◻⋈◻⋈◻⋈◻⋈◻⋈◻⋈◻⋈◻⋈◻⋈◻⋈◻⋈◻⋈◻⋈◻⋈◻⋈◻⋈◻⋈◻⋈◻⋈◻⋈◻⋈◻⋈◻⋈◻⋈◻⋈◻⋈◻⋈◻⋈◻⋈◻⋈◻⋈◻⋈◻⋈◻⋈◻⋈◻⋈◻⋈◻⋈◻⋈◻⋈◻⋈◻⋈◻⋈◻⋈◻⊣	clean
DeMorganBooleanCentre.tjoin._sparseCasesOn_2.else_eq	⊢∈⊤◻⋈⊙⋈⊙⋈◻⋈⊙⋈⊙⋈⊙⋈⊙⋈⊙⋈⊙⋈⊙⋈⊙⊥⊙⊥◻⋈◻⋈◻⋈◻⋈◻⋈⊙⋈◻⋈◻⋈⊙⋈◻⋈⊙⋈⊙⋈⊙⋈⊙⋈⊙⋈⊙⋈◻⋈◻⋈◻⋈◻⋈◻⋈◻⋈⊙⋈◻⋈⊙⋈◻⋈⊙⋈⊙⋈◻⋈◻⋈⊙⋈◻⋈⊙⋈◻⋈⊙⋈◻⋈◻⋈⊙⋈◻⋈⊙⋈⊙⋈⊙⋈⊙⋈⊙⋈⊙⋈◻⋈◻⋈◻⋈◻⋈⊙⋈◻⋈⊙⋈◻⋈⊙⋈⊙⋈◻⋈◻⋈⊙⋈◻⋈⊙⋈◻⋈◻⋈◻⋈⊙⋈◻⋈⊙⋈≺⋈◻⋈◻⋈⊙⋈◻⋈◻⋈⊙⋈◻⋈◻⋈◻⋈⊙⋈◻⋈⊙⋈⊙⋈⊙⋈◻⋈⊙⋈≺⋈◻⋈◻⋈⊙⋈◻⋈⊙⋈◻⋈◻⋈◻⋈⊙⊥◻⋈◻⋈◻⋈◻⋈◻⋈⊙⋈◻⋈◻⋈⊙⋈◻⋈⊙⋈⊙⋈⊙⋈⊙⋈⊙⋈⊙⋈◻⋈◻⋈◻⋈◻⋈◻⋈◻⋈⊙⋈◻⋈⊙⋈◻⋈⊙⋈⊙⋈◻⋈◻⋈⊙⋈◻⋈⊙⋈◻⋈⊙⋈◻⋈◻⋈⊙⋈◻⋈⊙⋈⊙⋈⊙⋈⊙⋈⊙⋈⊙⋈◻⋈◻⋈◻⋈◻⋈⊙⋈◻⋈⊙⋈◻⋈⊙⋈⊙⋈◻⋈◻⋈⊙⋈◻⋈⊙⋈◻⋈◻⋈◻⋈⊙⋈◻⋈⊙⋈≺⋈◻⋈◻⋈⊙⋈◻⋈◻⋈⊙⋈◻⋈◻⋈◻⋈⊙⋈◻⋈⊙⋈⊙⋈⊙⋈◻⋈⊙⋈≺⋈◻⋈◻⋈⊙⋈◻⋈⊙⋈◻⋈◻⋈◻⋈⊙⊥◻⋈⊙⋈◻⋈◻⋈⊙⋈◻⋈⊙⋈⊙⋈⊙⋈⊙⊥◻⋈◻⋈◻⋈◻⋈◻⋈⊙⋈◻⋈◻⋈⊙⋈◻⋈⊙⋈⊙⋈⊙⋈⊙⋈⊙⋈⊙⋈◻⋈◻⋈◻⋈◻⋈◻⋈◻⋈⊙⋈◻⋈⊙⋈◻⋈⊙⋈⊙⋈◻⋈◻⋈⊙⋈◻⋈⊙⋈◻⋈⊙⋈◻⋈◻⋈⊙⋈◻⋈⊙⋈⊙⋈⊙⋈⊙⋈⊙⋈⊙⋈◻⋈◻⋈◻⋈◻⋈⊙⋈◻⋈⊙⋈◻⋈⊙⋈⊙⋈◻⋈◻⋈⊙⋈◻⋈⊙⋈◻⋈◻⋈◻⋈⊙⋈◻⋈⊙⋈≺⋈◻⋈◻⋈⊙⋈◻⋈◻⋈⊙⋈◻⋈◻⋈◻⋈⊙⋈◻⋈⊙⋈⊙⋈⊙⋈◻⋈⊙⋈≺⋈◻⋈◻⋈⊙⋈◻⋈⊙⋈◻⋈◻⋈◻⋈⊙⊥⊙⊥⊙⊥◻⋈◻⋈◻⋈⊙∋⊣	clean
DeMorganBooleanCentre.tjoin_assoc	⊢∈⊤◻⋈◻⋈◻⋈◻⋈⊙⋈⊙⋈⊙⋈◻⋈⊙⋈◻⋈⊙⋈⊙⊥⊙⊥◻⋈◻⋈◻⋈◻⋈◻⋈◻⋈◻⋈⊙⋈⊙⋈⊙⋈◻⋈⊙⋈◻⋈⊙⋈⊙⋈∈⊤◻⋈◻⋈◻⋈◻⋈◻⋈⊙⋈⊙⋈◻⋈◻⋈◻⋈⊙⋈⊙⊥⊙⊥◻⋈◻⋈◻⋈◻⋈◻⋈◻⋈◻⋈◻⋈⊙⋈⊙⋈◻⋈◻⋈◻⋈⊙⋈⊙⋈∈⊤◻⋈◻⋈◻⋈◻⋈◻⋈◻⋈⊙⋈◻⋈◻⋈◻⋈◻⋈⊙⊥⊙⊥◻⋈◻⋈◻⋈◻⋈◻⋈◻⋈◻⋈◻⋈◻⋈⊙⋈◻⋈◻⋈◻⋈◻⋈⊙⋈◻⋈◻⋈◻⋈◻⋈◻⋈◻⋈◻⋈⊙⋈≺⋈◻⋈⊙⋈◻⋈⊙⊥◻⋈◻⋈◻⋈◻⋈◻⋈◻⋈◻⋈◻⋈◻⋈⊙⋈◻⋈◻⋈◻⋈◻⋈⊙⋈◻⋈◻⋈◻⋈◻⋈◻⋈◻⋈◻⋈⊙⋈≺⋈◻⋈⊙⋈◻⋈⊙⊥◻⋈◻⋈◻⋈◻⋈◻⋈◻⋈◻⋈◻⋈◻⋈⊙⋈◻⋈◻⋈◻⋈◻⋈⊙⋈◻⋈◻⋈◻⋈◻⋈◻⋈◻⋈◻⋈⊙⋈≺⋈◻⋈⊙⋈◻⋈⊙⊥◻⋈◻⋈◻⋈◻⋈◻⋈◻⋈◻⋈◻⋈◻⋈⊙⋈◻⋈◻⋈◻⋈◻⋈⊙⋈◻⋈◻⋈◻⋈◻⋈◻⋈◻⋈◻⋈⊙⋈≺⋈◻⋈⊙⋈◻⋈⊙⊥◻⋈◻⋈⊙∋⋈⊙⋈≺⋈◻⋈⊙⋈◻⋈⊙⊥◻⋈◻⋈◻⋈◻⋈◻⋈◻⋈◻⋈◻⋈⊙⋈⊙⋈◻⋈◻⋈◻⋈⊙⋈⊙⋈∈⊤◻⋈◻⋈◻⋈◻⋈◻⋈◻⋈⊙⋈◻⋈◻⋈◻⋈◻⋈⊙⊥⊙⊥◻⋈◻⋈◻⋈◻⋈◻⋈◻⋈◻⋈◻⋈◻⋈⊙⋈◻⋈◻⋈◻⋈◻⋈⊙⋈◻⋈◻⋈◻⋈◻⋈◻⋈◻⋈◻⋈⊙⋈≺⋈◻⋈⊙⋈◻⋈⊙⊥◻⋈◻⋈◻⋈◻⋈◻⋈◻⋈◻⋈◻⋈◻⋈⊙⋈◻⋈◻⋈◻⋈◻⋈⊙⋈◻⋈◻⋈◻⋈◻⋈◻⋈◻⋈◻⋈⊙⋈≺⋈◻⋈⊙⋈◻⋈⊙⊥◻⋈◻⋈◻⋈◻⋈◻⋈◻⋈◻⋈◻⋈◻⋈⊙⋈◻⋈◻⋈◻⋈◻⋈⊙⋈◻⋈◻⋈◻⋈◻⋈◻⋈◻⋈◻⋈⊙⋈≺⋈◻⋈⊙⋈◻⋈⊙⊥◻⋈◻⋈◻⋈◻⋈◻⋈◻⋈◻⋈◻⋈◻⋈⊙⋈◻⋈◻⋈◻⋈◻⋈⊙⋈◻⋈◻⋈◻⋈◻⋈◻⋈◻⋈◻⋈⊙⋈≺⋈◻⋈⊙⋈◻⋈⊙⊥◻⋈◻⋈⊙∋⋈⊙⋈≺⋈◻⋈⊙⋈◻⋈⊙⊥◻⋈◻⋈◻⋈◻⋈◻⋈◻⋈◻⋈◻⋈⊙⋈⊙⋈◻⋈◻⋈◻⋈⊙⋈⊙⋈∈⊤◻⋈◻⋈◻⋈◻⋈◻⋈◻⋈⊙⋈◻⋈◻⋈◻⋈◻⋈⊙⊥⊙⊥◻⋈◻⋈◻⋈◻⋈◻⋈◻⋈◻⋈◻⋈◻⋈⊙⋈◻⋈◻⋈◻⋈◻⋈⊙⋈◻⋈◻⋈◻⋈◻⋈◻⋈◻⋈◻⋈⊙⋈≺⋈◻⋈⊙⋈◻⋈⊙⊥◻⋈◻⋈◻⋈◻⋈◻⋈◻⋈◻⋈◻⋈◻⋈⊙⋈◻⋈◻⋈◻⋈◻⋈⊙⋈◻⋈◻⋈◻⋈◻⋈◻⋈◻⋈◻⋈⊙⋈≺⋈◻⋈⊙⋈◻⋈⊙⊥◻⋈◻⋈◻⋈◻⋈◻⋈◻⋈◻⋈◻⋈◻⋈⊙⋈◻⋈◻⋈◻⋈◻⋈⊙⋈◻⋈◻⋈◻⋈◻⋈◻⋈◻⋈◻⋈⊙⋈≺⋈◻⋈⊙⋈◻⋈⊙⊥◻⋈◻⋈◻⋈◻⋈◻⋈◻⋈◻⋈◻⋈◻⋈⊙⋈◻⋈◻⋈◻⋈◻⋈⊙⋈◻⋈◻⋈◻⋈◻⋈◻⋈◻⋈◻⋈⊙⋈≺⋈◻⋈⊙⋈◻⋈⊙⊥◻⋈◻⋈⊙∋⋈⊙⋈≺⋈◻⋈⊙⋈◻⋈⊙⊥◻⋈◻⋈◻⋈◻⋈◻⋈◻⋈◻⋈◻⋈⊙⋈⊙⋈◻⋈◻⋈◻⋈⊙⋈⊙⋈∈⊤◻⋈◻⋈◻⋈◻⋈◻⋈◻⋈⊙⋈◻⋈◻⋈◻⋈◻⋈⊙⊥⊙⊥◻⋈◻⋈◻⋈◻⋈◻⋈◻⋈◻⋈◻⋈◻⋈⊙⋈◻⋈◻⋈◻⋈◻⋈⊙⋈◻⋈◻⋈◻⋈◻⋈◻⋈◻⋈◻⋈⊙⋈≺⋈◻⋈⊙⋈◻⋈⊙⊥◻⋈◻⋈◻⋈◻⋈◻⋈◻⋈◻⋈◻⋈◻⋈⊙⋈◻⋈◻⋈◻⋈◻⋈⊙⋈◻⋈◻⋈◻⋈◻⋈◻⋈◻⋈◻⋈⊙⋈≺⋈◻⋈⊙⋈◻⋈⊙⊥◻⋈◻⋈◻⋈◻⋈◻⋈◻⋈◻⋈◻⋈◻⋈⊙⋈◻⋈◻⋈◻⋈◻⋈⊙⋈◻⋈◻⋈◻⋈◻⋈◻⋈◻⋈◻⋈⊙⋈≺⋈◻⋈⊙⋈◻⋈⊙⊥◻⋈◻⋈◻⋈◻⋈◻⋈◻⋈◻⋈◻⋈◻⋈⊙⋈◻⋈◻⋈◻⋈◻⋈⊙⋈◻⋈◻⋈◻⋈◻⋈◻⋈◻⋈◻⋈⊙⋈≺⋈◻⋈⊙⋈◻⋈⊙⊥◻⋈◻⋈⊙∋⋈⊙⋈≺⋈◻⋈⊙⋈◻⋈⊙⊥◻⋈◻⋈⊙∋⋈⊙⋈≺⋈◻⋈⊙⋈◻⋈⊙⊥◻⋈◻⋈◻⋈◻⋈◻⋈◻⋈◻⋈⊙⋈⊙⋈⊙⋈◻⋈⊙⋈◻⋈⊙⋈⊙⋈∈⊤◻⋈◻⋈◻⋈◻⋈◻⋈⊙⋈⊙⋈◻⋈◻⋈◻⋈⊙⋈⊙⊥⊙⊥◻⋈◻⋈◻⋈◻⋈◻⋈◻⋈◻⋈◻⋈⊙⋈⊙⋈◻⋈◻⋈◻⋈⊙⋈⊙⋈∈⊤◻⋈◻⋈◻⋈◻⋈◻⋈◻⋈⊙⋈◻⋈◻⋈◻⋈◻⋈⊙⊥⊙⊥◻⋈◻⋈◻⋈◻⋈◻⋈◻⋈◻⋈◻⋈◻⋈⊙⋈◻⋈◻⋈◻⋈◻⋈⊙⋈◻⋈◻⋈◻⋈◻⋈◻⋈◻⋈◻⋈⊙⋈≺⋈◻⋈⊙⋈◻⋈⊙⊥◻⋈◻⋈◻⋈◻⋈◻⋈◻⋈◻⋈◻⋈◻⋈⊙⋈◻⋈◻⋈◻⋈◻⋈⊙⋈◻⋈◻⋈◻⋈◻⋈◻⋈◻⋈◻⋈⊙⋈≺⋈◻⋈⊙⋈◻⋈⊙⊥◻⋈◻⋈◻⋈◻⋈◻⋈◻⋈◻⋈◻⋈◻⋈⊙⋈◻⋈◻⋈◻⋈◻⋈⊙⋈◻⋈◻⋈◻⋈◻⋈◻⋈◻⋈◻⋈⊙⋈≺⋈◻⋈⊙⋈◻⋈⊙⊥◻⋈◻⋈◻⋈◻⋈◻⋈◻⋈◻⋈◻⋈◻⋈⊙⋈◻⋈◻⋈◻⋈◻⋈⊙⋈◻⋈◻⋈◻⋈◻⋈◻⋈◻⋈◻⋈⊙⋈≺⋈◻⋈⊙⋈◻⋈⊙⊥◻⋈◻⋈⊙∋⋈⊙⋈≺⋈◻⋈⊙⋈◻⋈⊙⊥◻⋈◻⋈◻⋈◻⋈◻⋈◻⋈◻⋈◻⋈⊙⋈⊙⋈◻⋈◻⋈◻⋈⊙⋈⊙⋈∈⊤◻⋈◻⋈◻⋈◻⋈◻⋈◻⋈⊙⋈◻⋈◻⋈◻⋈◻⋈⊙⊥⊙⊥◻⋈◻⋈◻⋈◻⋈◻⋈◻⋈◻⋈◻⋈◻⋈⊙⋈◻⋈◻⋈◻⋈◻⋈⊙⋈◻⋈◻⋈◻⋈◻⋈◻⋈◻⋈◻⋈⊙⋈≺⋈◻⋈⊙⋈◻⋈⊙⊥◻⋈◻⋈◻⋈◻⋈◻⋈◻⋈◻⋈◻⋈◻⋈⊙⋈◻⋈◻⋈◻⋈◻⋈⊙⋈◻⋈◻⋈◻⋈◻⋈◻⋈◻⋈◻⋈⊙⋈≺⋈◻⋈⊙⋈◻⋈⊙⊥◻⋈◻⋈◻⋈◻⋈◻⋈◻⋈◻⋈◻⋈◻⋈⊙⋈◻⋈◻⋈◻⋈◻⋈⊙⋈◻⋈◻⋈◻⋈◻⋈◻⋈◻⋈◻⋈⊙⋈≺⋈◻⋈⊙⋈◻⋈⊙⊥◻⋈◻⋈◻⋈◻⋈◻⋈◻⋈◻⋈◻⋈◻⋈⊙⋈◻⋈◻⋈◻⋈◻⋈⊙⋈◻⋈◻⋈◻⋈◻⋈◻⋈◻⋈◻⋈⊙⋈≺⋈◻⋈⊙⋈◻⋈⊙⊥◻⋈◻⋈⊙∋⋈⊙⋈≺⋈◻⋈⊙⋈◻⋈⊙⊥◻⋈◻⋈◻⋈◻⋈◻⋈◻⋈◻⋈◻⋈⊙⋈⊙⋈◻⋈◻⋈◻⋈⊙⋈⊙⋈∈⊤◻⋈◻⋈◻⋈◻⋈◻⋈◻⋈⊙⋈◻⋈◻⋈◻⋈◻⋈⊙⊥⊙⊥◻⋈◻⋈◻⋈◻⋈◻⋈◻⋈◻⋈◻⋈◻⋈⊙⋈◻⋈◻⋈◻⋈◻⋈⊙⋈◻⋈◻⋈◻⋈◻⋈◻⋈◻⋈◻⋈⊙⋈≺⋈◻⋈⊙⋈◻⋈⊙⊥◻⋈◻⋈◻⋈◻⋈◻⋈◻⋈◻⋈◻⋈◻⋈⊙⋈◻⋈◻⋈◻⋈◻⋈⊙⋈◻⋈◻⋈◻⋈◻⋈◻⋈◻⋈◻⋈⊙⋈≺⋈◻⋈⊙⋈◻⋈⊙⊥◻⋈◻⋈◻⋈◻⋈◻⋈◻⋈◻⋈◻⋈◻⋈⊙⋈◻⋈◻⋈◻⋈◻⋈⊙⋈◻⋈◻⋈◻⋈◻⋈◻⋈◻⋈◻⋈⊙⋈≺⋈◻⋈⊙⋈◻⋈⊙⊥◻⋈◻⋈◻⋈◻⋈◻⋈◻⋈◻⋈◻⋈◻⋈⊙⋈◻⋈◻⋈◻⋈◻⋈⊙⋈◻⋈◻⋈◻⋈◻⋈◻⋈◻⋈◻⋈⊙⋈≺⋈◻⋈⊙⋈◻⋈⊙⊥◻⋈◻⋈⊙∋⋈⊙⋈≺⋈◻⋈⊙⋈◻⋈⊙⊥◻⋈◻⋈◻⋈◻⋈◻⋈◻⋈◻⋈◻⋈⊙⋈⊙⋈◻⋈◻⋈◻⋈⊙⋈⊙⋈∈⊤◻⋈◻⋈◻⋈◻⋈◻⋈◻⋈⊙⋈◻⋈◻⋈◻⋈◻⋈⊙⊥⊙⊥◻⋈◻⋈◻⋈◻⋈◻⋈◻⋈◻⋈◻⋈◻⋈⊙⋈◻⋈◻⋈◻⋈◻⋈⊙⋈◻⋈◻⋈◻⋈◻⋈◻⋈◻⋈◻⋈⊙⋈≺⋈◻⋈⊙⋈◻⋈⊙⊥◻⋈◻⋈◻⋈◻⋈◻⋈◻⋈◻⋈◻⋈◻⋈⊙⋈◻⋈◻⋈◻⋈◻⋈⊙⋈◻⋈◻⋈◻⋈◻⋈◻⋈◻⋈◻⋈⊙⋈≺⋈◻⋈⊙⋈◻⋈⊙⊥◻⋈◻⋈◻⋈◻⋈◻⋈◻⋈◻⋈◻⋈◻⋈⊙⋈◻⋈◻⋈◻⋈◻⋈⊙⋈◻⋈◻⋈◻⋈◻⋈◻⋈◻⋈◻⋈⊙⋈≺⋈◻⋈⊙⋈◻⋈⊙⊥◻⋈◻⋈◻⋈◻⋈◻⋈◻⋈◻⋈◻⋈◻⋈⊙⋈◻⋈◻⋈◻⋈◻⋈⊙⋈◻⋈◻⋈◻⋈◻⋈◻⋈◻⋈◻⋈⊙⋈≺⋈◻⋈⊙⋈◻⋈⊙⊥◻⋈◻⋈⊙∋⋈⊙⋈≺⋈◻⋈⊙⋈◻⋈⊙⊥◻⋈◻⋈⊙∋⋈⊙⋈≺⋈◻⋈⊙⋈◻⋈⊙⊥◻⋈◻⋈◻⋈◻⋈◻⋈◻⋈◻⋈⊙⋈⊙⋈⊙⋈◻⋈⊙⋈◻⋈⊙⋈⊙⋈∈⊤◻⋈◻⋈◻⋈◻⋈◻⋈⊙⋈⊙⋈◻⋈◻⋈◻⋈⊙⋈⊙⊥⊙⊥◻⋈◻⋈◻⋈◻⋈◻⋈◻⋈◻⋈◻⋈⊙⋈⊙⋈◻⋈◻⋈◻⋈⊙⋈⊙⋈∈⊤◻⋈◻⋈◻⋈◻⋈◻⋈◻⋈⊙⋈◻⋈◻⋈◻⋈◻⋈⊙⊥⊙⊥◻⋈◻⋈◻⋈◻⋈◻⋈◻⋈◻⋈◻⋈◻⋈⊙⋈◻⋈◻⋈◻⋈◻⋈⊙⋈◻⋈◻⋈◻⋈◻⋈◻⋈◻⋈◻⋈⊙⋈≺⋈◻⋈⊙⋈◻⋈⊙⊥◻⋈◻⋈◻⋈◻⋈◻⋈◻⋈◻⋈◻⋈◻⋈⊙⋈◻⋈◻⋈◻⋈◻⋈⊙⋈◻⋈◻⋈◻⋈◻⋈◻⋈◻⋈◻⋈⊙⋈≺⋈◻⋈⊙⋈◻⋈⊙⊥◻⋈◻⋈◻⋈◻⋈◻⋈◻⋈◻⋈◻⋈◻⋈⊙⋈◻⋈◻⋈◻⋈◻⋈⊙⋈◻⋈◻⋈◻⋈◻⋈◻⋈◻⋈◻⋈⊙⋈≺⋈◻⋈⊙⋈◻⋈⊙⊥◻⋈◻⋈◻⋈◻⋈◻⋈◻⋈◻⋈◻⋈◻⋈⊙⋈◻⋈◻⋈◻⋈◻⋈⊙⋈◻⋈◻⋈◻⋈◻⋈◻⋈◻⋈◻⋈⊙⋈≺⋈◻⋈⊙⋈◻⋈⊙⊥◻⋈◻⋈⊙∋⋈⊙⋈≺⋈◻⋈⊙⋈◻⋈⊙⊥◻⋈◻⋈◻⋈◻⋈◻⋈◻⋈◻⋈◻⋈⊙⋈⊙⋈◻⋈◻⋈◻⋈⊙⋈⊙⋈∈⊤◻⋈◻⋈◻⋈◻⋈◻⋈◻⋈⊙⋈◻⋈◻⋈◻⋈◻⋈⊙⊥⊙⊥◻⋈◻⋈◻⋈◻⋈◻⋈◻⋈◻⋈◻⋈◻⋈⊙⋈◻⋈◻⋈◻⋈◻⋈⊙⋈◻⋈◻⋈◻⋈◻⋈◻⋈◻⋈◻⋈⊙⋈≺⋈◻⋈⊙⋈◻⋈⊙⊥◻⋈◻⋈◻⋈◻⋈◻⋈◻⋈◻⋈◻⋈◻⋈⊙⋈◻⋈◻⋈◻⋈◻⋈⊙⋈◻⋈◻⋈◻⋈◻⋈◻⋈◻⋈◻⋈⊙⋈≺⋈◻⋈⊙⋈◻⋈⊙⊥◻⋈◻⋈◻⋈◻⋈◻⋈◻⋈◻⋈◻⋈◻⋈⊙⋈◻⋈◻⋈◻⋈◻⋈⊙⋈◻⋈◻⋈◻⋈◻⋈◻⋈◻⋈◻⋈⊙⋈≺⋈◻⋈⊙⋈◻⋈⊙⊥◻⋈◻⋈◻⋈◻⋈◻⋈◻⋈◻⋈◻⋈◻⋈⊙⋈◻⋈◻⋈◻⋈◻⋈⊙⋈◻⋈◻⋈◻⋈◻⋈◻⋈◻⋈◻⋈⊙⋈≺⋈◻⋈⊙⋈◻⋈⊙⊥◻⋈◻⋈⊙∋⋈⊙⋈≺⋈◻⋈⊙⋈◻⋈⊙⊥◻⋈◻⋈◻⋈◻⋈◻⋈◻⋈◻⋈◻⋈⊙⋈⊙⋈◻⋈◻⋈◻⋈⊙⋈⊙⋈∈⊤◻⋈◻⋈◻⋈◻⋈◻⋈◻⋈⊙⋈◻⋈◻⋈◻⋈◻⋈⊙⊥⊙⊥◻⋈◻⋈◻⋈◻⋈◻⋈◻⋈◻⋈◻⋈◻⋈⊙⋈◻⋈◻⋈◻⋈◻⋈⊙⋈◻⋈◻⋈◻⋈◻⋈◻⋈◻⋈◻⋈⊙⋈≺⋈◻⋈⊙⋈◻⋈⊙⊥◻⋈◻⋈◻⋈◻⋈◻⋈◻⋈◻⋈◻⋈◻⋈⊙⋈◻⋈◻⋈◻⋈◻⋈⊙⋈◻⋈◻⋈◻⋈◻⋈◻⋈◻⋈◻⋈⊙⋈≺⋈◻⋈⊙⋈◻⋈⊙⊥◻⋈◻⋈◻⋈◻⋈◻⋈◻⋈◻⋈◻⋈◻⋈⊙⋈◻⋈◻⋈◻⋈◻⋈⊙⋈◻⋈◻⋈◻⋈◻⋈◻⋈◻⋈◻⋈⊙⋈≺⋈◻⋈⊙⋈◻⋈⊙⊥◻⋈◻⋈◻⋈◻⋈◻⋈◻⋈◻⋈◻⋈◻⋈⊙⋈◻⋈◻⋈◻⋈◻⋈⊙⋈◻⋈◻⋈◻⋈◻⋈◻⋈◻⋈◻⋈⊙⋈≺⋈◻⋈⊙⋈◻⋈⊙⊥◻⋈◻⋈⊙∋⋈⊙⋈≺⋈◻⋈⊙⋈◻⋈⊙⊥◻⋈◻⋈◻⋈◻⋈◻⋈◻⋈◻⋈◻⋈⊙⋈⊙⋈◻⋈◻⋈◻⋈⊙⋈⊙⋈∈⊤◻⋈◻⋈◻⋈◻⋈◻⋈◻⋈⊙⋈◻⋈◻⋈◻⋈◻⋈⊙⊥⊙⊥◻⋈◻⋈◻⋈◻⋈◻⋈◻⋈◻⋈◻⋈◻⋈⊙⋈◻⋈◻⋈◻⋈◻⋈⊙⋈◻⋈◻⋈◻⋈◻⋈◻⋈◻⋈◻⋈⊙⋈≺⋈◻⋈⊙⋈◻⋈⊙⊥◻⋈◻⋈◻⋈◻⋈◻⋈◻⋈◻⋈◻⋈◻⋈⊙⋈◻⋈◻⋈◻⋈◻⋈⊙⋈◻⋈◻⋈◻⋈◻⋈◻⋈◻⋈◻⋈⊙⋈≺⋈◻⋈⊙⋈◻⋈⊙⊥◻⋈◻⋈◻⋈◻⋈◻⋈◻⋈◻⋈◻⋈◻⋈⊙⋈◻⋈◻⋈◻⋈◻⋈⊙⋈◻⋈◻⋈◻⋈◻⋈◻⋈◻⋈◻⋈⊙⋈≺⋈◻⋈⊙⋈◻⋈⊙⊥◻⋈◻⋈◻⋈◻⋈◻⋈◻⋈◻⋈◻⋈◻⋈⊙⋈◻⋈◻⋈◻⋈◻⋈⊙⋈◻⋈◻⋈◻⋈◻⋈◻⋈◻⋈◻⋈⊙⋈≺⋈◻⋈⊙⋈◻⋈⊙⊥◻⋈◻⋈⊙∋⋈⊙⋈≺⋈◻⋈⊙⋈◻⋈⊙⊥◻⋈◻⋈⊙∋⋈⊙⋈≺⋈◻⋈⊙⋈◻⋈⊙⊥◻⋈◻⋈◻⋈◻⋈◻⋈◻⋈◻⋈⊙⋈⊙⋈⊙⋈◻⋈⊙⋈◻⋈⊙⋈⊙⋈∈⊤◻⋈◻⋈◻⋈◻⋈◻⋈⊙⋈⊙⋈◻⋈◻⋈◻⋈⊙⋈⊙⊥⊙⊥◻⋈◻⋈◻⋈◻⋈◻⋈◻⋈◻⋈◻⋈⊙⋈⊙⋈◻⋈◻⋈◻⋈⊙⋈⊙⋈∈⊤◻⋈◻⋈◻⋈◻⋈◻⋈◻⋈⊙⋈◻⋈◻⋈◻⋈◻⋈⊙⊥⊙⊥◻⋈◻⋈◻⋈◻⋈◻⋈◻⋈◻⋈◻⋈◻⋈⊙⋈◻⋈◻⋈◻⋈◻⋈⊙⋈◻⋈◻⋈◻⋈◻⋈◻⋈◻⋈◻⋈⊙⋈≺⋈◻⋈⊙⋈◻⋈⊙⊥◻⋈◻⋈◻⋈◻⋈◻⋈◻⋈◻⋈◻⋈◻⋈⊙⋈◻⋈◻⋈◻⋈◻⋈⊙⋈◻⋈◻⋈◻⋈◻⋈◻⋈◻⋈◻⋈⊙⋈≺⋈◻⋈⊙⋈◻⋈⊙⊥◻⋈◻⋈◻⋈◻⋈◻⋈◻⋈◻⋈◻⋈◻⋈⊙⋈◻⋈◻⋈◻⋈◻⋈⊙⋈◻⋈◻⋈◻⋈◻⋈◻⋈◻⋈◻⋈⊙⋈≺⋈◻⋈⊙⋈◻⋈⊙⊥◻⋈◻⋈◻⋈◻⋈◻⋈◻⋈◻⋈◻⋈◻⋈⊙⋈◻⋈◻⋈◻⋈◻⋈⊙⋈◻⋈◻⋈◻⋈◻⋈◻⋈◻⋈◻⋈⊙⋈≺⋈◻⋈⊙⋈◻⋈⊙⊥◻⋈◻⋈⊙∋⋈⊙⋈≺⋈◻⋈⊙⋈◻⋈⊙⊥◻⋈◻⋈◻⋈◻⋈◻⋈◻⋈◻⋈◻⋈⊙⋈⊙⋈◻⋈◻⋈◻⋈⊙⋈⊙⋈∈⊤◻⋈◻⋈◻⋈◻⋈◻⋈◻⋈⊙⋈◻⋈◻⋈◻⋈◻⋈⊙⊥⊙⊥◻⋈◻⋈◻⋈◻⋈◻⋈◻⋈◻⋈◻⋈◻⋈⊙⋈◻⋈◻⋈◻⋈◻⋈⊙⋈◻⋈◻⋈◻⋈◻⋈◻⋈◻⋈◻⋈⊙⋈≺⋈◻⋈⊙⋈◻⋈⊙⊥◻⋈◻⋈◻⋈◻⋈◻⋈◻⋈◻⋈◻⋈◻⋈⊙⋈◻⋈◻⋈◻⋈◻⋈⊙⋈◻⋈◻⋈◻⋈◻⋈◻⋈◻⋈◻⋈⊙⋈≺⋈◻⋈⊙⋈◻⋈⊙⊥◻⋈◻⋈◻⋈◻⋈◻⋈◻⋈◻⋈◻⋈◻⋈⊙⋈◻⋈◻⋈◻⋈◻⋈⊙⋈◻⋈◻⋈◻⋈◻⋈◻⋈◻⋈◻⋈⊙⋈≺⋈◻⋈⊙⋈◻⋈⊙⊥◻⋈◻⋈◻⋈◻⋈◻⋈◻⋈◻⋈◻⋈◻⋈⊙⋈◻⋈◻⋈◻⋈◻⋈⊙⋈◻⋈◻⋈◻⋈◻⋈◻⋈◻⋈◻⋈⊙⋈≺⋈◻⋈⊙⋈◻⋈⊙⊥◻⋈◻⋈⊙∋⋈⊙⋈≺⋈◻⋈⊙⋈◻⋈⊙⊥◻⋈◻⋈◻⋈◻⋈◻⋈◻⋈◻⋈◻⋈⊙⋈⊙⋈◻⋈◻⋈◻⋈⊙⋈⊙⋈∈⊤◻⋈◻⋈◻⋈◻⋈◻⋈◻⋈⊙⋈◻⋈◻⋈◻⋈◻⋈⊙⊥⊙⊥◻⋈◻⋈◻⋈◻⋈◻⋈◻⋈◻⋈◻⋈◻⋈⊙⋈◻⋈◻⋈◻⋈◻⋈⊙⋈◻⋈◻⋈◻⋈◻⋈◻⋈◻⋈◻⋈⊙⋈≺⋈◻⋈⊙⋈◻⋈⊙⊥◻⋈◻⋈◻⋈◻⋈◻⋈◻⋈◻⋈◻⋈◻⋈⊙⋈◻⋈◻⋈◻⋈◻⋈⊙⋈◻⋈◻⋈◻⋈◻⋈◻⋈◻⋈◻⋈⊙⋈≺⋈◻⋈⊙⋈◻⋈⊙⊥◻⋈◻⋈◻⋈◻⋈◻⋈◻⋈◻⋈◻⋈◻⋈⊙⋈◻⋈◻⋈◻⋈◻⋈⊙⋈◻⋈◻⋈◻⋈◻⋈◻⋈◻⋈◻⋈⊙⋈≺⋈◻⋈⊙⋈◻⋈⊙⊥◻⋈◻⋈◻⋈◻⋈◻⋈◻⋈◻⋈◻⋈◻⋈⊙⋈◻⋈◻⋈◻⋈◻⋈⊙⋈◻⋈◻⋈◻⋈◻⋈◻⋈◻⋈◻⋈⊙⋈≺⋈◻⋈⊙⋈◻⋈⊙⊥◻⋈◻⋈⊙∋⋈⊙⋈≺⋈◻⋈⊙⋈◻⋈⊙⊥◻⋈◻⋈◻⋈◻⋈◻⋈◻⋈◻⋈◻⋈⊙⋈⊙⋈◻⋈◻⋈◻⋈⊙⋈⊙⋈∈⊤◻⋈◻⋈◻⋈◻⋈◻⋈◻⋈⊙⋈◻⋈◻⋈◻⋈◻⋈⊙⊥⊙⊥◻⋈◻⋈◻⋈◻⋈◻⋈◻⋈◻⋈◻⋈◻⋈⊙⋈◻⋈◻⋈◻⋈◻⋈⊙⋈◻⋈◻⋈◻⋈◻⋈◻⋈◻⋈◻⋈⊙⋈≺⋈◻⋈⊙⋈◻⋈⊙⊥◻⋈◻⋈◻⋈◻⋈◻⋈◻⋈◻⋈◻⋈◻⋈⊙⋈◻⋈◻⋈◻⋈◻⋈⊙⋈◻⋈◻⋈◻⋈◻⋈◻⋈◻⋈◻⋈⊙⋈≺⋈◻⋈⊙⋈◻⋈⊙⊥◻⋈◻⋈◻⋈◻⋈◻⋈◻⋈◻⋈◻⋈◻⋈⊙⋈◻⋈◻⋈◻⋈◻⋈⊙⋈◻⋈◻⋈◻⋈◻⋈◻⋈◻⋈◻⋈⊙⋈≺⋈◻⋈⊙⋈◻⋈⊙⊥◻⋈◻⋈◻⋈◻⋈◻⋈◻⋈◻⋈◻⋈◻⋈⊙⋈◻⋈◻⋈◻⋈◻⋈⊙⋈◻⋈◻⋈◻⋈◻⋈◻⋈◻⋈◻⋈⊙⋈≺⋈◻⋈⊙⋈◻⋈⊙⊥◻⋈◻⋈⊙∋⋈⊙⋈≺⋈◻⋈⊙⋈◻⋈⊙⊥◻⋈◻⋈⊙∋⋈⊙⋈≺⋈◻⋈⊙⋈◻⋈⊙⊥◻⋈◻⋈⊙∋⊣	clean
DeMorganBooleanCentre.tmeet_comm	⊢∈⊤◻⋈◻⋈◻⋈⊙⋈⊙⋈◻⋈⊙⋈⊙⊥⊙⊥◻⋈◻⋈◻⋈◻⋈◻⋈◻⋈⊙⋈⊙⋈◻⋈⊙⋈⊙⋈∈⊤◻⋈◻⋈◻⋈◻⋈⊙⋈◻⋈⊙⋈◻⊥⊙⊥◻⋈◻⋈◻⋈◻⋈◻⋈◻⋈◻⋈⊙⋈◻⋈⊙⋈◻⋈◻⋈◻⋈◻⋈◻⋈◻⋈⊙⋈≺⋈◻⋈⊙⋈◻⋈⊙⊥◻⋈◻⋈◻⋈◻⋈◻⋈◻⋈◻⋈⊙⋈◻⋈⊙⋈◻⋈◻⋈◻⋈◻⋈◻⋈◻⋈⊙⋈≺⋈◻⋈⊙⋈◻⋈⊙⊥◻⋈◻⋈◻⋈◻⋈◻⋈◻⋈◻⋈⊙⋈◻⋈⊙⋈◻⋈◻⋈◻⋈◻⋈◻⋈◻⋈⊙⋈≺⋈◻⋈⊙⋈◻⋈⊙⊥◻⋈◻⋈◻⋈◻⋈◻⋈◻⋈◻⋈⊙⋈◻⋈⊙⋈◻⋈◻⋈◻⋈◻⋈◻⋈◻⋈⊙⋈≺⋈◻⋈⊙⋈◻⋈⊙⊥◻⋈◻⋈⊙∋⋈⊙⋈≺⋈◻⋈⊙⋈◻⋈⊙⊥◻⋈◻⋈◻⋈◻⋈◻⋈◻⋈⊙⋈⊙⋈◻⋈⊙⋈⊙⋈∈⊤◻⋈◻⋈◻⋈◻⋈⊙⋈◻⋈⊙⋈◻⊥⊙⊥◻⋈◻⋈◻⋈◻⋈◻⋈◻⋈◻⋈⊙⋈◻⋈⊙⋈◻⋈◻⋈◻⋈◻⋈◻⋈◻⋈⊙⋈≺⋈◻⋈⊙⋈◻⋈⊙⊥◻⋈◻⋈◻⋈◻⋈◻⋈◻⋈◻⋈⊙⋈◻⋈⊙⋈◻⋈◻⋈◻⋈◻⋈◻⋈◻⋈⊙⋈≺⋈◻⋈⊙⋈◻⋈⊙⊥◻⋈◻⋈◻⋈◻⋈◻⋈◻⋈◻⋈⊙⋈◻⋈⊙⋈◻⋈◻⋈◻⋈◻⋈◻⋈◻⋈⊙⋈≺⋈◻⋈⊙⋈◻⋈⊙⊥◻⋈◻⋈◻⋈◻⋈◻⋈◻⋈◻⋈⊙⋈◻⋈⊙⋈◻⋈◻⋈◻⋈◻⋈◻⋈◻⋈⊙⋈≺⋈◻⋈⊙⋈◻⋈⊙⊥◻⋈◻⋈⊙∋⋈⊙⋈≺⋈◻⋈⊙⋈◻⋈⊙⊥◻⋈◻⋈◻⋈◻⋈◻⋈◻⋈⊙⋈⊙⋈◻⋈⊙⋈⊙⋈∈⊤◻⋈◻⋈◻⋈◻⋈⊙⋈◻⋈⊙⋈◻⊥⊙⊥◻⋈◻⋈◻⋈◻⋈◻⋈◻⋈◻⋈⊙⋈◻⋈⊙⋈◻⋈◻⋈◻⋈◻⋈◻⋈◻⋈⊙⋈≺⋈◻⋈⊙⋈◻⋈⊙⊥◻⋈◻⋈◻⋈◻⋈◻⋈◻⋈◻⋈⊙⋈◻⋈⊙⋈◻⋈◻⋈◻⋈◻⋈◻⋈◻⋈⊙⋈≺⋈◻⋈⊙⋈◻⋈⊙⊥◻⋈◻⋈◻⋈◻⋈◻⋈◻⋈◻⋈⊙⋈◻⋈⊙⋈◻⋈◻⋈◻⋈◻⋈◻⋈◻⋈⊙⋈≺⋈◻⋈⊙⋈◻⋈⊙⊥◻⋈◻⋈◻⋈◻⋈◻⋈◻⋈◻⋈⊙⋈◻⋈⊙⋈◻⋈◻⋈◻⋈◻⋈◻⋈◻⋈⊙⋈≺⋈◻⋈⊙⋈◻⋈⊙⊥◻⋈◻⋈⊙∋⋈⊙⋈≺⋈◻⋈⊙⋈◻⋈⊙⊥◻⋈◻⋈◻⋈◻⋈◻⋈◻⋈⊙⋈⊙⋈◻⋈⊙⋈⊙⋈∈⊤◻⋈◻⋈◻⋈◻⋈⊙⋈◻⋈⊙⋈◻⊥⊙⊥◻⋈◻⋈◻⋈◻⋈◻⋈◻⋈◻⋈⊙⋈◻⋈⊙⋈◻⋈◻⋈◻⋈◻⋈◻⋈◻⋈⊙⋈≺⋈◻⋈⊙⋈◻⋈⊙⊥◻⋈◻⋈◻⋈◻⋈◻⋈◻⋈◻⋈⊙⋈◻⋈⊙⋈◻⋈◻⋈◻⋈◻⋈◻⋈◻⋈⊙⋈≺⋈◻⋈⊙⋈◻⋈⊙⊥◻⋈◻⋈◻⋈◻⋈◻⋈◻⋈◻⋈⊙⋈◻⋈⊙⋈◻⋈◻⋈◻⋈◻⋈◻⋈◻⋈⊙⋈≺⋈◻⋈⊙⋈◻⋈⊙⊥◻⋈◻⋈◻⋈◻⋈◻⋈◻⋈◻⋈⊙⋈◻⋈⊙⋈◻⋈◻⋈◻⋈◻⋈◻⋈◻⋈⊙⋈≺⋈◻⋈⊙⋈◻⋈⊙⊥◻⋈◻⋈⊙∋⋈⊙⋈≺⋈◻⋈⊙⋈◻⋈⊙⊥◻⋈◻⋈⊙∋⊣	clean
DeMorganBooleanCentre.tjoin_comm	⊢∈⊤◻⋈◻⋈◻⋈⊙⋈⊙⋈◻⋈⊙⋈⊙⊥⊙⊥◻⋈◻⋈◻⋈◻⋈◻⋈◻⋈⊙⋈⊙⋈◻⋈⊙⋈⊙⋈∈⊤◻⋈◻⋈◻⋈◻⋈⊙⋈◻⋈⊙⋈◻⊥⊙⊥◻⋈◻⋈◻⋈◻⋈◻⋈◻⋈◻⋈⊙⋈◻⋈⊙⋈◻⋈◻⋈◻⋈◻⋈◻⋈◻⋈⊙⋈≺⋈◻⋈⊙⋈◻⋈⊙⊥◻⋈◻⋈◻⋈◻⋈◻⋈◻⋈◻⋈⊙⋈◻⋈⊙⋈◻⋈◻⋈◻⋈◻⋈◻⋈◻⋈⊙⋈≺⋈◻⋈⊙⋈◻⋈⊙⊥◻⋈◻⋈◻⋈◻⋈◻⋈◻⋈◻⋈⊙⋈◻⋈⊙⋈◻⋈◻⋈◻⋈◻⋈◻⋈◻⋈⊙⋈≺⋈◻⋈⊙⋈◻⋈⊙⊥◻⋈◻⋈◻⋈◻⋈◻⋈◻⋈◻⋈⊙⋈◻⋈⊙⋈◻⋈◻⋈◻⋈◻⋈◻⋈◻⋈⊙⋈≺⋈◻⋈⊙⋈◻⋈⊙⊥◻⋈◻⋈⊙∋⋈⊙⋈≺⋈◻⋈⊙⋈◻⋈⊙⊥◻⋈◻⋈◻⋈◻⋈◻⋈◻⋈⊙⋈⊙⋈◻⋈⊙⋈⊙⋈∈⊤◻⋈◻⋈◻⋈◻⋈⊙⋈◻⋈⊙⋈◻⊥⊙⊥◻⋈◻⋈◻⋈◻⋈◻⋈◻⋈◻⋈⊙⋈◻⋈⊙⋈◻⋈◻⋈◻⋈◻⋈◻⋈◻⋈⊙⋈≺⋈◻⋈⊙⋈◻⋈⊙⊥◻⋈◻⋈◻⋈◻⋈◻⋈◻⋈◻⋈⊙⋈◻⋈⊙⋈◻⋈◻⋈◻⋈◻⋈◻⋈◻⋈⊙⋈≺⋈◻⋈⊙⋈◻⋈⊙⊥◻⋈◻⋈◻⋈◻⋈◻⋈◻⋈◻⋈⊙⋈◻⋈⊙⋈◻⋈◻⋈◻⋈◻⋈◻⋈◻⋈⊙⋈≺⋈◻⋈⊙⋈◻⋈⊙⊥◻⋈◻⋈◻⋈◻⋈◻⋈◻⋈◻⋈⊙⋈◻⋈⊙⋈◻⋈◻⋈◻⋈◻⋈◻⋈◻⋈⊙⋈≺⋈◻⋈⊙⋈◻⋈⊙⊥◻⋈◻⋈⊙∋⋈⊙⋈≺⋈◻⋈⊙⋈◻⋈⊙⊥◻⋈◻⋈◻⋈◻⋈◻⋈◻⋈⊙⋈⊙⋈◻⋈⊙⋈⊙⋈∈⊤◻⋈◻⋈◻⋈◻⋈⊙⋈◻⋈⊙⋈◻⊥⊙⊥◻⋈◻⋈◻⋈◻⋈◻⋈◻⋈◻⋈⊙⋈◻⋈⊙⋈◻⋈◻⋈◻⋈◻⋈◻⋈◻⋈⊙⋈≺⋈◻⋈⊙⋈◻⋈⊙⊥◻⋈◻⋈◻⋈◻⋈◻⋈◻⋈◻⋈⊙⋈◻⋈⊙⋈◻⋈◻⋈◻⋈◻⋈◻⋈◻⋈⊙⋈≺⋈◻⋈⊙⋈◻⋈⊙⊥◻⋈◻⋈◻⋈◻⋈◻⋈◻⋈◻⋈⊙⋈◻⋈⊙⋈◻⋈◻⋈◻⋈◻⋈◻⋈◻⋈⊙⋈≺⋈◻⋈⊙⋈◻⋈⊙⊥◻⋈◻⋈◻⋈◻⋈◻⋈◻⋈◻⋈⊙⋈◻⋈⊙⋈◻⋈◻⋈◻⋈◻⋈◻⋈◻⋈⊙⋈≺⋈◻⋈⊙⋈◻⋈⊙⊥◻⋈◻⋈⊙∋⋈⊙⋈≺⋈◻⋈⊙⋈◻⋈⊙⊥◻⋈◻⋈◻⋈◻⋈◻⋈◻⋈⊙⋈⊙⋈◻⋈⊙⋈⊙⋈∈⊤◻⋈◻⋈◻⋈◻⋈⊙⋈◻⋈⊙⋈◻⊥⊙⊥◻⋈◻⋈◻⋈◻⋈◻⋈◻⋈◻⋈⊙⋈◻⋈⊙⋈◻⋈◻⋈◻⋈◻⋈◻⋈◻⋈⊙⋈≺⋈◻⋈⊙⋈◻⋈⊙⊥◻⋈◻⋈◻⋈◻⋈◻⋈◻⋈◻⋈⊙⋈◻⋈⊙⋈◻⋈◻⋈◻⋈◻⋈◻⋈◻⋈⊙⋈≺⋈◻⋈⊙⋈◻⋈⊙⊥◻⋈◻⋈◻⋈◻⋈◻⋈◻⋈◻⋈⊙⋈◻⋈⊙⋈◻⋈◻⋈◻⋈◻⋈◻⋈◻⋈⊙⋈≺⋈◻⋈⊙⋈◻⋈⊙⊥◻⋈◻⋈◻⋈◻⋈◻⋈◻⋈◻⋈⊙⋈◻⋈⊙⋈◻⋈◻⋈◻⋈◻⋈◻⋈◻⋈⊙⋈≺⋈◻⋈⊙⋈◻⋈⊙⊥◻⋈◻⋈⊙∋⋈⊙⋈≺⋈◻⋈⊙⋈◻⋈⊙⊥◻⋈◻⋈⊙∋⊣	clean
DeMorganBooleanCentre.de_morgan_or	⊢∈⊤◻⋈◻⋈◻⋈◻⋈⊙⋈⊙⋈◻⋈◻⋈⊙⋈◻⋈⊙⊥⊙⊥◻⋈◻⋈◻⋈◻⋈◻⋈◻⋈◻⋈⊙⋈⊙⋈◻⋈◻⋈⊙⋈◻⋈⊙⋈∈⊤◻⋈◻⋈◻⋈◻⋈◻⋈⊙⋈◻⋈◻⋈◻⋈◻⋈⊙⊥⊙⊥◻⋈◻⋈◻⋈◻⋈◻⋈◻⋈◻⋈◻⋈⊙⋈◻⋈◻⋈◻⋈◻⋈⊙⋈◻⋈◻⋈◻⋈◻⋈◻⋈◻⋈⊙⋈≺⋈◻⋈⊙⋈◻⋈⊙⊥◻⋈◻⋈◻⋈◻⋈◻⋈◻⋈◻⋈◻⋈⊙⋈◻⋈◻⋈◻⋈◻⋈⊙⋈◻⋈◻⋈◻⋈◻⋈◻⋈◻⋈⊙⋈≺⋈◻⋈⊙⋈◻⋈⊙⊥◻⋈◻⋈◻⋈◻⋈◻⋈◻⋈◻⋈◻⋈⊙⋈◻⋈◻⋈◻⋈◻⋈⊙⋈◻⋈◻⋈◻⋈◻⋈◻⋈◻⋈⊙⋈≺⋈◻⋈⊙⋈◻⋈⊙⊥◻⋈◻⋈◻⋈◻⋈◻⋈◻⋈◻⋈◻⋈⊙⋈◻⋈◻⋈◻⋈◻⋈⊙⋈◻⋈◻⋈◻⋈◻⋈◻⋈◻⋈⊙⋈≺⋈◻⋈⊙⋈◻⋈⊙⊥◻⋈◻⋈⊙∋⋈⊙⋈≺⋈◻⋈⊙⋈◻⋈⊙⊥◻⋈◻⋈◻⋈◻⋈◻⋈◻⋈◻⋈⊙⋈⊙⋈◻⋈◻⋈⊙⋈◻⋈⊙⋈∈⊤◻⋈◻⋈◻⋈◻⋈◻⋈⊙⋈◻⋈◻⋈◻⋈◻⋈⊙⊥⊙⊥◻⋈◻⋈◻⋈◻⋈◻⋈◻⋈◻⋈◻⋈⊙⋈◻⋈◻⋈◻⋈◻⋈⊙⋈◻⋈◻⋈◻⋈◻⋈◻⋈◻⋈⊙⋈≺⋈◻⋈⊙⋈◻⋈⊙⊥◻⋈◻⋈◻⋈◻⋈◻⋈◻⋈◻⋈◻⋈⊙⋈◻⋈◻⋈◻⋈◻⋈⊙⋈◻⋈◻⋈◻⋈◻⋈◻⋈◻⋈⊙⋈≺⋈◻⋈⊙⋈◻⋈⊙⊥◻⋈◻⋈◻⋈◻⋈◻⋈◻⋈◻⋈◻⋈⊙⋈◻⋈◻⋈◻⋈◻⋈⊙⋈◻⋈◻⋈◻⋈◻⋈◻⋈◻⋈⊙⋈≺⋈◻⋈⊙⋈◻⋈⊙⊥◻⋈◻⋈◻⋈◻⋈◻⋈◻⋈◻⋈◻⋈⊙⋈◻⋈◻⋈◻⋈◻⋈⊙⋈◻⋈◻⋈◻⋈◻⋈◻⋈◻⋈⊙⋈≺⋈◻⋈⊙⋈◻⋈⊙⊥◻⋈◻⋈⊙∋⋈⊙⋈≺⋈◻⋈⊙⋈◻⋈⊙⊥◻⋈◻⋈◻⋈◻⋈◻⋈◻⋈◻⋈⊙⋈⊙⋈◻⋈◻⋈⊙⋈◻⋈⊙⋈∈⊤◻⋈◻⋈◻⋈◻⋈◻⋈⊙⋈◻⋈◻⋈◻⋈◻⋈⊙⊥⊙⊥◻⋈◻⋈◻⋈◻⋈◻⋈◻⋈◻⋈◻⋈⊙⋈◻⋈◻⋈◻⋈◻⋈⊙⋈◻⋈◻⋈◻⋈◻⋈◻⋈◻⋈⊙⋈≺⋈◻⋈⊙⋈◻⋈⊙⊥◻⋈◻⋈◻⋈◻⋈◻⋈◻⋈◻⋈◻⋈⊙⋈◻⋈◻⋈◻⋈◻⋈⊙⋈◻⋈◻⋈◻⋈◻⋈◻⋈◻⋈⊙⋈≺⋈◻⋈⊙⋈◻⋈⊙⊥◻⋈◻⋈◻⋈◻⋈◻⋈◻⋈◻⋈◻⋈⊙⋈◻⋈◻⋈◻⋈◻⋈⊙⋈◻⋈◻⋈◻⋈◻⋈◻⋈◻⋈⊙⋈≺⋈◻⋈⊙⋈◻⋈⊙⊥◻⋈◻⋈◻⋈◻⋈◻⋈◻⋈◻⋈◻⋈⊙⋈◻⋈◻⋈◻⋈◻⋈⊙⋈◻⋈◻⋈◻⋈◻⋈◻⋈◻⋈⊙⋈≺⋈◻⋈⊙⋈◻⋈⊙⊥◻⋈◻⋈⊙∋⋈⊙⋈≺⋈◻⋈⊙⋈◻⋈⊙⊥◻⋈◻⋈◻⋈◻⋈◻⋈◻⋈◻⋈⊙⋈⊙⋈◻⋈◻⋈⊙⋈◻⋈⊙⋈∈⊤◻⋈◻⋈◻⋈◻⋈◻⋈⊙⋈◻⋈◻⋈◻⋈◻⋈⊙⊥⊙⊥◻⋈◻⋈◻⋈◻⋈◻⋈◻⋈◻⋈◻⋈⊙⋈◻⋈◻⋈◻⋈◻⋈⊙⋈◻⋈◻⋈◻⋈◻⋈◻⋈◻⋈⊙⋈≺⋈◻⋈⊙⋈◻⋈⊙⊥◻⋈◻⋈◻⋈◻⋈◻⋈◻⋈◻⋈◻⋈⊙⋈◻⋈◻⋈◻⋈◻⋈⊙⋈◻⋈◻⋈◻⋈◻⋈◻⋈◻⋈⊙⋈≺⋈◻⋈⊙⋈◻⋈⊙⊥◻⋈◻⋈◻⋈◻⋈◻⋈◻⋈◻⋈◻⋈⊙⋈◻⋈◻⋈◻⋈◻⋈⊙⋈◻⋈◻⋈◻⋈◻⋈◻⋈◻⋈⊙⋈≺⋈◻⋈⊙⋈◻⋈⊙⊥◻⋈◻⋈◻⋈◻⋈◻⋈◻⋈◻⋈◻⋈⊙⋈◻⋈◻⋈◻⋈◻⋈⊙⋈◻⋈◻⋈◻⋈◻⋈◻⋈◻⋈⊙⋈≺⋈◻⋈⊙⋈◻⋈⊙⊥◻⋈◻⋈⊙∋⋈⊙⋈≺⋈◻⋈⊙⋈◻⋈⊙⊥◻⋈◻⋈⊙∋⊣	clean
DeMorganBooleanCentre.tjoin_agrees_with_truthLE	⊢∈⊤◻⋈◻⋈◻⋈◻⋈⊙⋈◻⋈⊙⋈⊙⋈◻⋈◻⋈◻⋈◻⋈⊙⋈◻⋈⊙⋈⊙⋈◻⊥⊙⊥◻⋈◻⋈◻⋈◻⋈◻⋈◻⋈◻⋈⊙⋈◻⋈⊙⋈⊙⋈◻⋈◻⋈◻⋈◻⋈⊙⋈◻⋈⊙⋈⊙⋈◻⋈∈⊤◻⋈◻⋈◻⋈◻⋈◻⋈◻⋈◻⋈⊙⋈◻⋈◻⋈◻⋈◻⋈⊙⋈◻⋈◻⋈⊙⋈◻⊥⊙⊥◻⋈◻⋈◻⋈◻⋈◻⋈◻⋈◻⋈◻⋈◻⋈◻⋈⊙⋈◻⋈◻⋈◻⋈◻⋈⊙⋈◻⋈◻⋈⊙⋈◻⋈◻⋈◻⋈◻⋈◻⋈◻⋈◻⋈◻⋈◻⋈◻⋈◻⋈◻⋈◻⋈◻⋈◻⋈◻⋈◻⋈◻⋈◻⋈◻⋈◻⋈◻⋈◻⋈◻⋈◻⋈◻⋈◻⋈◻⋈◻⋈◻⋈◻⋈◻⋈◻⋈◻⋈◻⋈◻⋈◻⋈◻⋈◻⋈◻⋈◻⋈◻⋈◻⋈◻⋈◻⋈◻⋈◻⋈◻⋈◻⋈◻⋈◻⋈◻⋈◻⋈◻⋈◻⋈◻⋈◻⋈◻⋈◻⋈◻⋈◻⋈◻⋈◻⋈◻⋈◻⋈◻⋈◻⋈◻⋈◻⋈◻⋈◻⋈◻⋈◻⋈◻⋈◻⋈◻⋈◻⋈◻⋈◻⋈◻⋈◻⋈◻⋈◻⋈◻⋈◻⋈◻⋈◻⋈◻⋈◻⋈◻⋈◻⋈◻⋈◻⋈◻⋈◻⋈◻⋈◻⋈◻⋈◻⋈◻⋈◻⋈◻⋈◻⋈◻⋈◻⋈◻⋈⊙⋈≺⋈◻⋈⊙⋈◻⋈⊙⊥◻⋈◻⋈◻⋈◻⋈◻⋈◻⋈◻⋈◻⋈◻⋈◻⋈⊙⋈◻⋈◻⋈◻⋈◻⋈⊙⋈◻⋈◻⋈⊙⋈◻⋈◻⋈◻⋈◻⋈◻⋈◻⋈◻⋈◻⋈◻⋈◻⋈◻⋈◻⋈◻⋈◻⋈◻⋈◻⋈◻⋈◻⋈◻⋈◻⋈◻⋈◻⋈◻⋈◻⋈◻⋈◻⋈◻⋈◻⋈◻⋈◻⋈◻⋈◻⋈◻⋈◻⋈◻⋈◻⋈◻⋈◻⋈◻⋈◻⋈◻⋈◻⋈◻⋈◻⋈◻⋈◻⋈◻⋈◻⋈◻⋈◻⋈◻⋈◻⋈◻⋈◻⋈◻⋈◻⋈◻⋈◻⋈◻⋈◻⋈◻⋈◻⋈◻⋈◻⋈◻⋈◻⋈◻⋈◻⋈◻⋈◻⋈◻⋈◻⋈◻⋈◻⋈◻⋈◻⋈◻⋈◻⋈◻⋈◻⋈◻⋈◻⋈◻⋈◻⋈◻⋈◻⋈◻⋈◻⋈◻⋈◻⋈◻⋈◻⋈◻⋈◻⋈◻⋈◻⋈◻⋈◻⋈◻⋈◻⋈◻⋈◻⋈◻⋈◻⋈◻⋈◻⋈⊙⋈≺⋈◻⋈⊙⋈◻⋈⊙⊥◻⋈◻⋈◻⋈◻⋈◻⋈◻⋈◻⋈◻⋈◻⋈◻⋈⊙⋈◻⋈◻⋈◻⋈◻⋈⊙⋈◻⋈◻⋈⊙⋈◻⋈◻⋈◻⋈◻⋈◻⋈◻⋈◻⋈◻⋈◻⋈◻⋈◻⋈◻⋈◻⋈◻⋈◻⋈◻⋈◻⋈◻⋈◻⋈◻⋈◻⋈◻⋈◻⋈◻⋈◻⋈◻⋈◻⋈◻⋈◻⋈◻⋈◻⋈◻⋈◻⋈◻⋈◻⋈◻⋈◻⋈◻⋈◻⋈◻⋈◻⋈◻⋈◻⋈◻⋈◻⋈◻⋈◻⋈◻⋈◻⋈◻⋈◻⋈◻⋈◻⋈◻⋈◻⋈◻⋈◻⋈◻⋈◻⋈◻⋈◻⋈◻⋈◻⋈◻⋈◻⋈◻⋈◻⋈◻⋈◻⋈◻⋈◻⋈◻⋈◻⋈◻⋈◻⋈◻⋈◻⋈◻⋈◻⋈◻⋈◻⋈◻⋈◻⋈◻⋈◻⋈◻⋈◻⋈◻⋈◻⋈◻⋈◻⋈◻⋈◻⋈◻⋈◻⋈◻⋈◻⋈◻⋈◻⋈◻⋈◻⋈◻⋈◻⋈◻⋈◻⋈◻⋈⊙⋈≺⋈◻⋈⊙⋈◻⋈⊙⊥◻⋈◻⋈◻⋈◻⋈◻⋈◻⋈◻⋈◻⋈◻⋈◻⋈⊙⋈◻⋈◻⋈◻⋈◻⋈⊙⋈◻⋈◻⋈⊙⋈◻⋈◻⋈◻⋈◻⋈◻⋈◻⋈◻⋈◻⋈◻⋈◻⋈◻⋈◻⋈◻⋈◻⋈◻⋈◻⋈◻⋈◻⋈◻⋈◻⋈◻⋈◻⋈◻⋈◻⋈◻⋈◻⋈◻⋈◻⋈◻⋈◻⋈◻⋈◻⋈◻⋈◻⋈◻⋈◻⋈◻⋈◻⋈◻⋈◻⋈◻⋈◻⋈◻⋈◻⋈◻⋈◻⋈◻⋈◻⋈◻⋈◻⋈◻⋈◻⋈◻⋈◻⋈◻⋈◻⋈◻⋈◻⋈◻⋈◻⋈◻⋈◻⋈◻⋈◻⋈◻⋈◻⋈◻⋈◻⋈◻⋈◻⋈◻⋈◻⋈◻⋈◻⋈◻⋈◻⋈◻⋈◻⋈◻⋈◻⋈◻⋈◻⋈◻⋈◻⋈◻⋈◻⋈◻⋈◻⋈◻⋈◻⋈◻⋈◻⋈◻⋈◻⋈◻⋈◻⋈◻⋈◻⋈◻⋈◻⋈◻⋈◻⋈◻⋈◻⋈◻⋈◻⋈⊙⋈≺⋈◻⋈⊙⋈◻⋈⊙⊥◻⋈◻⋈⊙∋⋈⊙⋈≺⋈◻⋈⊙⋈◻⋈⊙⊥◻⋈◻⋈◻⋈◻⋈◻⋈◻⋈◻⋈⊙⋈◻⋈⊙⋈⊙⋈◻⋈◻⋈◻⋈◻⋈⊙⋈◻⋈⊙⋈⊙⋈◻⋈∈⊤◻⋈◻⋈◻⋈◻⋈◻⋈◻⋈◻⋈⊙⋈◻⋈◻⋈◻⋈◻⋈⊙⋈◻⋈◻⋈⊙⋈◻⊥⊙⊥◻⋈◻⋈◻⋈◻⋈◻⋈◻⋈◻⋈◻⋈◻⋈◻⋈⊙⋈◻⋈◻⋈◻⋈◻⋈⊙⋈◻⋈◻⋈⊙⋈◻⋈◻⋈◻⋈◻⋈◻⋈◻⋈◻⋈◻⋈◻⋈◻⋈◻⋈◻⋈◻⋈◻⋈◻⋈◻⋈◻⋈◻⋈◻⋈◻⋈◻⋈◻⋈◻⋈◻⋈◻⋈◻⋈◻⋈◻⋈◻⋈◻⋈◻⋈◻⋈◻⋈◻⋈◻⋈◻⋈◻⋈◻⋈◻⋈◻⋈◻⋈◻⋈◻⋈◻⋈◻⋈◻⋈◻⋈◻⋈◻⋈◻⋈◻⋈◻⋈◻⋈◻⋈◻⋈◻⋈◻⋈◻⋈◻⋈◻⋈◻⋈◻⋈◻⋈◻⋈◻⋈◻⋈◻⋈◻⋈◻⋈◻⋈◻⋈◻⋈◻⋈◻⋈◻⋈◻⋈◻⋈◻⋈◻⋈◻⋈◻⋈◻⋈◻⋈◻⋈◻⋈◻⋈◻⋈◻⋈◻⋈◻⋈◻⋈◻⋈◻⋈◻⋈◻⋈◻⋈◻⋈◻⋈◻⋈◻⋈◻⋈◻⋈◻⋈◻⋈◻⋈◻⋈⊙⋈≺⋈◻⋈⊙⋈◻⋈⊙⊥◻⋈◻⋈◻⋈◻⋈◻⋈◻⋈◻⋈◻⋈◻⋈◻⋈⊙⋈◻⋈◻⋈◻⋈◻⋈⊙⋈◻⋈◻⋈⊙⋈◻⋈◻⋈◻⋈◻⋈◻⋈◻⋈◻⋈◻⋈◻⋈◻⋈◻⋈◻⋈◻⋈◻⋈◻⋈◻⋈◻⋈◻⋈◻⋈◻⋈◻⋈◻⋈◻⋈◻⋈◻⋈◻⋈◻⋈◻⋈◻⋈◻⋈◻⋈◻⋈◻⋈◻⋈◻⋈◻⋈◻⋈◻⋈◻⋈◻⋈◻⋈◻⋈◻⋈◻⋈◻⋈◻⋈◻⋈◻⋈◻⋈◻⋈◻⋈◻⋈◻⋈◻⋈◻⋈◻⋈◻⋈◻⋈◻⋈◻⋈◻⋈◻⋈◻⋈◻⋈◻⋈◻⋈◻⋈◻⋈◻⋈◻⋈◻⋈◻⋈◻⋈◻⋈◻⋈◻⋈◻⋈◻⋈◻⋈◻⋈◻⋈◻⋈◻⋈◻⋈◻⋈◻⋈◻⋈◻⋈◻⋈◻⋈◻⋈◻⋈◻⋈◻⋈◻⋈◻⋈◻⋈◻⋈◻⋈◻⋈◻⋈◻⋈◻⋈◻⋈◻⋈◻⋈⊙⋈≺⋈◻⋈⊙⋈◻⋈⊙⊥◻⋈◻⋈◻⋈◻⋈◻⋈◻⋈◻⋈◻⋈◻⋈◻⋈⊙⋈◻⋈◻⋈◻⋈◻⋈⊙⋈◻⋈◻⋈⊙⋈◻⋈◻⋈◻⋈◻⋈◻⋈◻⋈◻⋈◻⋈◻⋈◻⋈◻⋈◻⋈◻⋈◻⋈◻⋈◻⋈◻⋈◻⋈◻⋈◻⋈◻⋈◻⋈◻⋈◻⋈◻⋈◻⋈◻⋈◻⋈◻⋈◻⋈◻⋈◻⋈◻⋈◻⋈◻⋈◻⋈◻⋈◻⋈◻⋈◻⋈◻⋈◻⋈◻⋈◻⋈◻⋈◻⋈◻⋈◻⋈◻⋈◻⋈◻⋈◻⋈◻⋈◻⋈◻⋈◻⋈◻⋈◻⋈◻⋈◻⋈◻⋈◻⋈◻⋈◻⋈◻⋈◻⋈◻⋈◻⋈◻⋈◻⋈◻⋈◻⋈◻⋈◻⋈◻⋈◻⋈◻⋈◻⋈◻⋈◻⋈◻⋈◻⋈◻⋈◻⋈◻⋈◻⋈◻⋈◻⋈◻⋈◻⋈◻⋈◻⋈◻⋈◻⋈◻⋈◻⋈◻⋈◻⋈◻⋈◻⋈◻⋈◻⋈◻⋈◻⋈◻⋈◻⋈⊙⋈≺⋈◻⋈⊙⋈◻⋈⊙⊥◻⋈◻⋈◻⋈◻⋈◻⋈◻⋈◻⋈◻⋈◻⋈◻⋈⊙⋈◻⋈◻⋈◻⋈◻⋈⊙⋈◻⋈◻⋈⊙⋈◻⋈◻⋈◻⋈◻⋈◻⋈◻⋈◻⋈◻⋈◻⋈◻⋈◻⋈◻⋈◻⋈◻⋈◻⋈◻⋈◻⋈◻⋈◻⋈◻⋈◻⋈◻⋈◻⋈◻⋈◻⋈◻⋈◻⋈◻⋈◻⋈◻⋈◻⋈◻⋈◻⋈◻⋈◻⋈◻⋈◻⋈◻⋈◻⋈◻⋈◻⋈◻⋈◻⋈◻⋈◻⋈◻⋈◻⋈◻⋈◻⋈◻⋈◻⋈◻⋈◻⋈◻⋈◻⋈◻⋈◻⋈◻⋈◻⋈◻⋈◻⋈◻⋈◻⋈◻⋈◻⋈◻⋈◻⋈◻⋈◻⋈◻⋈◻⋈◻⋈◻⋈◻⋈◻⋈◻⋈◻⋈◻⋈◻⋈◻⋈◻⋈◻⋈◻⋈◻⋈◻⋈◻⋈◻⋈◻⋈◻⋈◻⋈◻⋈◻⋈◻⋈◻⋈◻⋈◻⋈◻⋈◻⋈◻⋈◻⋈◻⋈◻⋈◻⋈◻⋈◻⋈◻⋈⊙⋈≺⋈◻⋈⊙⋈◻⋈⊙⊥◻⋈◻⋈⊙∋⋈⊙⋈≺⋈◻⋈⊙⋈◻⋈⊙⊥◻⋈◻⋈◻⋈◻⋈◻⋈◻⋈◻⋈⊙⋈◻⋈⊙⋈⊙⋈◻⋈◻⋈◻⋈◻⋈⊙⋈◻⋈⊙⋈⊙⋈◻⋈∈⊤◻⋈◻⋈◻⋈◻⋈◻⋈◻⋈◻⋈⊙⋈◻⋈◻⋈◻⋈◻⋈⊙⋈◻⋈◻⋈⊙⋈◻⊥⊙⊥◻⋈◻⋈◻⋈◻⋈◻⋈◻⋈◻⋈◻⋈◻⋈◻⋈⊙⋈◻⋈◻⋈◻⋈◻⋈⊙⋈◻⋈◻⋈⊙⋈◻⋈◻⋈◻⋈◻⋈◻⋈◻⋈◻⋈◻⋈◻⋈◻⋈◻⋈◻⋈◻⋈◻⋈◻⋈◻⋈◻⋈◻⋈◻⋈◻⋈◻⋈◻⋈◻⋈◻⋈◻⋈◻⋈◻⋈◻⋈◻⋈◻⋈◻⋈◻⋈◻⋈◻⋈◻⋈◻⋈◻⋈◻⋈◻⋈◻⋈◻⋈◻⋈◻⋈◻⋈◻⋈◻⋈◻⋈◻⋈◻⋈◻⋈◻⋈◻⋈◻⋈◻⋈◻⋈◻⋈◻⋈◻⋈◻⋈◻⋈◻⋈◻⋈◻⋈◻⋈◻⋈◻⋈◻⋈◻⋈◻⋈◻⋈◻⋈◻⋈◻⋈◻⋈◻⋈◻⋈◻⋈◻⋈◻⋈◻⋈◻⋈◻⋈◻⋈◻⋈◻⋈◻⋈◻⋈◻⋈◻⋈◻⋈◻⋈◻⋈◻⋈◻⋈◻⋈◻⋈◻⋈◻⋈◻⋈◻⋈◻⋈◻⋈◻⋈◻⋈◻⋈◻⋈⊙⋈≺⋈◻⋈⊙⋈◻⋈⊙⊥◻⋈◻⋈◻⋈◻⋈◻⋈◻⋈◻⋈◻⋈◻⋈◻⋈⊙⋈◻⋈◻⋈◻⋈◻⋈⊙⋈◻⋈◻⋈⊙⋈◻⋈◻⋈◻⋈◻⋈◻⋈◻⋈◻⋈◻⋈◻⋈◻⋈◻⋈◻⋈◻⋈◻⋈◻⋈◻⋈◻⋈◻⋈◻⋈◻⋈◻⋈◻⋈◻⋈◻⋈◻⋈◻⋈◻⋈◻⋈◻⋈◻⋈◻⋈◻⋈◻⋈◻⋈◻⋈◻⋈◻⋈◻⋈◻⋈◻⋈◻⋈◻⋈◻⋈◻⋈◻⋈◻⋈◻⋈◻⋈◻⋈◻⋈◻⋈◻⋈◻⋈◻⋈◻⋈◻⋈◻⋈◻⋈◻⋈◻⋈◻⋈◻⋈◻⋈◻⋈◻⋈◻⋈◻⋈◻⋈◻⋈◻⋈◻⋈◻⋈◻⋈◻⋈◻⋈◻⋈◻⋈◻⋈◻⋈◻⋈◻⋈◻⋈◻⋈◻⋈◻⋈◻⋈◻⋈◻⋈◻⋈◻⋈◻⋈◻⋈◻⋈◻⋈◻⋈◻⋈◻⋈◻⋈◻⋈◻⋈◻⋈◻⋈◻⋈◻⋈◻⋈◻⋈⊙⋈≺⋈◻⋈⊙⋈◻⋈⊙⊥◻⋈◻⋈◻⋈◻⋈◻⋈◻⋈◻⋈◻⋈◻⋈◻⋈⊙⋈◻⋈◻⋈◻⋈◻⋈⊙⋈◻⋈◻⋈⊙⋈◻⋈◻⋈◻⋈◻⋈◻⋈◻⋈◻⋈◻⋈◻⋈◻⋈◻⋈◻⋈◻⋈◻⋈◻⋈◻⋈◻⋈◻⋈◻⋈◻⋈◻⋈◻⋈◻⋈◻⋈◻⋈◻⋈◻⋈◻⋈◻⋈◻⋈◻⋈◻⋈◻⋈◻⋈◻⋈◻⋈◻⋈◻⋈◻⋈◻⋈◻⋈◻⋈◻⋈◻⋈◻⋈◻⋈◻⋈◻⋈◻⋈◻⋈◻⋈◻⋈◻⋈◻⋈◻⋈◻⋈◻⋈◻⋈◻⋈◻⋈◻⋈◻⋈◻⋈◻⋈◻⋈◻⋈◻⋈◻⋈◻⋈◻⋈◻⋈◻⋈◻⋈◻⋈◻⋈◻⋈◻⋈◻⋈◻⋈◻⋈◻⋈◻⋈◻⋈◻⋈◻⋈◻⋈◻⋈◻⋈◻⋈◻⋈◻⋈◻⋈◻⋈◻⋈◻⋈◻⋈◻⋈◻⋈◻⋈◻⋈◻⋈◻⋈◻⋈◻⋈◻⋈◻⋈⊙⋈≺⋈◻⋈⊙⋈◻⋈⊙⊥◻⋈◻⋈◻⋈◻⋈◻⋈◻⋈◻⋈◻⋈◻⋈◻⋈⊙⋈◻⋈◻⋈◻⋈◻⋈⊙⋈◻⋈◻⋈⊙⋈◻⋈◻⋈◻⋈◻⋈◻⋈◻⋈◻⋈◻⋈◻⋈◻⋈◻⋈◻⋈◻⋈◻⋈◻⋈◻⋈◻⋈◻⋈◻⋈◻⋈◻⋈◻⋈◻⋈◻⋈◻⋈◻⋈◻⋈◻⋈◻⋈◻⋈◻⋈◻⋈◻⋈◻⋈◻⋈◻⋈◻⋈◻⋈◻⋈◻⋈◻⋈◻⋈◻⋈◻⋈◻⋈◻⋈◻⋈◻⋈◻⋈◻⋈◻⋈◻⋈◻⋈◻⋈◻⋈◻⋈◻⋈◻⋈◻⋈◻⋈◻⋈◻⋈◻⋈◻⋈◻⋈◻⋈◻⋈◻⋈◻⋈◻⋈◻⋈◻⋈◻⋈◻⋈◻⋈◻⋈◻⋈◻⋈◻⋈◻⋈◻⋈◻⋈◻⋈◻⋈◻⋈◻⋈◻⋈◻⋈◻⋈◻⋈◻⋈◻⋈◻⋈◻⋈◻⋈◻⋈◻⋈◻⋈◻⋈◻⋈◻⋈◻⋈◻⋈◻⋈◻⋈◻⋈⊙⋈≺⋈◻⋈⊙⋈◻⋈⊙⊥◻⋈◻⋈⊙∋⋈⊙⋈≺⋈◻⋈⊙⋈◻⋈⊙⊥◻⋈◻⋈◻⋈◻⋈◻⋈◻⋈◻⋈⊙⋈◻⋈⊙⋈⊙⋈◻⋈◻⋈◻⋈◻⋈⊙⋈◻⋈⊙⋈⊙⋈◻⋈∈⊤◻⋈◻⋈◻⋈◻⋈◻⋈◻⋈◻⋈⊙⋈◻⋈◻⋈◻⋈◻⋈⊙⋈◻⋈◻⋈⊙⋈◻⊥⊙⊥◻⋈◻⋈◻⋈◻⋈◻⋈◻⋈◻⋈◻⋈◻⋈◻⋈⊙⋈◻⋈◻⋈◻⋈◻⋈⊙⋈◻⋈◻⋈⊙⋈◻⋈◻⋈◻⋈◻⋈◻⋈◻⋈◻⋈◻⋈◻⋈◻⋈◻⋈◻⋈◻⋈◻⋈◻⋈◻⋈◻⋈◻⋈◻⋈◻⋈◻⋈◻⋈◻⋈◻⋈◻⋈◻⋈◻⋈◻⋈◻⋈◻⋈◻⋈◻⋈◻⋈◻⋈◻⋈◻⋈◻⋈◻⋈◻⋈◻⋈◻⋈◻⋈◻⋈◻⋈◻⋈◻⋈◻⋈◻⋈◻⋈◻⋈◻⋈◻⋈◻⋈◻⋈◻⋈◻⋈◻⋈◻⋈◻⋈◻⋈◻⋈◻⋈◻⋈◻⋈◻⋈◻⋈◻⋈◻⋈◻⋈◻⋈◻⋈◻⋈◻⋈◻⋈◻⋈◻⋈◻⋈◻⋈◻⋈◻⋈◻⋈◻⋈◻⋈◻⋈◻⋈◻⋈◻⋈◻⋈◻⋈◻⋈◻⋈◻⋈◻⋈◻⋈◻⋈◻⋈◻⋈◻⋈◻⋈◻⋈◻⋈◻⋈◻⋈◻⋈◻⋈◻⋈⊙⋈≺⋈◻⋈⊙⋈◻⋈⊙⊥◻⋈◻⋈◻⋈◻⋈◻⋈◻⋈◻⋈◻⋈◻⋈◻⋈⊙⋈◻⋈◻⋈◻⋈◻⋈⊙⋈◻⋈◻⋈⊙⋈◻⋈◻⋈◻⋈◻⋈◻⋈◻⋈◻⋈◻⋈◻⋈◻⋈◻⋈◻⋈◻⋈◻⋈◻⋈◻⋈◻⋈◻⋈◻⋈◻⋈◻⋈◻⋈◻⋈◻⋈◻⋈◻⋈◻⋈◻⋈◻⋈◻⋈◻⋈◻⋈◻⋈◻⋈◻⋈◻⋈◻⋈◻⋈◻⋈◻⋈◻⋈◻⋈◻⋈◻⋈◻⋈◻⋈◻⋈◻⋈◻⋈◻⋈◻⋈◻⋈◻⋈◻⋈◻⋈◻⋈◻⋈◻⋈◻⋈◻⋈◻⋈◻⋈◻⋈◻⋈◻⋈◻⋈◻⋈◻⋈◻⋈◻⋈◻⋈◻⋈◻⋈◻⋈◻⋈◻⋈◻⋈◻⋈◻⋈◻⋈◻⋈◻⋈◻⋈◻⋈◻⋈◻⋈◻⋈◻⋈◻⋈◻⋈◻⋈◻⋈◻⋈◻⋈◻⋈◻⋈◻⋈◻⋈◻⋈◻⋈◻⋈◻⋈◻⋈◻⋈◻⋈◻⋈⊙⋈≺⋈◻⋈⊙⋈◻⋈⊙⊥◻⋈◻⋈◻⋈◻⋈◻⋈◻⋈◻⋈◻⋈◻⋈◻⋈⊙⋈◻⋈◻⋈◻⋈◻⋈⊙⋈◻⋈◻⋈⊙⋈◻⋈◻⋈◻⋈◻⋈◻⋈◻⋈◻⋈◻⋈◻⋈◻⋈◻⋈◻⋈◻⋈◻⋈◻⋈◻⋈◻⋈◻⋈◻⋈◻⋈◻⋈◻⋈◻⋈◻⋈◻⋈◻⋈◻⋈◻⋈◻⋈◻⋈◻⋈◻⋈◻⋈◻⋈◻⋈◻⋈◻⋈◻⋈◻⋈◻⋈◻⋈◻⋈◻⋈◻⋈◻⋈◻⋈◻⋈◻⋈◻⋈◻⋈◻⋈◻⋈◻⋈◻⋈◻⋈◻⋈◻⋈◻⋈◻⋈◻⋈◻⋈◻⋈◻⋈◻⋈◻⋈◻⋈◻⋈◻⋈◻⋈◻⋈◻⋈◻⋈◻⋈◻⋈◻⋈◻⋈◻⋈◻⋈◻⋈◻⋈◻⋈◻⋈◻⋈◻⋈◻⋈◻⋈◻⋈◻⋈◻⋈◻⋈◻⋈◻⋈◻⋈◻⋈◻⋈◻⋈◻⋈◻⋈◻⋈◻⋈◻⋈◻⋈◻⋈◻⋈◻⋈◻⋈⊙⋈≺⋈◻⋈⊙⋈◻⋈⊙⊥◻⋈◻⋈◻⋈◻⋈◻⋈◻⋈◻⋈◻⋈◻⋈◻⋈⊙⋈◻⋈◻⋈◻⋈◻⋈⊙⋈◻⋈◻⋈⊙⋈◻⋈◻⋈◻⋈◻⋈◻⋈◻⋈◻⋈◻⋈◻⋈◻⋈◻⋈◻⋈◻⋈◻⋈◻⋈◻⋈◻⋈◻⋈◻⋈◻⋈◻⋈◻⋈◻⋈◻⋈◻⋈◻⋈◻⋈◻⋈◻⋈◻⋈◻⋈◻⋈◻⋈◻⋈◻⋈◻⋈◻⋈◻⋈◻⋈◻⋈◻⋈◻⋈◻⋈◻⋈◻⋈◻⋈◻⋈◻⋈◻⋈◻⋈◻⋈◻⋈◻⋈◻⋈◻⋈◻⋈◻⋈◻⋈◻⋈◻⋈◻⋈◻⋈◻⋈◻⋈◻⋈◻⋈◻⋈◻⋈◻⋈◻⋈◻⋈◻⋈◻⋈◻⋈◻⋈◻⋈◻⋈◻⋈◻⋈◻⋈◻⋈◻⋈◻⋈◻⋈◻⋈◻⋈◻⋈◻⋈◻⋈◻⋈◻⋈◻⋈◻⋈◻⋈◻⋈◻⋈◻⋈◻⋈◻⋈◻⋈◻⋈◻⋈◻⋈◻⋈◻⋈◻⋈⊙⋈≺⋈◻⋈⊙⋈◻⋈⊙⊥◻⋈◻⋈⊙∋⋈⊙⋈≺⋈◻⋈⊙⋈◻⋈⊙⊥◻⋈◻⋈⊙∋⊣	clean
DeMorganBooleanCentre.info_inclCentre_left_adjoint_fails	⊢◻⋈◻⋈◻⋈◻⋈◻⋈◻⋈◻⋈◻⋈◻⋈◻⋈◻⋈◻⋈◻⋈◻⋈◻⋈◻⋈◻⋈◻⋈◻⋈◻⋈◻⋈◻⋈◻⋈◻⋈◻⋈◻⋈◻⋈◻⋈◻⋈◻⋈◻⋈◻⋈◻⋈◻⋈◻⋈◻⋈◻⋈◻⋈◻⋈◻⋈◻⋈◻⋈◻⋈◻⋈◻⋈◻⋈◻⋈◻⋈◻⋈◻⋈◻⋈◻⋈◻⋈◻⋈◻⋈◻⋈◻⋈◻⋈◻⋈◻⋈◻⋈◻⋈◻⊣	clean
DeMorganBooleanCentre.B_excluded_from_both	⊢◻⋈◻⋈◻⋈◻⋈◻⋈◻⋈◻⋈◻⋈◻⊣	clean
DeMorganBooleanCentre.boolSwitch_idempotent	⊢∈⊤◻⋈◻⋈◻⋈◻⋈⊙⋈◻⋈⊙⊥⊙⊥◻⋈◻⋈◻⋈◻⋈◻⋈◻⋈◻⋈⊙⋈◻⋈⊙⋈◻⋈◻⋈◻⋈◻⋈◻⋈⊙⋈≺⋈◻⋈⊙⋈◻⋈⊙⊥◻⋈◻⋈◻⋈◻⋈◻⋈◻⋈◻⋈⊙⋈◻⋈⊙⋈◻⋈◻⋈◻⋈◻⋈◻⋈⊙⋈≺⋈◻⋈⊙⋈◻⋈⊙⊥◻⋈◻⋈◻⋈◻⋈◻⋈◻⋈◻⋈⊙⋈◻⋈⊙⋈◻⋈◻⋈◻⋈◻⋈◻⋈⊙⋈≺⋈◻⋈⊙⋈◻⋈⊙⊥◻⋈◻⋈◻⋈◻⋈◻⋈◻⋈◻⋈⊙⋈◻⋈⊙⋈◻⋈◻⋈◻⋈◻⋈◻⋈⊙⋈≺⋈◻⋈⊙⋈◻⋈⊙⊥◻⋈◻⋈⊙∋⊣	clean
DeMorganBooleanCentre.de_morgan_and	⊢∈⊤◻⋈◻⋈◻⋈◻⋈⊙⋈⊙⋈◻⋈◻⋈⊙⋈◻⋈⊙⊥⊙⊥◻⋈◻⋈◻⋈◻⋈◻⋈◻⋈◻⋈⊙⋈⊙⋈◻⋈◻⋈⊙⋈◻⋈⊙⋈∈⊤◻⋈◻⋈◻⋈◻⋈◻⋈⊙⋈◻⋈◻⋈◻⋈◻⋈⊙⊥⊙⊥◻⋈◻⋈◻⋈◻⋈◻⋈◻⋈◻⋈◻⋈⊙⋈◻⋈◻⋈◻⋈◻⋈⊙⋈◻⋈◻⋈◻⋈◻⋈◻⋈◻⋈⊙⋈≺⋈◻⋈⊙⋈◻⋈⊙⊥◻⋈◻⋈◻⋈◻⋈◻⋈◻⋈◻⋈◻⋈⊙⋈◻⋈◻⋈◻⋈◻⋈⊙⋈◻⋈◻⋈◻⋈◻⋈◻⋈◻⋈⊙⋈≺⋈◻⋈⊙⋈◻⋈⊙⊥◻⋈◻⋈◻⋈◻⋈◻⋈◻⋈◻⋈◻⋈⊙⋈◻⋈◻⋈◻⋈◻⋈⊙⋈◻⋈◻⋈◻⋈◻⋈◻⋈◻⋈⊙⋈≺⋈◻⋈⊙⋈◻⋈⊙⊥◻⋈◻⋈◻⋈◻⋈◻⋈◻⋈◻⋈◻⋈⊙⋈◻⋈◻⋈◻⋈◻⋈⊙⋈◻⋈◻⋈◻⋈◻⋈◻⋈◻⋈⊙⋈≺⋈◻⋈⊙⋈◻⋈⊙⊥◻⋈◻⋈⊙∋⋈⊙⋈≺⋈◻⋈⊙⋈◻⋈⊙⊥◻⋈◻⋈◻⋈◻⋈◻⋈◻⋈◻⋈⊙⋈⊙⋈◻⋈◻⋈⊙⋈◻⋈⊙⋈∈⊤◻⋈◻⋈◻⋈◻⋈◻⋈⊙⋈◻⋈◻⋈◻⋈◻⋈⊙⊥⊙⊥◻⋈◻⋈◻⋈◻⋈◻⋈◻⋈◻⋈◻⋈⊙⋈◻⋈◻⋈◻⋈◻⋈⊙⋈◻⋈◻⋈◻⋈◻⋈◻⋈◻⋈⊙⋈≺⋈◻⋈⊙⋈◻⋈⊙⊥◻⋈◻⋈◻⋈◻⋈◻⋈◻⋈◻⋈◻⋈⊙⋈◻⋈◻⋈◻⋈◻⋈⊙⋈◻⋈◻⋈◻⋈◻⋈◻⋈◻⋈⊙⋈≺⋈◻⋈⊙⋈◻⋈⊙⊥◻⋈◻⋈◻⋈◻⋈◻⋈◻⋈◻⋈◻⋈⊙⋈◻⋈◻⋈◻⋈◻⋈⊙⋈◻⋈◻⋈◻⋈◻⋈◻⋈◻⋈⊙⋈≺⋈◻⋈⊙⋈◻⋈⊙⊥◻⋈◻⋈◻⋈◻⋈◻⋈◻⋈◻⋈◻⋈⊙⋈◻⋈◻⋈◻⋈◻⋈⊙⋈◻⋈◻⋈◻⋈◻⋈◻⋈◻⋈⊙⋈≺⋈◻⋈⊙⋈◻⋈⊙⊥◻⋈◻⋈⊙∋⋈⊙⋈≺⋈◻⋈⊙⋈◻⋈⊙⊥◻⋈◻⋈◻⋈◻⋈◻⋈◻⋈◻⋈⊙⋈⊙⋈◻⋈◻⋈⊙⋈◻⋈⊙⋈∈⊤◻⋈◻⋈◻⋈◻⋈◻⋈⊙⋈◻⋈◻⋈◻⋈◻⋈⊙⊥⊙⊥◻⋈◻⋈◻⋈◻⋈◻⋈◻⋈◻⋈◻⋈⊙⋈◻⋈◻⋈◻⋈◻⋈⊙⋈◻⋈◻⋈◻⋈◻⋈◻⋈◻⋈⊙⋈≺⋈◻⋈⊙⋈◻⋈⊙⊥◻⋈◻⋈◻⋈◻⋈◻⋈◻⋈◻⋈◻⋈⊙⋈◻⋈◻⋈◻⋈◻⋈⊙⋈◻⋈◻⋈◻⋈◻⋈◻⋈◻⋈⊙⋈≺⋈◻⋈⊙⋈◻⋈⊙⊥◻⋈◻⋈◻⋈◻⋈◻⋈◻⋈◻⋈◻⋈⊙⋈◻⋈◻⋈◻⋈◻⋈⊙⋈◻⋈◻⋈◻⋈◻⋈◻⋈◻⋈⊙⋈≺⋈◻⋈⊙⋈◻⋈⊙⊥◻⋈◻⋈◻⋈◻⋈◻⋈◻⋈◻⋈◻⋈⊙⋈◻⋈◻⋈◻⋈◻⋈⊙⋈◻⋈◻⋈◻⋈◻⋈◻⋈◻⋈⊙⋈≺⋈◻⋈⊙⋈◻⋈⊙⊥◻⋈◻⋈⊙∋⋈⊙⋈≺⋈◻⋈⊙⋈◻⋈⊙⊥◻⋈◻⋈◻⋈◻⋈◻⋈◻⋈◻⋈⊙⋈⊙⋈◻⋈◻⋈⊙⋈◻⋈⊙⋈∈⊤◻⋈◻⋈◻⋈◻⋈◻⋈⊙⋈◻⋈◻⋈◻⋈◻⋈⊙⊥⊙⊥◻⋈◻⋈◻⋈◻⋈◻⋈◻⋈◻⋈◻⋈⊙⋈◻⋈◻⋈◻⋈◻⋈⊙⋈◻⋈◻⋈◻⋈◻⋈◻⋈◻⋈⊙⋈≺⋈◻⋈⊙⋈◻⋈⊙⊥◻⋈◻⋈◻⋈◻⋈◻⋈◻⋈◻⋈◻⋈⊙⋈◻⋈◻⋈◻⋈◻⋈⊙⋈◻⋈◻⋈◻⋈◻⋈◻⋈◻⋈⊙⋈≺⋈◻⋈⊙⋈◻⋈⊙⊥◻⋈◻⋈◻⋈◻⋈◻⋈◻⋈◻⋈◻⋈⊙⋈◻⋈◻⋈◻⋈◻⋈⊙⋈◻⋈◻⋈◻⋈◻⋈◻⋈◻⋈⊙⋈≺⋈◻⋈⊙⋈◻⋈⊙⊥◻⋈◻⋈◻⋈◻⋈◻⋈◻⋈◻⋈◻⋈⊙⋈◻⋈◻⋈◻⋈◻⋈⊙⋈◻⋈◻⋈◻⋈◻⋈◻⋈◻⋈⊙⋈≺⋈◻⋈⊙⋈◻⋈⊙⊥◻⋈◻⋈⊙∋⋈⊙⋈≺⋈◻⋈⊙⋈◻⋈⊙⊥◻⋈◻⋈⊙∋⊣	clean
DeMorganBooleanCentre.switch_inclCentre_retract	⊢◻⋈◻⋈◻⋈◻⋈◻⋈◻⋈◻⋈⊙⋈⊙⋈◻⋈◻⋈◻⋈⊙⋈⊙⋈◻⋈◻⋈◻⋈◻⋈⊙⋈⊙⋈◻⋈◻⋈◻⋈◻⋈⊙⋈⊙⋈◻⋈◻⋈◻⋈⊙⋈⊙⊣	clean
DeMorganBooleanCentre.tmeet_agrees_with_truthLE	⊢∈⊤◻⋈◻⋈◻⋈◻⋈◻⋈⊙⋈⊙⋈⊙⋈◻⋈◻⋈◻⋈◻⋈◻⋈⊙⋈⊙⋈⊙⋈◻⊥⊙⊥◻⋈◻⋈◻⋈◻⋈◻⋈◻⋈◻⋈◻⋈⊙⋈⊙⋈⊙⋈◻⋈◻⋈◻⋈◻⋈◻⋈⊙⋈⊙⋈⊙⋈◻⋈∈⊤◻⋈◻⋈◻⋈◻⋈◻⋈◻⋈⊙⋈◻⋈◻⋈◻⋈◻⋈◻⋈◻⋈◻⋈⊙⋈⊙⋈◻⊥⊙⊥◻⋈◻⋈◻⋈◻⋈◻⋈◻⋈◻⋈◻⋈◻⋈⊙⋈◻⋈◻⋈◻⋈◻⋈◻⋈◻⋈◻⋈⊙⋈⊙⋈◻⋈◻⋈◻⋈◻⋈◻⋈◻⋈◻⋈◻⋈◻⋈◻⋈◻⋈◻⋈◻⋈◻⋈◻⋈◻⋈◻⋈◻⋈◻⋈◻⋈◻⋈◻⋈◻⋈◻⋈◻⋈◻⋈◻⋈◻⋈◻⋈◻⋈◻⋈◻⋈◻⋈◻⋈◻⋈◻⋈◻⋈◻⋈◻⋈◻⋈◻⋈◻⋈◻⋈◻⋈◻⋈◻⋈◻⋈◻⋈◻⋈◻⋈◻⋈◻⋈◻⋈◻⋈◻⋈◻⋈◻⋈◻⋈◻⋈◻⋈◻⋈◻⋈◻⋈◻⋈◻⋈◻⋈◻⋈◻⋈◻⋈◻⋈◻⋈◻⋈◻⋈◻⋈◻⋈◻⋈◻⋈◻⋈◻⋈◻⋈◻⋈◻⋈◻⋈◻⋈◻⋈◻⋈◻⋈◻⋈◻⋈◻⋈◻⋈◻⋈◻⋈◻⋈◻⋈◻⋈◻⋈◻⋈◻⋈◻⋈◻⋈◻⋈◻⋈◻⋈◻⋈◻⋈⊙⋈≺⋈◻⋈⊙⋈◻⋈⊙⊥◻⋈◻⋈◻⋈◻⋈◻⋈◻⋈◻⋈◻⋈◻⋈⊙⋈◻⋈◻⋈◻⋈◻⋈◻⋈◻⋈◻⋈⊙⋈⊙⋈◻⋈◻⋈◻⋈◻⋈◻⋈◻⋈◻⋈◻⋈◻⋈◻⋈◻⋈◻⋈◻⋈◻⋈◻⋈◻⋈◻⋈◻⋈◻⋈◻⋈◻⋈◻⋈◻⋈◻⋈◻⋈◻⋈◻⋈◻⋈◻⋈◻⋈◻⋈◻⋈◻⋈◻⋈◻⋈◻⋈◻⋈◻⋈◻⋈◻⋈◻⋈◻⋈◻⋈◻⋈◻⋈◻⋈◻⋈◻⋈◻⋈◻⋈◻⋈◻⋈◻⋈◻⋈◻⋈◻⋈◻⋈◻⋈◻⋈◻⋈◻⋈◻⋈◻⋈◻⋈◻⋈◻⋈◻⋈◻⋈◻⋈◻⋈◻⋈◻⋈◻⋈◻⋈◻⋈◻⋈◻⋈◻⋈◻⋈◻⋈◻⋈◻⋈◻⋈◻⋈◻⋈◻⋈◻⋈◻⋈◻⋈◻⋈◻⋈◻⋈◻⋈◻⋈◻⋈◻⋈◻⋈◻⋈◻⋈◻⋈◻⋈◻⋈◻⋈◻⋈◻⋈◻⋈⊙⋈≺⋈◻⋈⊙⋈◻⋈⊙⊥◻⋈◻⋈◻⋈◻⋈◻⋈◻⋈◻⋈◻⋈◻⋈⊙⋈◻⋈◻⋈◻⋈◻⋈◻⋈◻⋈◻⋈⊙⋈⊙⋈◻⋈◻⋈◻⋈◻⋈◻⋈◻⋈◻⋈◻⋈◻⋈◻⋈◻⋈◻⋈◻⋈◻⋈◻⋈◻⋈◻⋈◻⋈◻⋈◻⋈◻⋈◻⋈◻⋈◻⋈◻⋈◻⋈◻⋈◻⋈◻⋈◻⋈◻⋈◻⋈◻⋈◻⋈◻⋈◻⋈◻⋈◻⋈◻⋈◻⋈◻⋈◻⋈◻⋈◻⋈◻⋈◻⋈◻⋈◻⋈◻⋈◻⋈◻⋈◻⋈◻⋈◻⋈◻⋈◻⋈◻⋈◻⋈◻⋈◻⋈◻⋈◻⋈◻⋈◻⋈◻⋈◻⋈◻⋈◻⋈◻⋈◻⋈◻⋈◻⋈◻⋈◻⋈◻⋈◻⋈◻⋈◻⋈◻⋈◻⋈◻⋈◻⋈◻⋈◻⋈◻⋈◻⋈◻⋈◻⋈◻⋈◻⋈◻⋈◻⋈◻⋈◻⋈◻⋈◻⋈◻⋈◻⋈◻⋈◻⋈◻⋈◻⋈◻⋈◻⋈◻⋈◻⋈⊙⋈≺⋈◻⋈⊙⋈◻⋈⊙⊥◻⋈◻⋈◻⋈◻⋈◻⋈◻⋈◻⋈◻⋈◻⋈⊙⋈◻⋈◻⋈◻⋈◻⋈◻⋈◻⋈◻⋈⊙⋈⊙⋈◻⋈◻⋈◻⋈◻⋈◻⋈◻⋈◻⋈◻⋈◻⋈◻⋈◻⋈◻⋈◻⋈◻⋈◻⋈◻⋈◻⋈◻⋈◻⋈◻⋈◻⋈◻⋈◻⋈◻⋈◻⋈◻⋈◻⋈◻⋈◻⋈◻⋈◻⋈◻⋈◻⋈◻⋈◻⋈◻⋈◻⋈◻⋈◻⋈◻⋈◻⋈◻⋈◻⋈◻⋈◻⋈◻⋈◻⋈◻⋈◻⋈◻⋈◻⋈◻⋈◻⋈◻⋈◻⋈◻⋈◻⋈◻⋈◻⋈◻⋈◻⋈◻⋈◻⋈◻⋈◻⋈◻⋈◻⋈◻⋈◻⋈◻⋈◻⋈◻⋈◻⋈◻⋈◻⋈◻⋈◻⋈◻⋈◻⋈◻⋈◻⋈◻⋈◻⋈◻⋈◻⋈◻⋈◻⋈◻⋈◻⋈◻⋈◻⋈◻⋈◻⋈◻⋈◻⋈◻⋈◻⋈◻⋈◻⋈◻⋈◻⋈◻⋈◻⋈◻⋈◻⋈◻⋈⊙⋈≺⋈◻⋈⊙⋈◻⋈⊙⊥◻⋈◻⋈⊙∋⋈⊙⋈≺⋈◻⋈⊙⋈◻⋈⊙⊥◻⋈◻⋈◻⋈◻⋈◻⋈◻⋈◻⋈◻⋈⊙⋈⊙⋈⊙⋈◻⋈◻⋈◻⋈◻⋈◻⋈⊙⋈⊙⋈⊙⋈◻⋈∈⊤◻⋈◻⋈◻⋈◻⋈◻⋈◻⋈⊙⋈◻⋈◻⋈◻⋈◻⋈◻⋈◻⋈◻⋈⊙⋈⊙⋈◻⊥⊙⊥◻⋈◻⋈◻⋈◻⋈◻⋈◻⋈◻⋈◻⋈◻⋈⊙⋈◻⋈◻⋈◻⋈◻⋈◻⋈◻⋈◻⋈⊙⋈⊙⋈◻⋈◻⋈◻⋈◻⋈◻⋈◻⋈◻⋈◻⋈◻⋈◻⋈◻⋈◻⋈◻⋈◻⋈◻⋈◻⋈◻⋈◻⋈◻⋈◻⋈◻⋈◻⋈◻⋈◻⋈◻⋈◻⋈◻⋈◻⋈◻⋈◻⋈◻⋈◻⋈◻⋈◻⋈◻⋈◻⋈◻⋈◻⋈◻⋈◻⋈◻⋈◻⋈◻⋈◻⋈◻⋈◻⋈◻⋈◻⋈◻⋈◻⋈◻⋈◻⋈◻⋈◻⋈◻⋈◻⋈◻⋈◻⋈◻⋈◻⋈◻⋈◻⋈◻⋈◻⋈◻⋈◻⋈◻⋈◻⋈◻⋈◻⋈◻⋈◻⋈◻⋈◻⋈◻⋈◻⋈◻⋈◻⋈◻⋈◻⋈◻⋈◻⋈◻⋈◻⋈◻⋈◻⋈◻⋈◻⋈◻⋈◻⋈◻⋈◻⋈◻⋈◻⋈◻⋈◻⋈◻⋈◻⋈◻⋈◻⋈◻⋈◻⋈◻⋈◻⋈◻⋈◻⋈⊙⋈≺⋈◻⋈⊙⋈◻⋈⊙⊥◻⋈◻⋈◻⋈◻⋈◻⋈◻⋈◻⋈◻⋈◻⋈⊙⋈◻⋈◻⋈◻⋈◻⋈◻⋈◻⋈◻⋈⊙⋈⊙⋈◻⋈◻⋈◻⋈◻⋈◻⋈◻⋈◻⋈◻⋈◻⋈◻⋈◻⋈◻⋈◻⋈◻⋈◻⋈◻⋈◻⋈◻⋈◻⋈◻⋈◻⋈◻⋈◻⋈◻⋈◻⋈◻⋈◻⋈◻⋈◻⋈◻⋈◻⋈◻⋈◻⋈◻⋈◻⋈◻⋈◻⋈◻⋈◻⋈◻⋈◻⋈◻⋈◻⋈◻⋈◻⋈◻⋈◻⋈◻⋈◻⋈◻⋈◻⋈◻⋈◻⋈◻⋈◻⋈◻⋈◻⋈◻⋈◻⋈◻⋈◻⋈◻⋈◻⋈◻⋈◻⋈◻⋈◻⋈◻⋈◻⋈◻⋈◻⋈◻⋈◻⋈◻⋈◻⋈◻⋈◻⋈◻⋈◻⋈◻⋈◻⋈◻⋈◻⋈◻⋈◻⋈◻⋈◻⋈◻⋈◻⋈◻⋈◻⋈◻⋈◻⋈◻⋈◻⋈◻⋈◻⋈◻⋈◻⋈◻⋈◻⋈◻⋈◻⋈◻⋈◻⋈◻⋈⊙⋈≺⋈◻⋈⊙⋈◻⋈⊙⊥◻⋈◻⋈◻⋈◻⋈◻⋈◻⋈◻⋈◻⋈◻⋈⊙⋈◻⋈◻⋈◻⋈◻⋈◻⋈◻⋈◻⋈⊙⋈⊙⋈◻⋈◻⋈◻⋈◻⋈◻⋈◻⋈◻⋈◻⋈◻⋈◻⋈◻⋈◻⋈◻⋈◻⋈◻⋈◻⋈◻⋈◻⋈◻⋈◻⋈◻⋈◻⋈◻⋈◻⋈◻⋈◻⋈◻⋈◻⋈◻⋈◻⋈◻⋈◻⋈◻⋈◻⋈◻⋈◻⋈◻⋈◻⋈◻⋈◻⋈◻⋈◻⋈◻⋈◻⋈◻⋈◻⋈◻⋈◻⋈◻⋈◻⋈◻⋈◻⋈◻⋈◻⋈◻⋈◻⋈◻⋈◻⋈◻⋈◻⋈◻⋈◻⋈◻⋈◻⋈◻⋈◻⋈◻⋈◻⋈◻⋈◻⋈◻⋈◻⋈◻⋈◻⋈◻⋈◻⋈◻⋈◻⋈◻⋈◻⋈◻⋈◻⋈◻⋈◻⋈◻⋈◻⋈◻⋈◻⋈◻⋈◻⋈◻⋈◻⋈◻⋈◻⋈◻⋈◻⋈◻⋈◻⋈◻⋈◻⋈◻⋈◻⋈◻⋈◻⋈◻⋈◻⋈⊙⋈≺⋈◻⋈⊙⋈◻⋈⊙⊥◻⋈◻⋈◻⋈◻⋈◻⋈◻⋈◻⋈◻⋈◻⋈⊙⋈◻⋈◻⋈◻⋈◻⋈◻⋈◻⋈◻⋈⊙⋈⊙⋈◻⋈◻⋈◻⋈◻⋈◻⋈◻⋈◻⋈◻⋈◻⋈◻⋈◻⋈◻⋈◻⋈◻⋈◻⋈◻⋈◻⋈◻⋈◻⋈◻⋈◻⋈◻⋈◻⋈◻⋈◻⋈◻⋈◻⋈◻⋈◻⋈◻⋈◻⋈◻⋈◻⋈◻⋈◻⋈◻⋈◻⋈◻⋈◻⋈◻⋈◻⋈◻⋈◻⋈◻⋈◻⋈◻⋈◻⋈◻⋈◻⋈◻⋈◻⋈◻⋈◻⋈◻⋈◻⋈◻⋈◻⋈◻⋈◻⋈◻⋈◻⋈◻⋈◻⋈◻⋈◻⋈◻⋈◻⋈◻⋈◻⋈◻⋈◻⋈◻⋈◻⋈◻⋈◻⋈◻⋈◻⋈◻⋈◻⋈◻⋈◻⋈◻⋈◻⋈◻⋈◻⋈◻⋈◻⋈◻⋈◻⋈◻⋈◻⋈◻⋈◻⋈◻⋈◻⋈◻⋈◻⋈◻⋈◻⋈◻⋈◻⋈◻⋈◻⋈◻⋈◻⋈◻⋈⊙⋈≺⋈◻⋈⊙⋈◻⋈⊙⊥◻⋈◻⋈⊙∋⋈⊙⋈≺⋈◻⋈⊙⋈◻⋈⊙⊥◻⋈◻⋈◻⋈◻⋈◻⋈◻⋈◻⋈◻⋈⊙⋈⊙⋈⊙⋈◻⋈◻⋈◻⋈◻⋈◻⋈⊙⋈⊙⋈⊙⋈◻⋈∈⊤◻⋈◻⋈◻⋈◻⋈◻⋈◻⋈⊙⋈◻⋈◻⋈◻⋈◻⋈◻⋈◻⋈◻⋈⊙⋈⊙⋈◻⊥⊙⊥◻⋈◻⋈◻⋈◻⋈◻⋈◻⋈◻⋈◻⋈◻⋈⊙⋈◻⋈◻⋈◻⋈◻⋈◻⋈◻⋈◻⋈⊙⋈⊙⋈◻⋈◻⋈◻⋈◻⋈◻⋈◻⋈◻⋈◻⋈◻⋈◻⋈◻⋈◻⋈◻⋈◻⋈◻⋈◻⋈◻⋈◻⋈◻⋈◻⋈◻⋈◻⋈◻⋈◻⋈◻⋈◻⋈◻⋈◻⋈◻⋈◻⋈◻⋈◻⋈◻⋈◻⋈◻⋈◻⋈◻⋈◻⋈◻⋈◻⋈◻⋈◻⋈◻⋈◻⋈◻⋈◻⋈◻⋈◻⋈◻⋈◻⋈◻⋈◻⋈◻⋈◻⋈◻⋈◻⋈◻⋈◻⋈◻⋈◻⋈◻⋈◻⋈◻⋈◻⋈◻⋈◻⋈◻⋈◻⋈◻⋈◻⋈◻⋈◻⋈◻⋈◻⋈◻⋈◻⋈◻⋈◻⋈◻⋈◻⋈◻⋈◻⋈◻⋈◻⋈◻⋈◻⋈◻⋈◻⋈◻⋈◻⋈◻⋈◻⋈◻⋈◻⋈◻⋈◻⋈◻⋈◻⋈◻⋈◻⋈◻⋈◻⋈◻⋈◻⋈◻⋈◻⋈⊙⋈≺⋈◻⋈⊙⋈◻⋈⊙⊥◻⋈◻⋈◻⋈◻⋈◻⋈◻⋈◻⋈◻⋈◻⋈⊙⋈◻⋈◻⋈◻⋈◻⋈◻⋈◻⋈◻⋈⊙⋈⊙⋈◻⋈◻⋈◻⋈◻⋈◻⋈◻⋈◻⋈◻⋈◻⋈◻⋈◻⋈◻⋈◻⋈◻⋈◻⋈◻⋈◻⋈◻⋈◻⋈◻⋈◻⋈◻⋈◻⋈◻⋈◻⋈◻⋈◻⋈◻⋈◻⋈◻⋈◻⋈◻⋈◻⋈◻⋈◻⋈◻⋈◻⋈◻⋈◻⋈◻⋈◻⋈◻⋈◻⋈◻⋈◻⋈◻⋈◻⋈◻⋈◻⋈◻⋈◻⋈◻⋈◻⋈◻⋈◻⋈◻⋈◻⋈◻⋈◻⋈◻⋈◻⋈◻⋈◻⋈◻⋈◻⋈◻⋈◻⋈◻⋈◻⋈◻⋈◻⋈◻⋈◻⋈◻⋈◻⋈◻⋈◻⋈◻⋈◻⋈◻⋈◻⋈◻⋈◻⋈◻⋈◻⋈◻⋈◻⋈◻⋈◻⋈◻⋈◻⋈◻⋈◻⋈◻⋈◻⋈◻⋈◻⋈◻⋈◻⋈◻⋈◻⋈◻⋈◻⋈◻⋈◻⋈◻⋈⊙⋈≺⋈◻⋈⊙⋈◻⋈⊙⊥◻⋈◻⋈◻⋈◻⋈◻⋈◻⋈◻⋈◻⋈◻⋈⊙⋈◻⋈◻⋈◻⋈◻⋈◻⋈◻⋈◻⋈⊙⋈⊙⋈◻⋈◻⋈◻⋈◻⋈◻⋈◻⋈◻⋈◻⋈◻⋈◻⋈◻⋈◻⋈◻⋈◻⋈◻⋈◻⋈◻⋈◻⋈◻⋈◻⋈◻⋈◻⋈◻⋈◻⋈◻⋈◻⋈◻⋈◻⋈◻⋈◻⋈◻⋈◻⋈◻⋈◻⋈◻⋈◻⋈◻⋈◻⋈◻⋈◻⋈◻⋈◻⋈◻⋈◻⋈◻⋈◻⋈◻⋈◻⋈◻⋈◻⋈◻⋈◻⋈◻⋈◻⋈◻⋈◻⋈◻⋈◻⋈◻⋈◻⋈◻⋈◻⋈◻⋈◻⋈◻⋈◻⋈◻⋈◻⋈◻⋈◻⋈◻⋈◻⋈◻⋈◻⋈◻⋈◻⋈◻⋈◻⋈◻⋈◻⋈◻⋈◻⋈◻⋈◻⋈◻⋈◻⋈◻⋈◻⋈◻⋈◻⋈◻⋈◻⋈◻⋈◻⋈◻⋈◻⋈◻⋈◻⋈◻⋈◻⋈◻⋈◻⋈◻⋈◻⋈◻⋈◻⋈⊙⋈≺⋈◻⋈⊙⋈◻⋈⊙⊥◻⋈◻⋈◻⋈◻⋈◻⋈◻⋈◻⋈◻⋈◻⋈⊙⋈◻⋈◻⋈◻⋈◻⋈◻⋈◻⋈◻⋈⊙⋈⊙⋈◻⋈◻⋈◻⋈◻⋈◻⋈◻⋈◻⋈◻⋈◻⋈◻⋈◻⋈◻⋈◻⋈◻⋈◻⋈◻⋈◻⋈◻⋈◻⋈◻⋈◻⋈◻⋈◻⋈◻⋈◻⋈◻⋈◻⋈◻⋈◻⋈◻⋈◻⋈◻⋈◻⋈◻⋈◻⋈◻⋈◻⋈◻⋈◻⋈◻⋈◻⋈◻⋈◻⋈◻⋈◻⋈◻⋈◻⋈◻⋈◻⋈◻⋈◻⋈◻⋈◻⋈◻⋈◻⋈◻⋈◻⋈◻⋈◻⋈◻⋈◻⋈◻⋈◻⋈◻⋈◻⋈◻⋈◻⋈◻⋈◻⋈◻⋈◻⋈◻⋈◻⋈◻⋈◻⋈◻⋈◻⋈◻⋈◻⋈◻⋈◻⋈◻⋈◻⋈◻⋈◻⋈◻⋈◻⋈◻⋈◻⋈◻⋈◻⋈◻⋈◻⋈◻⋈◻⋈◻⋈◻⋈◻⋈◻⋈◻⋈◻⋈◻⋈◻⋈◻⋈◻⋈◻⋈⊙⋈≺⋈◻⋈⊙⋈◻⋈⊙⊥◻⋈◻⋈⊙∋⋈⊙⋈≺⋈◻⋈⊙⋈◻⋈⊙⊥◻⋈◻⋈◻⋈◻⋈◻⋈◻⋈◻⋈◻⋈⊙⋈⊙⋈⊙⋈◻⋈◻⋈◻⋈◻⋈◻⋈⊙⋈⊙⋈⊙⋈◻⋈∈⊤◻⋈◻⋈◻⋈◻⋈◻⋈◻⋈⊙⋈◻⋈◻⋈◻⋈◻⋈◻⋈◻⋈◻⋈⊙⋈⊙⋈◻⊥⊙⊥◻⋈◻⋈◻⋈◻⋈◻⋈◻⋈◻⋈◻⋈◻⋈⊙⋈◻⋈◻⋈◻⋈◻⋈◻⋈◻⋈◻⋈⊙⋈⊙⋈◻⋈◻⋈◻⋈◻⋈◻⋈◻⋈◻⋈◻⋈◻⋈◻⋈◻⋈◻⋈◻⋈◻⋈◻⋈◻⋈◻⋈◻⋈◻⋈◻⋈◻⋈◻⋈◻⋈◻⋈◻⋈◻⋈◻⋈◻⋈◻⋈◻⋈◻⋈◻⋈◻⋈◻⋈◻⋈◻⋈◻⋈◻⋈◻⋈◻⋈◻⋈◻⋈◻⋈◻⋈◻⋈◻⋈◻⋈◻⋈◻⋈◻⋈◻⋈◻⋈◻⋈◻⋈◻⋈◻⋈◻⋈◻⋈◻⋈◻⋈◻⋈◻⋈◻⋈◻⋈◻⋈◻⋈◻⋈◻⋈◻⋈◻⋈◻⋈◻⋈◻⋈◻⋈◻⋈◻⋈◻⋈◻⋈◻⋈◻⋈◻⋈◻⋈◻⋈◻⋈◻⋈◻⋈◻⋈◻⋈◻⋈◻⋈◻⋈◻⋈◻⋈◻⋈◻⋈◻⋈◻⋈◻⋈◻⋈◻⋈◻⋈◻⋈◻⋈◻⋈◻⋈◻⋈⊙⋈≺⋈◻⋈⊙⋈◻⋈⊙⊥◻⋈◻⋈◻⋈◻⋈◻⋈◻⋈◻⋈◻⋈◻⋈⊙⋈◻⋈◻⋈◻⋈◻⋈◻⋈◻⋈◻⋈⊙⋈⊙⋈◻⋈◻⋈◻⋈◻⋈◻⋈◻⋈◻⋈◻⋈◻⋈◻⋈◻⋈◻⋈◻⋈◻⋈◻⋈◻⋈◻⋈◻⋈◻⋈◻⋈◻⋈◻⋈◻⋈◻⋈◻⋈◻⋈◻⋈◻⋈◻⋈◻⋈◻⋈◻⋈◻⋈◻⋈◻⋈◻⋈◻⋈◻⋈◻⋈◻⋈◻⋈◻⋈◻⋈◻⋈◻⋈◻⋈◻⋈◻⋈◻⋈◻⋈◻⋈◻⋈◻⋈◻⋈◻⋈◻⋈◻⋈◻⋈◻⋈◻⋈◻⋈◻⋈◻⋈◻⋈◻⋈◻⋈◻⋈◻⋈◻⋈◻⋈◻⋈◻⋈◻⋈◻⋈◻⋈◻⋈◻⋈◻⋈◻⋈◻⋈◻⋈◻⋈◻⋈◻⋈◻⋈◻⋈◻⋈◻⋈◻⋈◻⋈◻⋈◻⋈◻⋈◻⋈◻⋈◻⋈◻⋈◻⋈◻⋈◻⋈◻⋈◻⋈◻⋈◻⋈◻⋈◻⋈⊙⋈≺⋈◻⋈⊙⋈◻⋈⊙⊥◻⋈◻⋈◻⋈◻⋈◻⋈◻⋈◻⋈◻⋈◻⋈⊙⋈◻⋈◻⋈◻⋈◻⋈◻⋈◻⋈◻⋈⊙⋈⊙⋈◻⋈◻⋈◻⋈◻⋈◻⋈◻⋈◻⋈◻⋈◻⋈◻⋈◻⋈◻⋈◻⋈◻⋈◻⋈◻⋈◻⋈◻⋈◻⋈◻⋈◻⋈◻⋈◻⋈◻⋈◻⋈◻⋈◻⋈◻⋈◻⋈◻⋈◻⋈◻⋈◻⋈◻⋈◻⋈◻⋈◻⋈◻⋈◻⋈◻⋈◻⋈◻⋈◻⋈◻⋈◻⋈◻⋈◻⋈◻⋈◻⋈◻⋈◻⋈◻⋈◻⋈◻⋈◻⋈◻⋈◻⋈◻⋈◻⋈◻⋈◻⋈◻⋈◻⋈◻⋈◻⋈◻⋈◻⋈◻⋈◻⋈◻⋈◻⋈◻⋈◻⋈◻⋈◻⋈◻⋈◻⋈◻⋈◻⋈◻⋈◻⋈◻⋈◻⋈◻⋈◻⋈◻⋈◻⋈◻⋈◻⋈◻⋈◻⋈◻⋈◻⋈◻⋈◻⋈◻⋈◻⋈◻⋈◻⋈◻⋈◻⋈◻⋈◻⋈◻⋈◻⋈◻⋈⊙⋈≺⋈◻⋈⊙⋈◻⋈⊙⊥◻⋈◻⋈◻⋈◻⋈◻⋈◻⋈◻⋈◻⋈◻⋈⊙⋈◻⋈◻⋈◻⋈◻⋈◻⋈◻⋈◻⋈⊙⋈⊙⋈◻⋈◻⋈◻⋈◻⋈◻⋈◻⋈◻⋈◻⋈◻⋈◻⋈◻⋈◻⋈◻⋈◻⋈◻⋈◻⋈◻⋈◻⋈◻⋈◻⋈◻⋈◻⋈◻⋈◻⋈◻⋈◻⋈◻⋈◻⋈◻⋈◻⋈◻⋈◻⋈◻⋈◻⋈◻⋈◻⋈◻⋈◻⋈◻⋈◻⋈◻⋈◻⋈◻⋈◻⋈◻⋈◻⋈◻⋈◻⋈◻⋈◻⋈◻⋈◻⋈◻⋈◻⋈◻⋈◻⋈◻⋈◻⋈◻⋈◻⋈◻⋈◻⋈◻⋈◻⋈◻⋈◻⋈◻⋈◻⋈◻⋈◻⋈◻⋈◻⋈◻⋈◻⋈◻⋈◻⋈◻⋈◻⋈◻⋈◻⋈◻⋈◻⋈◻⋈◻⋈◻⋈◻⋈◻⋈◻⋈◻⋈◻⋈◻⋈◻⋈◻⋈◻⋈◻⋈◻⋈◻⋈◻⋈◻⋈◻⋈◻⋈◻⋈◻⋈◻⋈◻⋈◻⋈⊙⋈≺⋈◻⋈⊙⋈◻⋈⊙⊥◻⋈◻⋈⊙∋⋈⊙⋈≺⋈◻⋈⊙⋈◻⋈⊙⊥◻⋈◻⋈⊙∋⊣	clean
DeMorganBooleanCentre.F_satisfies_excluded_middle	⊢◻⋈◻⋈◻⋈◻⋈◻⋈◻⋈◻⋈◻⋈◻⋈◻⋈◻⋈◻⋈◻⋈◻⋈◻⋈◻⋈◻⋈◻⋈◻⋈◻⋈◻⋈◻⋈◻⋈◻⋈◻⋈◻⋈◻⋈◻⋈◻⋈◻⋈◻⋈◻⋈◻⋈◻⋈◻⊣	clean
DeMorganBooleanCentre.centre_coreflective_in_truth_order	⊢◻⋈◻⋈◻⋈◻⋈⊙⋈⊙⋈◻⋈◻⋈◻⋈◻⋈⊙⋈⊙⋈◻⋈⊙⋈◻⋈⊙⋈◻⋈◻⋈◻⋈◻⋈◻⋈◻⋈◻⋈◻⋈◻⋈◻⋈◻⋈◻⋈◻⋈◻⋈◻⋈◻⋈◻⋈◻⋈◻⋈◻⋈◻⋈◻⋈◻⋈⊙⋈⊙⋈◻⋈⊙⋈◻⋈⊙⋈⊙⋈◻⋈◻⋈◻⋈◻⋈⊙⋈⊙⋈◻⋈⊙⋈◻⋈⊙⋈◻⋈◻⋈◻⋈◻⋈◻⋈◻⋈◻⋈◻⋈◻⋈◻⋈◻⋈◻⋈◻⋈◻⋈◻⋈◻⋈◻⋈◻⋈◻⋈◻⋈◻⋈◻⋈◻⋈◻⋈◻⋈◻⋈◻⋈◻⋈◻⋈◻⋈◻⋈◻⋈◻⋈◻⋈◻⋈◻⋈◻⋈◻⋈◻⋈◻⋈◻⊣	clean
DeMorganBooleanCentre.tjoin.eq_7	⊢◻⋈◻⋈◻⋈◻⋈◻⋈⊙⋈◻⋈≻⋈◻⋈◻⋈∈⊤◻⊥◻⊥⊙⊥◻⊥◻⊥◻⊥◻⊥◻⊥◻⊥◻⊥◻⊥◻∋⋈◻⋈◻⋈◻⋈◻⋈◻⋈◻⋈◻⋈◻⋈◻⋈∈⊤◻⊥◻⊥⊙⊥◻⊥◻⊥◻⊥◻⊥◻⊥◻⊥◻⊥◻⊥◻∋⋈◻⋈◻⋈◻⋈◻⋈◻⋈◻⋈◻⋈◻⋈◻⋈∈⊤◻⊥◻⊥⊙⊥◻⊥◻⊥◻⊥◻⊥◻⊥◻⊥◻⊥◻⊥◻∋⋈◻⋈◻⋈◻⋈◻⋈◻⋈∈⊤◻⊥◻⊥⊙⊥◻⊥◻⊥◻⊥◻⊥◻⊥◻⊥◻⊥◻⊥◻∋⋈◻⋈◻⋈◻⋈∈⊤◻⊥⊙⊥◻⊥◻⊥◻⊥◻⊥◻⊥◻⊥◻⊥◻⊥◻⊥⊙⊥⊙∋⋈◻⋈◻⋈◻⋈◻⊣	clean
DeMorganBooleanCentre.tjoin._sparseCasesOn_1.else_eq	⊢∈⊤◻⋈⊙⋈⊙⋈◻⋈⊙⋈⊙⋈⊙⋈⊙⋈⊙⋈⊙⋈⊙⋈⊙⊥⊙⊥◻⋈◻⋈◻⋈◻⋈◻⋈⊙⋈◻⋈◻⋈⊙⋈◻⋈⊙⋈⊙⋈⊙⋈⊙⋈⊙⋈⊙⋈◻⋈◻⋈◻⋈◻⋈◻⋈◻⋈⊙⋈◻⋈⊙⋈◻⋈⊙⋈⊙⋈◻⋈◻⋈⊙⋈◻⋈⊙⋈◻⋈⊙⋈◻⋈◻⋈⊙⋈◻⋈⊙⋈⊙⋈⊙⋈⊙⋈⊙⋈⊙⋈◻⋈◻⋈◻⋈◻⋈⊙⋈◻⋈⊙⋈◻⋈⊙⋈⊙⋈◻⋈◻⋈⊙⋈◻⋈⊙⋈◻⋈◻⋈◻⋈⊙⋈◻⋈⊙⋈≺⋈◻⋈◻⋈⊙⋈◻⋈◻⋈⊙⋈◻⋈◻⋈◻⋈⊙⋈◻⋈⊙⋈⊙⋈⊙⋈◻⋈⊙⋈≺⋈◻⋈◻⋈⊙⋈◻⋈⊙⋈◻⋈◻⋈◻⋈⊙⊥◻⋈◻⋈◻⋈◻⋈◻⋈⊙⋈◻⋈◻⋈⊙⋈◻⋈⊙⋈⊙⋈⊙⋈⊙⋈⊙⋈⊙⋈◻⋈◻⋈◻⋈◻⋈◻⋈◻⋈⊙⋈◻⋈⊙⋈◻⋈⊙⋈⊙⋈◻⋈◻⋈⊙⋈◻⋈⊙⋈◻⋈⊙⋈◻⋈◻⋈⊙⋈◻⋈⊙⋈⊙⋈⊙⋈⊙⋈⊙⋈⊙⋈◻⋈◻⋈◻⋈◻⋈⊙⋈◻⋈⊙⋈◻⋈⊙⋈⊙⋈◻⋈◻⋈⊙⋈◻⋈⊙⋈◻⋈◻⋈◻⋈⊙⋈◻⋈⊙⋈≺⋈◻⋈◻⋈⊙⋈◻⋈◻⋈⊙⋈◻⋈◻⋈◻⋈⊙⋈◻⋈⊙⋈⊙⋈⊙⋈◻⋈⊙⋈≺⋈◻⋈◻⋈⊙⋈◻⋈⊙⋈◻⋈◻⋈◻⋈⊙⊥◻⋈⊙⋈◻⋈◻⋈⊙⋈◻⋈⊙⋈⊙⋈⊙⋈⊙⊥◻⋈◻⋈◻⋈◻⋈◻⋈⊙⋈◻⋈◻⋈⊙⋈◻⋈⊙⋈⊙⋈⊙⋈⊙⋈⊙⋈⊙⋈◻⋈◻⋈◻⋈◻⋈◻⋈◻⋈⊙⋈◻⋈⊙⋈◻⋈⊙⋈⊙⋈◻⋈◻⋈⊙⋈◻⋈⊙⋈◻⋈⊙⋈◻⋈◻⋈⊙⋈◻⋈⊙⋈⊙⋈⊙⋈⊙⋈⊙⋈⊙⋈◻⋈◻⋈◻⋈◻⋈⊙⋈◻⋈⊙⋈◻⋈⊙⋈⊙⋈◻⋈◻⋈⊙⋈◻⋈⊙⋈◻⋈◻⋈◻⋈⊙⋈◻⋈⊙⋈≺⋈◻⋈◻⋈⊙⋈◻⋈◻⋈⊙⋈◻⋈◻⋈◻⋈⊙⋈◻⋈⊙⋈⊙⋈⊙⋈◻⋈⊙⋈≺⋈◻⋈◻⋈⊙⋈◻⋈⊙⋈◻⋈◻⋈◻⋈⊙⊥⊙⊥⊙⊥◻⋈◻⋈◻⋈⊙∋⊣	clean
DeMorganBooleanCentre.N_survives_classical_restriction	⊢◻⊣	clean
DeMorganBooleanCentre.truth_inclCentre_left_adjoint	⊢∈⊤◻⋈◻⋈⊙⋈◻⊥◻⋈◻⋈⊙⋈◻⊥◻⋈◻⋈◻⋈⊙⋈⊙⋈◻⋈⊙⋈◻⋈⊙⊥◻⋈◻⋈⊙⋈◻⋈◻⋈◻⋈⊙⋈◻⋈◻⋈◻⋈⊙⋈◻⋈◻⋈⊙⋈⊙⊥◻⋈◻⋈◻⋈◻⋈◻⋈◻⋈⊙⋈⊙⋈◻⋈⊙⋈◻⋈⊙⋈∈⊤◻⋈◻⋈◻⋈◻⋈⊙⋈◻⋈◻⋈◻⋈⊙⊥⊙⊥◻⋈◻⋈◻⋈◻⋈◻⋈◻⋈◻⋈⊙⋈◻⋈◻⋈◻⋈⊙⋈◻⋈◻⋈◻⋈◻⋈◻⋈◻⋈◻⋈◻⋈◻⋈◻⋈◻⋈◻⋈◻⋈◻⋈◻⋈◻⋈◻⋈◻⋈◻⋈◻⋈◻⋈◻⋈◻⋈◻⋈◻⋈◻⋈◻⋈◻⋈◻⋈◻⋈◻⋈◻⋈◻⋈◻⋈◻⋈◻⋈◻⋈◻⋈◻⋈◻⋈◻⋈◻⋈◻⋈⊙⋈≺⋈◻⋈⊙⋈◻⋈⊙⊥◻⋈◻⋈◻⋈◻⋈◻⋈◻⋈◻⋈⊙⋈◻⋈◻⋈◻⋈⊙⋈◻⋈◻⋈◻⋈◻⋈◻⋈◻⋈◻⋈◻⋈◻⋈◻⋈◻⋈◻⋈◻⋈◻⋈◻⋈◻⋈◻⋈◻⋈◻⋈◻⋈◻⋈◻⋈◻⋈◻⋈◻⋈◻⋈◻⋈◻⋈◻⋈◻⋈◻⋈◻⋈◻⋈◻⋈◻⋈◻⋈◻⋈◻⋈◻⋈◻⋈◻⋈◻⋈◻⋈⊙⋈≺⋈◻⋈⊙⋈◻⋈⊙⊥◻⋈◻⋈◻⋈◻⋈◻⋈◻⋈◻⋈⊙⋈◻⋈◻⋈◻⋈⊙⋈◻⋈◻⋈◻⋈◻⋈◻⋈◻⋈◻⋈◻⋈◻⋈◻⋈◻⋈◻⋈◻⋈◻⋈◻⋈◻⋈◻⋈◻⋈◻⋈◻⋈◻⋈◻⋈◻⋈◻⋈◻⋈◻⋈◻⋈◻⋈◻⋈◻⋈◻⋈◻⋈◻⋈◻⋈◻⋈◻⋈◻⋈◻⋈◻⋈◻⋈◻⋈◻⋈◻⋈⊙⋈≺⋈◻⋈⊙⋈◻⋈⊙⊥◻⋈◻⋈◻⋈◻⋈◻⋈◻⋈◻⋈⊙⋈◻⋈◻⋈◻⋈⊙⋈◻⋈◻⋈◻⋈◻⋈◻⋈◻⋈◻⋈◻⋈◻⋈◻⋈◻⋈◻⋈◻⋈◻⋈◻⋈◻⋈◻⋈◻⋈◻⋈◻⋈◻⋈◻⋈◻⋈◻⋈◻⋈◻⋈◻⋈◻⋈◻⋈◻⋈◻⋈◻⋈◻⋈◻⋈◻⋈◻⋈◻⋈◻⋈◻⋈◻⋈◻⋈◻⋈◻⋈⊙⋈≺⋈◻⋈⊙⋈◻⋈⊙⊥◻⋈◻⋈⊙∋⋈⊙⋈≺⋈◻⋈⊙⋈◻⋈⊙⋈⊙⊥◻⋈◻⋈◻⋈◻⋈◻⋈◻⋈⊙⋈⊙⋈◻⋈⊙⋈◻⋈⊙⋈∈⊤◻⋈◻⋈◻⋈◻⋈⊙⋈◻⋈◻⋈◻⋈⊙⊥⊙⊥◻⋈◻⋈◻⋈◻⋈◻⋈◻⋈◻⋈⊙⋈◻⋈◻⋈◻⋈⊙⋈◻⋈◻⋈◻⋈◻⋈◻⋈◻⋈◻⋈◻⋈◻⋈◻⋈◻⋈◻⋈◻⋈◻⋈◻⋈◻⋈◻⋈◻⋈◻⋈◻⋈◻⋈◻⋈◻⋈◻⋈◻⋈◻⋈◻⋈◻⋈◻⋈◻⋈◻⋈◻⋈◻⋈◻⋈◻⋈◻⋈◻⋈◻⋈◻⋈◻⋈◻⋈◻⋈◻⋈⊙⋈≺⋈◻⋈⊙⋈◻⋈⊙⊥◻⋈◻⋈◻⋈◻⋈◻⋈◻⋈◻⋈⊙⋈◻⋈◻⋈◻⋈⊙⋈◻⋈◻⋈◻⋈◻⋈◻⋈◻⋈◻⋈◻⋈◻⋈◻⋈◻⋈◻⋈◻⋈◻⋈◻⋈◻⋈◻⋈◻⋈◻⋈◻⋈◻⋈◻⋈◻⋈◻⋈◻⋈◻⋈◻⋈◻⋈◻⋈◻⋈◻⋈◻⋈◻⋈◻⋈◻⋈◻⋈◻⋈◻⋈◻⋈◻⋈◻⋈◻⋈◻⋈⊙⋈≺⋈◻⋈⊙⋈◻⋈⊙⊥◻⋈◻⋈◻⋈◻⋈◻⋈◻⋈◻⋈⊙⋈◻⋈◻⋈◻⋈⊙⋈◻⋈◻⋈◻⋈◻⋈◻⋈◻⋈◻⋈◻⋈◻⋈◻⋈◻⋈◻⋈◻⋈◻⋈◻⋈◻⋈◻⋈◻⋈◻⋈◻⋈◻⋈◻⋈◻⋈◻⋈◻⋈◻⋈◻⋈◻⋈◻⋈◻⋈◻⋈◻⋈◻⋈◻⋈◻⋈◻⋈◻⋈◻⋈◻⋈◻⋈◻⋈◻⋈◻⋈⊙⋈≺⋈◻⋈⊙⋈◻⋈⊙⊥◻⋈◻⋈◻⋈◻⋈◻⋈◻⋈◻⋈⊙⋈◻⋈◻⋈◻⋈⊙⋈◻⋈◻⋈◻⋈◻⋈◻⋈◻⋈◻⋈◻⋈◻⋈◻⋈◻⋈◻⋈◻⋈◻⋈◻⋈◻⋈◻⋈◻⋈◻⋈◻⋈◻⋈◻⋈◻⋈◻⋈◻⋈◻⋈◻⋈◻⋈◻⋈◻⋈◻⋈◻⋈◻⋈◻⋈◻⋈◻⋈◻⋈◻⋈◻⋈◻⋈◻⋈◻⋈◻⋈⊙⋈≺⋈◻⋈⊙⋈◻⋈⊙⊥◻⋈◻⋈⊙∋⋈⊙⋈≺⋈◻⋈⊙⋈◻⋈⊙⋈⊙∋⊣	clean
DeMorganBooleanCentre.tjoin.eq_8	⊢◻⋈◻⋈◻⋈◻⋈⊙⋈◻⋈◻⋈≻⋈◻⋈◻⋈∈⊤◻⊥⊙⊥◻⊥◻⊥◻⊥◻⊥◻⊥◻⊥◻⊥◻⊥◻⊥◻∋⋈◻⋈◻⋈◻⋈◻⋈◻⋈◻⋈◻⋈◻⋈◻⋈∈⊤◻⊥⊙⊥◻⊥◻⊥◻⊥◻⊥◻⊥◻⊥◻⊥◻⊥◻⊥◻∋⋈◻⋈◻⋈◻⋈◻⋈◻⋈◻⋈◻⋈◻⋈◻⋈∈⊤◻⊥⊙⊥◻⊥◻⊥◻⊥◻⊥◻⊥◻⊥◻⊥◻⊥◻⊥◻∋⋈◻⋈◻⋈◻⋈◻⋈◻⋈∈⊤◻⊥⊙⊥◻⊥◻⊥◻⊥◻⊥◻⊥◻⊥◻⊥◻⊥◻⊥◻∋⋈◻⋈◻⋈◻⋈∈⊤◻⊥⊙⊥◻⊥◻⊥◻⊥◻⊥◻⊥◻⊥◻⊥◻⊥◻⊥⊙⊥⊙⊥⊙∋⋈◻⋈◻⋈◻⋈◻⊣	clean
DeMorganBooleanCentre.N_excluded_from_centre	⊢◻⊣	clean
DeMorganBooleanCentre.tjoin.eq_1	⊢◻⋈◻⋈◻⋈◻⋈⊙⊣	clean
DeMorganBooleanCentre.B_fails_excluded_middle	⊢◻⋈◻⋈◻⋈◻⋈◻⋈◻⋈◻⋈◻⋈◻⋈◻⋈◻⋈◻⋈◻⋈◻⋈◻⋈◻⋈◻⋈◻⋈◻⋈◻⋈◻⋈◻⋈◻⋈◻⋈◻⋈◻⋈◻⋈◻⋈◻⋈◻⋈◻⋈◻⋈◻⋈◻⋈◻⋈◻⋈◻⋈◻⋈◻⋈◻⋈◻⋈◻⋈◻⋈◻⋈◻⋈◻⋈◻⋈◻⋈◻⋈◻⋈◻⊣	clean
DeMorganBooleanCentre.tjoin.eq_4	⊢◻⋈◻⋈◻⋈◻⋈◻⊣	clean
DeMorganBooleanCentre.tjoin.eq_3	⊢◻⋈◻⋈◻⋈◻⋈◻⊣	clean
DeMorganBooleanCentre.centre_is_T_F	⊢∈⊤◻⋈◻⋈⊙⋈◻⋈◻⋈◻⋈⊙⋈◻⋈◻⋈◻⋈⊙⋈◻⊥⊙⊥◻⋈◻⋈◻⋈◻⋈◻⋈⊙⋈◻⋈◻⋈◻⋈⊙⋈◻⋈◻⋈◻⋈⊙⋈◻⋈◻⋈◻⋈◻⋈◻⋈◻⋈◻⋈◻⋈◻⋈◻⋈◻⋈◻⋈◻⋈◻⋈◻⋈◻⋈◻⋈◻⋈◻⋈◻⋈◻⋈◻⋈◻⋈◻⋈◻⋈◻⋈◻⋈◻⋈◻⋈◻⋈◻⋈◻⋈◻⋈◻⋈◻⋈◻⋈◻⋈◻⋈◻⋈◻⋈◻⋈◻⋈◻⋈◻⋈◻⋈◻⋈◻⋈◻⋈◻⋈◻⋈◻⋈◻⋈◻⋈◻⋈◻⋈◻⋈◻⋈◻⋈◻⋈◻⋈◻⋈◻⋈◻⋈◻⋈◻⋈◻⋈◻⋈◻⋈◻⋈◻⋈◻⋈◻⋈◻⋈◻⋈◻⋈◻⋈◻⋈◻⋈◻⋈◻⋈◻⋈◻⋈◻⋈◻⋈◻⋈◻⋈◻⋈◻⋈◻⋈◻⋈◻⋈◻⋈◻⋈◻⋈◻⋈◻⋈◻⋈◻⋈◻⋈◻⋈⊙⋈≺⋈◻⋈⊙⋈◻⋈⊙⊥◻⋈◻⋈◻⋈◻⋈◻⋈⊙⋈◻⋈◻⋈◻⋈⊙⋈◻⋈◻⋈◻⋈⊙⋈◻⋈◻⋈◻⋈◻⋈◻⋈◻⋈◻⋈◻⋈◻⋈◻⋈◻⋈◻⋈◻⋈◻⋈◻⋈◻⋈◻⋈◻⋈◻⋈◻⋈◻⋈◻⋈◻⋈◻⋈◻⋈◻⋈◻⋈◻⋈◻⋈◻⋈◻⋈◻⋈◻⋈◻⋈◻⋈◻⋈◻⋈◻⋈◻⋈◻⋈◻⋈◻⋈◻⋈◻⋈◻⋈◻⋈◻⋈◻⋈◻⋈◻⋈◻⋈◻⋈◻⋈◻⋈◻⋈◻⋈◻⋈◻⋈◻⋈◻⋈◻⋈◻⋈◻⋈◻⋈◻⋈◻⋈◻⋈◻⋈◻⋈◻⋈◻⋈◻⋈◻⋈◻⋈◻⋈◻⋈◻⋈◻⋈◻⋈◻⋈◻⋈◻⋈◻⋈◻⋈◻⋈◻⋈◻⋈◻⋈◻⋈◻⋈◻⋈◻⋈◻⋈◻⋈◻⋈◻⋈◻⋈◻⋈◻⋈◻⋈⊙⋈≺⋈◻⋈⊙⋈◻⋈⊙⊥◻⋈◻⋈◻⋈◻⋈◻⋈⊙⋈◻⋈◻⋈◻⋈⊙⋈◻⋈◻⋈◻⋈⊙⋈◻⋈◻⋈◻⋈◻⋈◻⋈◻⋈◻⋈◻⋈◻⋈◻⋈◻⋈◻⋈◻⋈◻⋈◻⋈◻⋈◻⋈◻⋈◻⋈◻⋈◻⋈◻⋈◻⋈◻⋈◻⋈◻⋈◻⋈◻⋈◻⋈◻⋈◻⋈◻⋈◻⋈◻⋈◻⋈◻⋈◻⋈◻⋈◻⋈◻⋈◻⋈◻⋈◻⋈◻⋈◻⋈◻⋈◻⋈◻⋈◻⋈◻⋈◻⋈◻⋈◻⋈◻⋈◻⋈◻⋈◻⋈◻⋈◻⋈◻⋈◻⋈◻⋈◻⋈◻⋈◻⋈◻⋈◻⋈◻⋈◻⋈◻⋈◻⋈◻⋈◻⋈◻⋈◻⋈◻⋈◻⋈◻⋈◻⋈◻⋈◻⋈◻⋈◻⋈◻⋈◻⋈◻⋈◻⋈◻⋈◻⋈◻⋈◻⋈◻⋈◻⋈◻⋈◻⋈◻⋈◻⋈◻⋈◻⋈◻⋈⊙⋈≺⋈◻⋈⊙⋈◻⋈⊙⊥◻⋈◻⋈◻⋈◻⋈◻⋈⊙⋈◻⋈◻⋈◻⋈⊙⋈◻⋈◻⋈◻⋈⊙⋈◻⋈◻⋈◻⋈◻⋈◻⋈◻⋈◻⋈◻⋈◻⋈◻⋈◻⋈◻⋈◻⋈◻⋈◻⋈◻⋈◻⋈◻⋈◻⋈◻⋈◻⋈◻⋈◻⋈◻⋈◻⋈◻⋈◻⋈◻⋈◻⋈◻⋈◻⋈◻⋈◻⋈◻⋈◻⋈◻⋈◻⋈◻⋈◻⋈◻⋈◻⋈◻⋈◻⋈◻⋈◻⋈◻⋈◻⋈◻⋈◻⋈◻⋈◻⋈◻⋈◻⋈◻⋈◻⋈◻⋈◻⋈◻⋈◻⋈◻⋈◻⋈◻⋈◻⋈◻⋈◻⋈◻⋈◻⋈◻⋈◻⋈◻⋈◻⋈◻⋈◻⋈◻⋈◻⋈◻⋈◻⋈◻⋈◻⋈◻⋈◻⋈◻⋈◻⋈◻⋈◻⋈◻⋈◻⋈◻⋈◻⋈◻⋈◻⋈◻⋈◻⋈◻⋈◻⋈◻⋈◻⋈◻⋈◻⋈◻⋈⊙⋈≺⋈◻⋈⊙⋈◻⋈⊙⊥◻⋈◻⋈⊙∋⊣	clean
DeMorganBooleanCentre.excluded_middle_fails	⊢⊙⋈◻◻∈⊤◻⊥◻⋈◻⋈◻⋈◻⋈◻⋈◻⋈◻⋈◻⋈◻⋈◻⋈◻⋈◻⋈◻⋈◻⋈∈⊤◻⊥◻⋈◻⋈◻⋈◻⋈◻⋈⊙∋⋈⊙∋⊣	clean
DeMorganBooleanCentre.switch_monotone_truth	⊢∈⊤◻⋈◻⋈◻⋈◻⋈⊙⋈◻⋈⊙⋈◻⊥⊙⊥◻⋈◻⋈◻⋈◻⋈◻⋈◻⋈◻⋈⊙⋈◻⋈⊙⋈◻⋈∈⊤◻⋈◻⋈◻⋈◻⋈◻⋈◻⋈⊙⋈◻⊥⊙⊥◻⋈◻⋈◻⋈◻⋈◻⋈◻⋈◻⋈◻⋈◻⋈⊙⋈◻⋈◻⋈◻⋈◻⋈◻⋈◻⋈◻⋈◻⋈◻⋈◻⋈◻⋈◻⋈◻⋈◻⋈◻⋈◻⋈◻⋈◻⋈◻⋈◻⋈◻⋈◻⋈◻⋈◻⋈◻⋈◻⋈◻⋈◻⋈◻⋈◻⋈◻⋈◻⋈◻⋈◻⋈◻⋈◻⋈◻⋈◻⋈◻⋈◻⋈◻⋈◻⋈◻⋈◻⋈◻⋈◻⋈◻⋈◻⋈◻⋈◻⋈◻⋈◻⋈◻⋈◻⋈◻⋈◻⋈◻⋈◻⋈◻⋈◻⋈◻⋈◻⋈◻⋈◻⋈◻⋈◻⋈◻⋈◻⋈◻⋈◻⋈◻⋈◻⋈◻⋈◻⋈◻⋈◻⋈◻⋈◻⋈◻⋈◻⋈⊙⋈≺⋈◻⋈⊙⋈◻⋈⊙⊥◻⋈◻⋈◻⋈◻⋈◻⋈◻⋈◻⋈◻⋈◻⋈⊙⋈◻⋈◻⋈◻⋈◻⋈◻⋈◻⋈◻⋈◻⋈◻⋈◻⋈◻⋈◻⋈◻⋈◻⋈◻⋈◻⋈◻⋈◻⋈◻⋈◻⋈◻⋈◻⋈◻⋈◻⋈◻⋈◻⋈◻⋈◻⋈◻⋈◻⋈◻⋈◻⋈◻⋈◻⋈◻⋈◻⋈◻⋈◻⋈◻⋈◻⋈◻⋈◻⋈◻⋈◻⋈◻⋈◻⋈◻⋈◻⋈◻⋈◻⋈◻⋈◻⋈◻⋈◻⋈◻⋈◻⋈◻⋈◻⋈◻⋈◻⋈◻⋈◻⋈◻⋈◻⋈◻⋈◻⋈◻⋈◻⋈◻⋈◻⋈◻⋈◻⋈◻⋈◻⋈◻⋈◻⋈◻⋈◻⋈◻⋈◻⋈⊙⋈≺⋈◻⋈⊙⋈◻⋈⊙⊥◻⋈◻⋈◻⋈◻⋈◻⋈◻⋈◻⋈◻⋈◻⋈⊙⋈◻⋈◻⋈◻⋈◻⋈◻⋈◻⋈◻⋈◻⋈◻⋈◻⋈◻⋈◻⋈◻⋈◻⋈◻⋈◻⋈◻⋈◻⋈◻⋈◻⋈◻⋈◻⋈◻⋈◻⋈◻⋈◻⋈◻⋈◻⋈◻⋈◻⋈◻⋈◻⋈◻⋈◻⋈◻⋈◻⋈◻⋈◻⋈◻⋈◻⋈◻⋈◻⋈◻⋈◻⋈◻⋈◻⋈◻⋈◻⋈◻⋈◻⋈◻⋈◻⋈◻⋈◻⋈◻⋈◻⋈◻⋈◻⋈◻⋈◻⋈◻⋈◻⋈◻⋈◻⋈◻⋈◻⋈◻⋈◻⋈◻⋈◻⋈◻⋈◻⋈◻⋈◻⋈◻⋈◻⋈◻⋈◻⋈◻⋈◻⋈⊙⋈≺⋈◻⋈⊙⋈◻⋈⊙⊥◻⋈◻⋈◻⋈◻⋈◻⋈◻⋈◻⋈◻⋈◻⋈⊙⋈◻⋈◻⋈◻⋈◻⋈◻⋈◻⋈◻⋈◻⋈◻⋈◻⋈◻⋈◻⋈◻⋈◻⋈◻⋈◻⋈◻⋈◻⋈◻⋈◻⋈◻⋈◻⋈◻⋈◻⋈◻⋈◻⋈◻⋈◻⋈◻⋈◻⋈◻⋈◻⋈◻⋈◻⋈◻⋈◻⋈◻⋈◻⋈◻⋈◻⋈◻⋈◻⋈◻⋈◻⋈◻⋈◻⋈◻⋈◻⋈◻⋈◻⋈◻⋈◻⋈◻⋈◻⋈◻⋈◻⋈◻⋈◻⋈◻⋈◻⋈◻⋈◻⋈◻⋈◻⋈◻⋈◻⋈◻⋈◻⋈◻⋈◻⋈◻⋈◻⋈◻⋈◻⋈◻⋈◻⋈◻⋈◻⋈◻⋈◻⋈⊙⋈≺⋈◻⋈⊙⋈◻⋈⊙⊥◻⋈◻⋈⊙∋⋈⊙⋈≺⋈◻⋈⊙⋈◻⋈⊙⊥◻⋈◻⋈◻⋈◻⋈◻⋈◻⋈◻⋈⊙⋈◻⋈⊙⋈◻⋈∈⊤◻⋈◻⋈◻⋈◻⋈◻⋈◻⋈⊙⋈◻⊥⊙⊥◻⋈◻⋈◻⋈◻⋈◻⋈◻⋈◻⋈◻⋈◻⋈⊙⋈◻⋈◻⋈◻⋈◻⋈◻⋈◻⋈◻⋈◻⋈◻⋈◻⋈◻⋈◻⋈◻⋈◻⋈◻⋈◻⋈◻⋈◻⋈◻⋈◻⋈◻⋈◻⋈◻⋈◻⋈◻⋈◻⋈◻⋈◻⋈◻⋈◻⋈◻⋈◻⋈◻⋈◻⋈◻⋈◻⋈◻⋈◻⋈◻⋈◻⋈◻⋈◻⋈◻⋈◻⋈◻⋈◻⋈◻⋈◻⋈◻⋈◻⋈◻⋈◻⋈◻⋈◻⋈◻⋈◻⋈◻⋈◻⋈◻⋈◻⋈◻⋈◻⋈◻⋈◻⋈◻⋈◻⋈◻⋈◻⋈◻⋈◻⋈◻⋈◻⋈◻⋈◻⋈◻⋈◻⋈◻⋈◻⋈◻⋈◻⋈⊙⋈≺⋈◻⋈⊙⋈◻⋈⊙⊥◻⋈◻⋈◻⋈◻⋈◻⋈◻⋈◻⋈◻⋈◻⋈⊙⋈◻⋈◻⋈◻⋈◻⋈◻⋈◻⋈◻⋈◻⋈◻⋈◻⋈◻⋈◻⋈◻⋈◻⋈◻⋈◻⋈◻⋈◻⋈◻⋈◻⋈◻⋈◻⋈◻⋈◻⋈◻⋈◻⋈◻⋈◻⋈◻⋈◻⋈◻⋈◻⋈◻⋈◻⋈◻⋈◻⋈◻⋈◻⋈◻⋈◻⋈◻⋈◻⋈◻⋈◻⋈◻⋈◻⋈◻⋈◻⋈◻⋈◻⋈◻⋈◻⋈◻⋈◻⋈◻⋈◻⋈◻⋈◻⋈◻⋈◻⋈◻⋈◻⋈◻⋈◻⋈◻⋈◻⋈◻⋈◻⋈◻⋈◻⋈◻⋈◻⋈◻⋈◻⋈◻⋈◻⋈◻⋈◻⋈◻⋈◻⋈⊙⋈≺⋈◻⋈⊙⋈◻⋈⊙⊥◻⋈◻⋈◻⋈◻⋈◻⋈◻⋈◻⋈◻⋈◻⋈⊙⋈◻⋈◻⋈◻⋈◻⋈◻⋈◻⋈◻⋈◻⋈◻⋈◻⋈◻⋈◻⋈◻⋈◻⋈◻⋈◻⋈◻⋈◻⋈◻⋈◻⋈◻⋈◻⋈◻⋈◻⋈◻⋈◻⋈◻⋈◻⋈◻⋈◻⋈◻⋈◻⋈◻⋈◻⋈◻⋈◻⋈◻⋈◻⋈◻⋈◻⋈◻⋈◻⋈◻⋈◻⋈◻⋈◻⋈◻⋈◻⋈◻⋈◻⋈◻⋈◻⋈◻⋈◻⋈◻⋈◻⋈◻⋈◻⋈◻⋈◻⋈◻⋈◻⋈◻⋈◻⋈◻⋈◻⋈◻⋈◻⋈◻⋈◻⋈◻⋈◻⋈◻⋈◻⋈◻⋈◻⋈◻⋈◻⋈◻⋈◻⋈⊙⋈≺⋈◻⋈⊙⋈◻⋈⊙⊥◻⋈◻⋈◻⋈◻⋈◻⋈◻⋈◻⋈◻⋈◻⋈⊙⋈◻⋈◻⋈◻⋈◻⋈◻⋈◻⋈◻⋈◻⋈◻⋈◻⋈◻⋈◻⋈◻⋈◻⋈◻⋈◻⋈◻⋈◻⋈◻⋈◻⋈◻⋈◻⋈◻⋈◻⋈◻⋈◻⋈◻⋈◻⋈◻⋈◻⋈◻⋈◻⋈◻⋈◻⋈◻⋈◻⋈◻⋈◻⋈◻⋈◻⋈◻⋈◻⋈◻⋈◻⋈◻⋈◻⋈◻⋈◻⋈◻⋈◻⋈◻⋈◻⋈◻⋈◻⋈◻⋈◻⋈◻⋈◻⋈◻⋈◻⋈◻⋈◻⋈◻⋈◻⋈◻⋈◻⋈◻⋈◻⋈◻⋈◻⋈◻⋈◻⋈◻⋈◻⋈◻⋈◻⋈◻⋈◻⋈◻⋈◻⋈⊙⋈≺⋈◻⋈⊙⋈◻⋈⊙⊥◻⋈◻⋈⊙∋⋈⊙⋈≺⋈◻⋈⊙⋈◻⋈⊙⊥◻⋈◻⋈◻⋈◻⋈◻⋈◻⋈◻⋈⊙⋈◻⋈⊙⋈◻⋈∈⊤◻⋈◻⋈◻⋈◻⋈◻⋈◻⋈⊙⋈◻⊥⊙⊥◻⋈◻⋈◻⋈◻⋈◻⋈◻⋈◻⋈◻⋈◻⋈⊙⋈◻⋈◻⋈◻⋈◻⋈◻⋈◻⋈◻⋈◻⋈◻⋈◻⋈◻⋈◻⋈◻⋈◻⋈◻⋈◻⋈◻⋈◻⋈◻⋈◻⋈◻⋈◻⋈◻⋈◻⋈◻⋈◻⋈◻⋈◻⋈◻⋈◻⋈◻⋈◻⋈◻⋈◻⋈◻⋈◻⋈◻⋈◻⋈◻⋈◻⋈◻⋈◻⋈◻⋈◻⋈◻⋈◻⋈◻⋈◻⋈◻⋈◻⋈◻⋈◻⋈◻⋈◻⋈◻⋈◻⋈◻⋈◻⋈◻⋈◻⋈◻⋈◻⋈◻⋈◻⋈◻⋈◻⋈◻⋈◻⋈◻⋈◻⋈◻⋈◻⋈◻⋈◻⋈◻⋈◻⋈◻⋈◻⋈◻⋈◻⋈⊙⋈≺⋈◻⋈⊙⋈◻⋈⊙⊥◻⋈◻⋈◻⋈◻⋈◻⋈◻⋈◻⋈◻⋈◻⋈⊙⋈◻⋈◻⋈◻⋈◻⋈◻⋈◻⋈◻⋈◻⋈◻⋈◻⋈◻⋈◻⋈◻⋈◻⋈◻⋈◻⋈◻⋈◻⋈◻⋈◻⋈◻⋈◻⋈◻⋈◻⋈◻⋈◻⋈◻⋈◻⋈◻⋈◻⋈◻⋈◻⋈◻⋈◻⋈◻⋈◻⋈◻⋈◻⋈◻⋈◻⋈◻⋈◻⋈◻⋈◻⋈◻⋈◻⋈◻⋈◻⋈◻⋈◻⋈◻⋈◻⋈◻⋈◻⋈◻⋈◻⋈◻⋈◻⋈◻⋈◻⋈◻⋈◻⋈◻⋈◻⋈◻⋈◻⋈◻⋈◻⋈◻⋈◻⋈◻⋈◻⋈◻⋈◻⋈◻⋈◻⋈◻⋈◻⋈◻⋈◻⋈⊙⋈≺⋈◻⋈⊙⋈◻⋈⊙⊥◻⋈◻⋈◻⋈◻⋈◻⋈◻⋈◻⋈◻⋈◻⋈⊙⋈◻⋈◻⋈◻⋈◻⋈◻⋈◻⋈◻⋈◻⋈◻⋈◻⋈◻⋈◻⋈◻⋈◻⋈◻⋈◻⋈◻⋈◻⋈◻⋈◻⋈◻⋈◻⋈◻⋈◻⋈◻⋈◻⋈◻⋈◻⋈◻⋈◻⋈◻⋈◻⋈◻⋈◻⋈◻⋈◻⋈◻⋈◻⋈◻⋈◻⋈◻⋈◻⋈◻⋈◻⋈◻⋈◻⋈◻⋈◻⋈◻⋈◻⋈◻⋈◻⋈◻⋈◻⋈◻⋈◻⋈◻⋈◻⋈◻⋈◻⋈◻⋈◻⋈◻⋈◻⋈◻⋈◻⋈◻⋈◻⋈◻⋈◻⋈◻⋈◻⋈◻⋈◻⋈◻⋈◻⋈◻⋈◻⋈◻⋈◻⋈⊙⋈≺⋈◻⋈⊙⋈◻⋈⊙⊥◻⋈◻⋈◻⋈◻⋈◻⋈◻⋈◻⋈◻⋈◻⋈⊙⋈◻⋈◻⋈◻⋈◻⋈◻⋈◻⋈◻⋈◻⋈◻⋈◻⋈◻⋈◻⋈◻⋈◻⋈◻⋈◻⋈◻⋈◻⋈◻⋈◻⋈◻⋈◻⋈◻⋈◻⋈◻⋈◻⋈◻⋈◻⋈◻⋈◻⋈◻⋈◻⋈◻⋈◻⋈◻⋈◻⋈◻⋈◻⋈◻⋈◻⋈◻⋈◻⋈◻⋈◻⋈◻⋈◻⋈◻⋈◻⋈◻⋈◻⋈◻⋈◻⋈◻⋈◻⋈◻⋈◻⋈◻⋈◻⋈◻⋈◻⋈◻⋈◻⋈◻⋈◻⋈◻⋈◻⋈◻⋈◻⋈◻⋈◻⋈◻⋈◻⋈◻⋈◻⋈◻⋈◻⋈◻⋈◻⋈◻⋈◻⋈⊙⋈≺⋈◻⋈⊙⋈◻⋈⊙⊥◻⋈◻⋈⊙∋⋈⊙⋈≺⋈◻⋈⊙⋈◻⋈⊙⊥◻⋈◻⋈◻⋈◻⋈◻⋈◻⋈◻⋈⊙⋈◻⋈⊙⋈◻⋈∈⊤◻⋈◻⋈◻⋈◻⋈◻⋈◻⋈⊙⋈◻⊥⊙⊥◻⋈◻⋈◻⋈◻⋈◻⋈◻⋈◻⋈◻⋈◻⋈⊙⋈◻⋈◻⋈◻⋈◻⋈◻⋈◻⋈◻⋈◻⋈◻⋈◻⋈◻⋈◻⋈◻⋈◻⋈◻⋈◻⋈◻⋈◻⋈◻⋈◻⋈◻⋈◻⋈◻⋈◻⋈◻⋈◻⋈◻⋈◻⋈◻⋈◻⋈◻⋈◻⋈◻⋈◻⋈◻⋈◻⋈◻⋈◻⋈◻⋈◻⋈◻⋈◻⋈◻⋈◻⋈◻⋈◻⋈◻⋈◻⋈◻⋈◻⋈◻⋈◻⋈◻⋈◻⋈◻⋈◻⋈◻⋈◻⋈◻⋈◻⋈◻⋈◻⋈◻⋈◻⋈◻⋈◻⋈◻⋈◻⋈◻⋈◻⋈◻⋈◻⋈◻⋈◻⋈◻⋈◻⋈◻⋈◻⋈◻⋈◻⋈⊙⋈≺⋈◻⋈⊙⋈◻⋈⊙⊥◻⋈◻⋈◻⋈◻⋈◻⋈◻⋈◻⋈◻⋈◻⋈⊙⋈◻⋈◻⋈◻⋈◻⋈◻⋈◻⋈◻⋈◻⋈◻⋈◻⋈◻⋈◻⋈◻⋈◻⋈◻⋈◻⋈◻⋈◻⋈◻⋈◻⋈◻⋈◻⋈◻⋈◻⋈◻⋈◻⋈◻⋈◻⋈◻⋈◻⋈◻⋈◻⋈◻⋈◻⋈◻⋈◻⋈◻⋈◻⋈◻⋈◻⋈◻⋈◻⋈◻⋈◻⋈◻⋈◻⋈◻⋈◻⋈◻⋈◻⋈◻⋈◻⋈◻⋈◻⋈◻⋈◻⋈◻⋈◻⋈◻⋈◻⋈◻⋈◻⋈◻⋈◻⋈◻⋈◻⋈◻⋈◻⋈◻⋈◻⋈◻⋈◻⋈◻⋈◻⋈◻⋈◻⋈◻⋈◻⋈◻⋈◻⋈⊙⋈≺⋈◻⋈⊙⋈◻⋈⊙⊥◻⋈◻⋈◻⋈◻⋈◻⋈◻⋈◻⋈◻⋈◻⋈⊙⋈◻⋈◻⋈◻⋈◻⋈◻⋈◻⋈◻⋈◻⋈◻⋈◻⋈◻⋈◻⋈◻⋈◻⋈◻⋈◻⋈◻⋈◻⋈◻⋈◻⋈◻⋈◻⋈◻⋈◻⋈◻⋈◻⋈◻⋈◻⋈◻⋈◻⋈◻⋈◻⋈◻⋈◻⋈◻⋈◻⋈◻⋈◻⋈◻⋈◻⋈◻⋈◻⋈◻⋈◻⋈◻⋈◻⋈◻⋈◻⋈◻⋈◻⋈◻⋈◻⋈◻⋈◻⋈◻⋈◻⋈◻⋈◻⋈◻⋈◻⋈◻⋈◻⋈◻⋈◻⋈◻⋈◻⋈◻⋈◻⋈◻⋈◻⋈◻⋈◻⋈◻⋈◻⋈◻⋈◻⋈◻⋈◻⋈◻⋈◻⋈⊙⋈≺⋈◻⋈⊙⋈◻⋈⊙⊥◻⋈◻⋈◻⋈◻⋈◻⋈◻⋈◻⋈◻⋈◻⋈⊙⋈◻⋈◻⋈◻⋈◻⋈◻⋈◻⋈◻⋈◻⋈◻⋈◻⋈◻⋈◻⋈◻⋈◻⋈◻⋈◻⋈◻⋈◻⋈◻⋈◻⋈◻⋈◻⋈◻⋈◻⋈◻⋈◻⋈◻⋈◻⋈◻⋈◻⋈◻⋈◻⋈◻⋈◻⋈◻⋈◻⋈◻⋈◻⋈◻⋈◻⋈◻⋈◻⋈◻⋈◻⋈◻⋈◻⋈◻⋈◻⋈◻⋈◻⋈◻⋈◻⋈◻⋈◻⋈◻⋈◻⋈◻⋈◻⋈◻⋈◻⋈◻⋈◻⋈◻⋈◻⋈◻⋈◻⋈◻⋈◻⋈◻⋈◻⋈◻⋈◻⋈◻⋈◻⋈◻⋈◻⋈◻⋈◻⋈◻⋈◻⋈⊙⋈≺⋈◻⋈⊙⋈◻⋈⊙⊥◻⋈◻⋈⊙∋⋈⊙⋈≺⋈◻⋈⊙⋈◻⋈⊙⊥◻⋈◻⋈⊙∋⊣	clean
DeMorganBooleanCentre.inclCentre_not_surjective	⊢∈⊤◻⊥◻⋈◻⋈◻⋈⊙⋈◻⊥◻⊥⊙⋈◻⊥◻⋈∈⊤◻⊥◻⋈⊙⊥◻⋈◻⋈◻⋈⊙⋈◻⋈⊙⋈◻⊥◻⋈◻⋈◻⋈⊙⋈⊙⊥◻⊥⊙∋∋⊣	clean
DeMorganBooleanCentre.inclCentre_injective	⊢◻⋈◻⋈◻⋈⊙⋈⊙⋈⊙⊣	clean
DeMorganBooleanCentre.the_two_cuts_differ	⊢◻⋈◻⋈◻⋈◻⋈◻⋈◻⋈◻⋈◻⊣	clean
DeMorganBooleanCentre.tmeet_distrib_tjoin	⊢∈⊤◻⋈◻⋈◻⋈⊙⋈◻⋈⊙⋈⊙⋈◻⋈◻⋈⊙⋈⊙⋈◻⋈⊙⋈⊙⊥⊙⊥◻⋈◻⋈◻⋈◻⋈◻⋈◻⋈⊙⋈◻⋈⊙⋈⊙⋈◻⋈◻⋈⊙⋈⊙⋈◻⋈⊙⋈⊙⋈∈⊤◻⋈◻⋈◻⋈◻⋈◻⋈⊙⋈⊙⋈◻⋈◻⋈◻⋈⊙⋈◻⋈◻⋈⊙⊥⊙⊥◻⋈◻⋈◻⋈◻⋈◻⋈◻⋈◻⋈◻⋈⊙⋈⊙⋈◻⋈◻⋈◻⋈⊙⋈◻⋈◻⋈⊙⋈∈⊤◻⋈◻⋈◻⋈◻⋈◻⋈◻⋈⊙⋈◻⋈◻⋈◻⋈◻⋈◻⋈◻⋈⊙⊥⊙⊥◻⋈◻⋈◻⋈◻⋈◻⋈◻⋈◻⋈◻⋈◻⋈⊙⋈◻⋈◻⋈◻⋈◻⋈◻⋈◻⋈⊙⋈◻⋈◻⋈◻⋈◻⋈◻⋈◻⋈◻⋈⊙⋈≺⋈◻⋈⊙⋈◻⋈⊙⊥◻⋈◻⋈◻⋈◻⋈◻⋈◻⋈◻⋈◻⋈◻⋈⊙⋈◻⋈◻⋈◻⋈◻⋈◻⋈◻⋈⊙⋈◻⋈◻⋈◻⋈◻⋈◻⋈◻⋈◻⋈⊙⋈≺⋈◻⋈⊙⋈◻⋈⊙⊥◻⋈◻⋈◻⋈◻⋈◻⋈◻⋈◻⋈◻⋈◻⋈⊙⋈◻⋈◻⋈◻⋈◻⋈◻⋈◻⋈⊙⋈◻⋈◻⋈◻⋈◻⋈◻⋈◻⋈◻⋈⊙⋈≺⋈◻⋈⊙⋈◻⋈⊙⊥◻⋈◻⋈◻⋈◻⋈◻⋈◻⋈◻⋈◻⋈◻⋈⊙⋈◻⋈◻⋈◻⋈◻⋈◻⋈◻⋈⊙⋈◻⋈◻⋈◻⋈◻⋈◻⋈◻⋈◻⋈⊙⋈≺⋈◻⋈⊙⋈◻⋈⊙⊥◻⋈◻⋈⊙∋⋈⊙⋈≺⋈◻⋈⊙⋈◻⋈⊙⊥◻⋈◻⋈◻⋈◻⋈◻⋈◻⋈◻⋈◻⋈⊙⋈⊙⋈◻⋈◻⋈◻⋈⊙⋈◻⋈◻⋈⊙⋈∈⊤◻⋈◻⋈◻⋈◻⋈◻⋈◻⋈⊙⋈◻⋈◻⋈◻⋈◻⋈◻⋈◻⋈⊙⊥⊙⊥◻⋈◻⋈◻⋈◻⋈◻⋈◻⋈◻⋈◻⋈◻⋈⊙⋈◻⋈◻⋈◻⋈◻⋈◻⋈◻⋈⊙⋈◻⋈◻⋈◻⋈◻⋈◻⋈◻⋈◻⋈⊙⋈≺⋈◻⋈⊙⋈◻⋈⊙⊥◻⋈◻⋈◻⋈◻⋈◻⋈◻⋈◻⋈◻⋈◻⋈⊙⋈◻⋈◻⋈◻⋈◻⋈◻⋈◻⋈⊙⋈◻⋈◻⋈◻⋈◻⋈◻⋈◻⋈◻⋈⊙⋈≺⋈◻⋈⊙⋈◻⋈⊙⊥◻⋈◻⋈◻⋈◻⋈◻⋈◻⋈◻⋈◻⋈◻⋈⊙⋈◻⋈◻⋈◻⋈◻⋈◻⋈◻⋈⊙⋈◻⋈◻⋈◻⋈◻⋈◻⋈◻⋈◻⋈⊙⋈≺⋈◻⋈⊙⋈◻⋈⊙⊥◻⋈◻⋈◻⋈◻⋈◻⋈◻⋈◻⋈◻⋈◻⋈⊙⋈◻⋈◻⋈◻⋈◻⋈◻⋈◻⋈⊙⋈◻⋈◻⋈◻⋈◻⋈◻⋈◻⋈◻⋈⊙⋈≺⋈◻⋈⊙⋈◻⋈⊙⊥◻⋈◻⋈⊙∋⋈⊙⋈≺⋈◻⋈⊙⋈◻⋈⊙⊥◻⋈◻⋈◻⋈◻⋈◻⋈◻⋈◻⋈◻⋈⊙⋈⊙⋈◻⋈◻⋈◻⋈⊙⋈◻⋈◻⋈⊙⋈∈⊤◻⋈◻⋈◻⋈◻⋈◻⋈◻⋈⊙⋈◻⋈◻⋈◻⋈◻⋈◻⋈◻⋈⊙⊥⊙⊥◻⋈◻⋈◻⋈◻⋈◻⋈◻⋈◻⋈◻⋈◻⋈⊙⋈◻⋈◻⋈◻⋈◻⋈◻⋈◻⋈⊙⋈◻⋈◻⋈◻⋈◻⋈◻⋈◻⋈◻⋈⊙⋈≺⋈◻⋈⊙⋈◻⋈⊙⊥◻⋈◻⋈◻⋈◻⋈◻⋈◻⋈◻⋈◻⋈◻⋈⊙⋈◻⋈◻⋈◻⋈◻⋈◻⋈◻⋈⊙⋈◻⋈◻⋈◻⋈◻⋈◻⋈◻⋈◻⋈⊙⋈≺⋈◻⋈⊙⋈◻⋈⊙⊥◻⋈◻⋈◻⋈◻⋈◻⋈◻⋈◻⋈◻⋈◻⋈⊙⋈◻⋈◻⋈◻⋈◻⋈◻⋈◻⋈⊙⋈◻⋈◻⋈◻⋈◻⋈◻⋈◻⋈◻⋈⊙⋈≺⋈◻⋈⊙⋈◻⋈⊙⊥◻⋈◻⋈◻⋈◻⋈◻⋈◻⋈◻⋈◻⋈◻⋈⊙⋈◻⋈◻⋈◻⋈◻⋈◻⋈◻⋈⊙⋈◻⋈◻⋈◻⋈◻⋈◻⋈◻⋈◻⋈⊙⋈≺⋈◻⋈⊙⋈◻⋈⊙⊥◻⋈◻⋈⊙∋⋈⊙⋈≺⋈◻⋈⊙⋈◻⋈⊙⊥◻⋈◻⋈◻⋈◻⋈◻⋈◻⋈◻⋈◻⋈⊙⋈⊙⋈◻⋈◻⋈◻⋈⊙⋈◻⋈◻⋈⊙⋈∈⊤◻⋈◻⋈◻⋈◻⋈◻⋈◻⋈⊙⋈◻⋈◻⋈◻⋈◻⋈◻⋈◻⋈⊙⊥⊙⊥◻⋈◻⋈◻⋈◻⋈◻⋈◻⋈◻⋈◻⋈◻⋈⊙⋈◻⋈◻⋈◻⋈◻⋈◻⋈◻⋈⊙⋈◻⋈◻⋈◻⋈◻⋈◻⋈◻⋈◻⋈⊙⋈≺⋈◻⋈⊙⋈◻⋈⊙⊥◻⋈◻⋈◻⋈◻⋈◻⋈◻⋈◻⋈◻⋈◻⋈⊙⋈◻⋈◻⋈◻⋈◻⋈◻⋈◻⋈⊙⋈◻⋈◻⋈◻⋈◻⋈◻⋈◻⋈◻⋈⊙⋈≺⋈◻⋈⊙⋈◻⋈⊙⊥◻⋈◻⋈◻⋈◻⋈◻⋈◻⋈◻⋈◻⋈◻⋈⊙⋈◻⋈◻⋈◻⋈◻⋈◻⋈◻⋈⊙⋈◻⋈◻⋈◻⋈◻⋈◻⋈◻⋈◻⋈⊙⋈≺⋈◻⋈⊙⋈◻⋈⊙⊥◻⋈◻⋈◻⋈◻⋈◻⋈◻⋈◻⋈◻⋈◻⋈⊙⋈◻⋈◻⋈◻⋈◻⋈◻⋈◻⋈⊙⋈◻⋈◻⋈◻⋈◻⋈◻⋈◻⋈◻⋈⊙⋈≺⋈◻⋈⊙⋈◻⋈⊙⊥◻⋈◻⋈⊙∋⋈⊙⋈≺⋈◻⋈⊙⋈◻⋈⊙⊥◻⋈◻⋈⊙∋⋈⊙⋈≺⋈◻⋈⊙⋈◻⋈⊙⊥◻⋈◻⋈◻⋈◻⋈◻⋈◻⋈⊙⋈◻⋈⊙⋈⊙⋈◻⋈◻⋈⊙⋈⊙⋈◻⋈⊙⋈⊙⋈∈⊤◻⋈◻⋈◻⋈◻⋈◻⋈⊙⋈⊙⋈◻⋈◻⋈◻⋈⊙⋈◻⋈◻⋈⊙⊥⊙⊥◻⋈◻⋈◻⋈◻⋈◻⋈◻⋈◻⋈◻⋈⊙⋈⊙⋈◻⋈◻⋈◻⋈⊙⋈◻⋈◻⋈⊙⋈∈⊤◻⋈◻⋈◻⋈◻⋈◻⋈◻⋈⊙⋈◻⋈◻⋈◻⋈◻⋈◻⋈◻⋈⊙⊥⊙⊥◻⋈◻⋈◻⋈◻⋈◻⋈◻⋈◻⋈◻⋈◻⋈⊙⋈◻⋈◻⋈◻⋈◻⋈◻⋈◻⋈⊙⋈◻⋈◻⋈◻⋈◻⋈◻⋈◻⋈◻⋈⊙⋈≺⋈◻⋈⊙⋈◻⋈⊙⊥◻⋈◻⋈◻⋈◻⋈◻⋈◻⋈◻⋈◻⋈◻⋈⊙⋈◻⋈◻⋈◻⋈◻⋈◻⋈◻⋈⊙⋈◻⋈◻⋈◻⋈◻⋈◻⋈◻⋈◻⋈⊙⋈≺⋈◻⋈⊙⋈◻⋈⊙⊥◻⋈◻⋈◻⋈◻⋈◻⋈◻⋈◻⋈◻⋈◻⋈⊙⋈◻⋈◻⋈◻⋈◻⋈◻⋈◻⋈⊙⋈◻⋈◻⋈◻⋈◻⋈◻⋈◻⋈◻⋈⊙⋈≺⋈◻⋈⊙⋈◻⋈⊙⊥◻⋈◻⋈◻⋈◻⋈◻⋈◻⋈◻⋈◻⋈◻⋈⊙⋈◻⋈◻⋈◻⋈◻⋈◻⋈◻⋈⊙⋈◻⋈◻⋈◻⋈◻⋈◻⋈◻⋈◻⋈⊙⋈≺⋈◻⋈⊙⋈◻⋈⊙⊥◻⋈◻⋈⊙∋⋈⊙⋈≺⋈◻⋈⊙⋈◻⋈⊙⊥◻⋈◻⋈◻⋈◻⋈◻⋈◻⋈◻⋈◻⋈⊙⋈⊙⋈◻⋈◻⋈◻⋈⊙⋈◻⋈◻⋈⊙⋈∈⊤◻⋈◻⋈◻⋈◻⋈◻⋈◻⋈⊙⋈◻⋈◻⋈◻⋈◻⋈◻⋈◻⋈⊙⊥⊙⊥◻⋈◻⋈◻⋈◻⋈◻⋈◻⋈◻⋈◻⋈◻⋈⊙⋈◻⋈◻⋈◻⋈◻⋈◻⋈◻⋈⊙⋈◻⋈◻⋈◻⋈◻⋈◻⋈◻⋈◻⋈⊙⋈≺⋈◻⋈⊙⋈◻⋈⊙⊥◻⋈◻⋈◻⋈◻⋈◻⋈◻⋈◻⋈◻⋈◻⋈⊙⋈◻⋈◻⋈◻⋈◻⋈◻⋈◻⋈⊙⋈◻⋈◻⋈◻⋈◻⋈◻⋈◻⋈◻⋈⊙⋈≺⋈◻⋈⊙⋈◻⋈⊙⊥◻⋈◻⋈◻⋈◻⋈◻⋈◻⋈◻⋈◻⋈◻⋈⊙⋈◻⋈◻⋈◻⋈◻⋈◻⋈◻⋈⊙⋈◻⋈◻⋈◻⋈◻⋈◻⋈◻⋈◻⋈⊙⋈≺⋈◻⋈⊙⋈◻⋈⊙⊥◻⋈◻⋈◻⋈◻⋈◻⋈◻⋈◻⋈◻⋈◻⋈⊙⋈◻⋈◻⋈◻⋈◻⋈◻⋈◻⋈⊙⋈◻⋈◻⋈◻⋈◻⋈◻⋈◻⋈◻⋈⊙⋈≺⋈◻⋈⊙⋈◻⋈⊙⊥◻⋈◻⋈⊙∋⋈⊙⋈≺⋈◻⋈⊙⋈◻⋈⊙⊥◻⋈◻⋈◻⋈◻⋈◻⋈◻⋈◻⋈◻⋈⊙⋈⊙⋈◻⋈◻⋈◻⋈⊙⋈◻⋈◻⋈⊙⋈∈⊤◻⋈◻⋈◻⋈◻⋈◻⋈◻⋈⊙⋈◻⋈◻⋈◻⋈◻⋈◻⋈◻⋈⊙⊥⊙⊥◻⋈◻⋈◻⋈◻⋈◻⋈◻⋈◻⋈◻⋈◻⋈⊙⋈◻⋈◻⋈◻⋈◻⋈◻⋈◻⋈⊙⋈◻⋈◻⋈◻⋈◻⋈◻⋈◻⋈◻⋈⊙⋈≺⋈◻⋈⊙⋈◻⋈⊙⊥◻⋈◻⋈◻⋈◻⋈◻⋈◻⋈◻⋈◻⋈◻⋈⊙⋈◻⋈◻⋈◻⋈◻⋈◻⋈◻⋈⊙⋈◻⋈◻⋈◻⋈◻⋈◻⋈◻⋈◻⋈⊙⋈≺⋈◻⋈⊙⋈◻⋈⊙⊥◻⋈◻⋈◻⋈◻⋈◻⋈◻⋈◻⋈◻⋈◻⋈⊙⋈◻⋈◻⋈◻⋈◻⋈◻⋈◻⋈⊙⋈◻⋈◻⋈◻⋈◻⋈◻⋈◻⋈◻⋈⊙⋈≺⋈◻⋈⊙⋈◻⋈⊙⊥◻⋈◻⋈◻⋈◻⋈◻⋈◻⋈◻⋈◻⋈◻⋈⊙⋈◻⋈◻⋈◻⋈◻⋈◻⋈◻⋈⊙⋈◻⋈◻⋈◻⋈◻⋈◻⋈◻⋈◻⋈⊙⋈≺⋈◻⋈⊙⋈◻⋈⊙⊥◻⋈◻⋈⊙∋⋈⊙⋈≺⋈◻⋈⊙⋈◻⋈⊙⊥◻⋈◻⋈◻⋈◻⋈◻⋈◻⋈◻⋈◻⋈⊙⋈⊙⋈◻⋈◻⋈◻⋈⊙⋈◻⋈◻⋈⊙⋈∈⊤◻⋈◻⋈◻⋈◻⋈◻⋈◻⋈⊙⋈◻⋈◻⋈◻⋈◻⋈◻⋈◻⋈⊙⊥⊙⊥◻⋈◻⋈◻⋈◻⋈◻⋈◻⋈◻⋈◻⋈◻⋈⊙⋈◻⋈◻⋈◻⋈◻⋈◻⋈◻⋈⊙⋈◻⋈◻⋈◻⋈◻⋈◻⋈◻⋈◻⋈⊙⋈≺⋈◻⋈⊙⋈◻⋈⊙⊥◻⋈◻⋈◻⋈◻⋈◻⋈◻⋈◻⋈◻⋈◻⋈⊙⋈◻⋈◻⋈◻⋈◻⋈◻⋈◻⋈⊙⋈◻⋈◻⋈◻⋈◻⋈◻⋈◻⋈◻⋈⊙⋈≺⋈◻⋈⊙⋈◻⋈⊙⊥◻⋈◻⋈◻⋈◻⋈◻⋈◻⋈◻⋈◻⋈◻⋈⊙⋈◻⋈◻⋈◻⋈◻⋈◻⋈◻⋈⊙⋈◻⋈◻⋈◻⋈◻⋈◻⋈◻⋈◻⋈⊙⋈≺⋈◻⋈⊙⋈◻⋈⊙⊥◻⋈◻⋈◻⋈◻⋈◻⋈◻⋈◻⋈◻⋈◻⋈⊙⋈◻⋈◻⋈◻⋈◻⋈◻⋈◻⋈⊙⋈◻⋈◻⋈◻⋈◻⋈◻⋈◻⋈◻⋈⊙⋈≺⋈◻⋈⊙⋈◻⋈⊙⊥◻⋈◻⋈⊙∋⋈⊙⋈≺⋈◻⋈⊙⋈◻⋈⊙⊥◻⋈◻⋈⊙∋⋈⊙⋈≺⋈◻⋈⊙⋈◻⋈⊙⊥◻⋈◻⋈◻⋈◻⋈◻⋈◻⋈⊙⋈◻⋈⊙⋈⊙⋈◻⋈◻⋈⊙⋈⊙⋈◻⋈⊙⋈⊙⋈∈⊤◻⋈◻⋈◻⋈◻⋈◻⋈⊙⋈⊙⋈◻⋈◻⋈◻⋈⊙⋈◻⋈◻⋈⊙⊥⊙⊥◻⋈◻⋈◻⋈◻⋈◻⋈◻⋈◻⋈◻⋈⊙⋈⊙⋈◻⋈◻⋈◻⋈⊙⋈◻⋈◻⋈⊙⋈∈⊤◻⋈◻⋈◻⋈◻⋈◻⋈◻⋈⊙⋈◻⋈◻⋈◻⋈◻⋈◻⋈◻⋈⊙⊥⊙⊥◻⋈◻⋈◻⋈◻⋈◻⋈◻⋈◻⋈◻⋈◻⋈⊙⋈◻⋈◻⋈◻⋈◻⋈◻⋈◻⋈⊙⋈◻⋈◻⋈◻⋈◻⋈◻⋈◻⋈◻⋈⊙⋈≺⋈◻⋈⊙⋈◻⋈⊙⊥◻⋈◻⋈◻⋈◻⋈◻⋈◻⋈◻⋈◻⋈◻⋈⊙⋈◻⋈◻⋈◻⋈◻⋈◻⋈◻⋈⊙⋈◻⋈◻⋈◻⋈◻⋈◻⋈◻⋈◻⋈⊙⋈≺⋈◻⋈⊙⋈◻⋈⊙⊥◻⋈◻⋈◻⋈◻⋈◻⋈◻⋈◻⋈◻⋈◻⋈⊙⋈◻⋈◻⋈◻⋈◻⋈◻⋈◻⋈⊙⋈◻⋈◻⋈◻⋈◻⋈◻⋈◻⋈◻⋈⊙⋈≺⋈◻⋈⊙⋈◻⋈⊙⊥◻⋈◻⋈◻⋈◻⋈◻⋈◻⋈◻⋈◻⋈◻⋈⊙⋈◻⋈◻⋈◻⋈◻⋈◻⋈◻⋈⊙⋈◻⋈◻⋈◻⋈◻⋈◻⋈◻⋈◻⋈⊙⋈≺⋈◻⋈⊙⋈◻⋈⊙⊥◻⋈◻⋈⊙∋⋈⊙⋈≺⋈◻⋈⊙⋈◻⋈⊙⊥◻⋈◻⋈◻⋈◻⋈◻⋈◻⋈◻⋈◻⋈⊙⋈⊙⋈◻⋈◻⋈◻⋈⊙⋈◻⋈◻⋈⊙⋈∈⊤◻⋈◻⋈◻⋈◻⋈◻⋈◻⋈⊙⋈◻⋈◻⋈◻⋈◻⋈◻⋈◻⋈⊙⊥⊙⊥◻⋈◻⋈◻⋈◻⋈◻⋈◻⋈◻⋈◻⋈◻⋈⊙⋈◻⋈◻⋈◻⋈◻⋈◻⋈◻⋈⊙⋈◻⋈◻⋈◻⋈◻⋈◻⋈◻⋈◻⋈⊙⋈≺⋈◻⋈⊙⋈◻⋈⊙⊥◻⋈◻⋈◻⋈◻⋈◻⋈◻⋈◻⋈◻⋈◻⋈⊙⋈◻⋈◻⋈◻⋈◻⋈◻⋈◻⋈⊙⋈◻⋈◻⋈◻⋈◻⋈◻⋈◻⋈◻⋈⊙⋈≺⋈◻⋈⊙⋈◻⋈⊙⊥◻⋈◻⋈◻⋈◻⋈◻⋈◻⋈◻⋈◻⋈◻⋈⊙⋈◻⋈◻⋈◻⋈◻⋈◻⋈◻⋈⊙⋈◻⋈◻⋈◻⋈◻⋈◻⋈◻⋈◻⋈⊙⋈≺⋈◻⋈⊙⋈◻⋈⊙⊥◻⋈◻⋈◻⋈◻⋈◻⋈◻⋈◻⋈◻⋈◻⋈⊙⋈◻⋈◻⋈◻⋈◻⋈◻⋈◻⋈⊙⋈◻⋈◻⋈◻⋈◻⋈◻⋈◻⋈◻⋈⊙⋈≺⋈◻⋈⊙⋈◻⋈⊙⊥◻⋈◻⋈⊙∋⋈⊙⋈≺⋈◻⋈⊙⋈◻⋈⊙⊥◻⋈◻⋈◻⋈◻⋈◻⋈◻⋈◻⋈◻⋈⊙⋈⊙⋈◻⋈◻⋈◻⋈⊙⋈◻⋈◻⋈⊙⋈∈⊤◻⋈◻⋈◻⋈◻⋈◻⋈◻⋈⊙⋈◻⋈◻⋈◻⋈◻⋈◻⋈◻⋈⊙⊥⊙⊥◻⋈◻⋈◻⋈◻⋈◻⋈◻⋈◻⋈◻⋈◻⋈⊙⋈◻⋈◻⋈◻⋈◻⋈◻⋈◻⋈⊙⋈◻⋈◻⋈◻⋈◻⋈◻⋈◻⋈◻⋈⊙⋈≺⋈◻⋈⊙⋈◻⋈⊙⊥◻⋈◻⋈◻⋈◻⋈◻⋈◻⋈◻⋈◻⋈◻⋈⊙⋈◻⋈◻⋈◻⋈◻⋈◻⋈◻⋈⊙⋈◻⋈◻⋈◻⋈◻⋈◻⋈◻⋈◻⋈⊙⋈≺⋈◻⋈⊙⋈◻⋈⊙⊥◻⋈◻⋈◻⋈◻⋈◻⋈◻⋈◻⋈◻⋈◻⋈⊙⋈◻⋈◻⋈◻⋈◻⋈◻⋈◻⋈⊙⋈◻⋈◻⋈◻⋈◻⋈◻⋈◻⋈◻⋈⊙⋈≺⋈◻⋈⊙⋈◻⋈⊙⊥◻⋈◻⋈◻⋈◻⋈◻⋈◻⋈◻⋈◻⋈◻⋈⊙⋈◻⋈◻⋈◻⋈◻⋈◻⋈◻⋈⊙⋈◻⋈◻⋈◻⋈◻⋈◻⋈◻⋈◻⋈⊙⋈≺⋈◻⋈⊙⋈◻⋈⊙⊥◻⋈◻⋈⊙∋⋈⊙⋈≺⋈◻⋈⊙⋈◻⋈⊙⊥◻⋈◻⋈◻⋈◻⋈◻⋈◻⋈◻⋈◻⋈⊙⋈⊙⋈◻⋈◻⋈◻⋈⊙⋈◻⋈◻⋈⊙⋈∈⊤◻⋈◻⋈◻⋈◻⋈◻⋈◻⋈⊙⋈◻⋈◻⋈◻⋈◻⋈◻⋈◻⋈⊙⊥⊙⊥◻⋈◻⋈◻⋈◻⋈◻⋈◻⋈◻⋈◻⋈◻⋈⊙⋈◻⋈◻⋈◻⋈◻⋈◻⋈◻⋈⊙⋈◻⋈◻⋈◻⋈◻⋈◻⋈◻⋈◻⋈⊙⋈≺⋈◻⋈⊙⋈◻⋈⊙⊥◻⋈◻⋈◻⋈◻⋈◻⋈◻⋈◻⋈◻⋈◻⋈⊙⋈◻⋈◻⋈◻⋈◻⋈◻⋈◻⋈⊙⋈◻⋈◻⋈◻⋈◻⋈◻⋈◻⋈◻⋈⊙⋈≺⋈◻⋈⊙⋈◻⋈⊙⊥◻⋈◻⋈◻⋈◻⋈◻⋈◻⋈◻⋈◻⋈◻⋈⊙⋈◻⋈◻⋈◻⋈◻⋈◻⋈◻⋈⊙⋈◻⋈◻⋈◻⋈◻⋈◻⋈◻⋈◻⋈⊙⋈≺⋈◻⋈⊙⋈◻⋈⊙⊥◻⋈◻⋈◻⋈◻⋈◻⋈◻⋈◻⋈◻⋈◻⋈⊙⋈◻⋈◻⋈◻⋈◻⋈◻⋈◻⋈⊙⋈◻⋈◻⋈◻⋈◻⋈◻⋈◻⋈◻⋈⊙⋈≺⋈◻⋈⊙⋈◻⋈⊙⊥◻⋈◻⋈⊙∋⋈⊙⋈≺⋈◻⋈⊙⋈◻⋈⊙⊥◻⋈◻⋈⊙∋⋈⊙⋈≺⋈◻⋈⊙⋈◻⋈⊙⊥◻⋈◻⋈◻⋈◻⋈◻⋈◻⋈⊙⋈◻⋈⊙⋈⊙⋈◻⋈◻⋈⊙⋈⊙⋈◻⋈⊙⋈⊙⋈∈⊤◻⋈◻⋈◻⋈◻⋈◻⋈⊙⋈⊙⋈◻⋈◻⋈◻⋈⊙⋈◻⋈◻⋈⊙⊥⊙⊥◻⋈◻⋈◻⋈◻⋈◻⋈◻⋈◻⋈◻⋈⊙⋈⊙⋈◻⋈◻⋈◻⋈⊙⋈◻⋈◻⋈⊙⋈∈⊤◻⋈◻⋈◻⋈◻⋈◻⋈◻⋈⊙⋈◻⋈◻⋈◻⋈◻⋈◻⋈◻⋈⊙⊥⊙⊥◻⋈◻⋈◻⋈◻⋈◻⋈◻⋈◻⋈◻⋈◻⋈⊙⋈◻⋈◻⋈◻⋈◻⋈◻⋈◻⋈⊙⋈◻⋈◻⋈◻⋈◻⋈◻⋈◻⋈◻⋈⊙⋈≺⋈◻⋈⊙⋈◻⋈⊙⊥◻⋈◻⋈◻⋈◻⋈◻⋈◻⋈◻⋈◻⋈◻⋈⊙⋈◻⋈◻⋈◻⋈◻⋈◻⋈◻⋈⊙⋈◻⋈◻⋈◻⋈◻⋈◻⋈◻⋈◻⋈⊙⋈≺⋈◻⋈⊙⋈◻⋈⊙⊥◻⋈◻⋈◻⋈◻⋈◻⋈◻⋈◻⋈◻⋈◻⋈⊙⋈◻⋈◻⋈◻⋈◻⋈◻⋈◻⋈⊙⋈◻⋈◻⋈◻⋈◻⋈◻⋈◻⋈◻⋈⊙⋈≺⋈◻⋈⊙⋈◻⋈⊙⊥◻⋈◻⋈◻⋈◻⋈◻⋈◻⋈◻⋈◻⋈◻⋈⊙⋈◻⋈◻⋈◻⋈◻⋈◻⋈◻⋈⊙⋈◻⋈◻⋈◻⋈◻⋈◻⋈◻⋈◻⋈⊙⋈≺⋈◻⋈⊙⋈◻⋈⊙⊥◻⋈◻⋈⊙∋⋈⊙⋈≺⋈◻⋈⊙⋈◻⋈⊙⊥◻⋈◻⋈◻⋈◻⋈◻⋈◻⋈◻⋈◻⋈⊙⋈⊙⋈◻⋈◻⋈◻⋈⊙⋈◻⋈◻⋈⊙⋈∈⊤◻⋈◻⋈◻⋈◻⋈◻⋈◻⋈⊙⋈◻⋈◻⋈◻⋈◻⋈◻⋈◻⋈⊙⊥⊙⊥◻⋈◻⋈◻⋈◻⋈◻⋈◻⋈◻⋈◻⋈◻⋈⊙⋈◻⋈◻⋈◻⋈◻⋈◻⋈◻⋈⊙⋈◻⋈◻⋈◻⋈◻⋈◻⋈◻⋈◻⋈⊙⋈≺⋈◻⋈⊙⋈◻⋈⊙⊥◻⋈◻⋈◻⋈◻⋈◻⋈◻⋈◻⋈◻⋈◻⋈⊙⋈◻⋈◻⋈◻⋈◻⋈◻⋈◻⋈⊙⋈◻⋈◻⋈◻⋈◻⋈◻⋈◻⋈◻⋈⊙⋈≺⋈◻⋈⊙⋈◻⋈⊙⊥◻⋈◻⋈◻⋈◻⋈◻⋈◻⋈◻⋈◻⋈◻⋈⊙⋈◻⋈◻⋈◻⋈◻⋈◻⋈◻⋈⊙⋈◻⋈◻⋈◻⋈◻⋈◻⋈◻⋈◻⋈⊙⋈≺⋈◻⋈⊙⋈◻⋈⊙⊥◻⋈◻⋈◻⋈◻⋈◻⋈◻⋈◻⋈◻⋈◻⋈⊙⋈◻⋈◻⋈◻⋈◻⋈◻⋈◻⋈⊙⋈◻⋈◻⋈◻⋈◻⋈◻⋈◻⋈◻⋈⊙⋈≺⋈◻⋈⊙⋈◻⋈⊙⊥◻⋈◻⋈⊙∋⋈⊙⋈≺⋈◻⋈⊙⋈◻⋈⊙⊥◻⋈◻⋈◻⋈◻⋈◻⋈◻⋈◻⋈◻⋈⊙⋈⊙⋈◻⋈◻⋈◻⋈⊙⋈◻⋈◻⋈⊙⋈∈⊤◻⋈◻⋈◻⋈◻⋈◻⋈◻⋈⊙⋈◻⋈◻⋈◻⋈◻⋈◻⋈◻⋈⊙⊥⊙⊥◻⋈◻⋈◻⋈◻⋈◻⋈◻⋈◻⋈◻⋈◻⋈⊙⋈◻⋈◻⋈◻⋈◻⋈◻⋈◻⋈⊙⋈◻⋈◻⋈◻⋈◻⋈◻⋈◻⋈◻⋈⊙⋈≺⋈◻⋈⊙⋈◻⋈⊙⊥◻⋈◻⋈◻⋈◻⋈◻⋈◻⋈◻⋈◻⋈◻⋈⊙⋈◻⋈◻⋈◻⋈◻⋈◻⋈◻⋈⊙⋈◻⋈◻⋈◻⋈◻⋈◻⋈◻⋈◻⋈⊙⋈≺⋈◻⋈⊙⋈◻⋈⊙⊥◻⋈◻⋈◻⋈◻⋈◻⋈◻⋈◻⋈◻⋈◻⋈⊙⋈◻⋈◻⋈◻⋈◻⋈◻⋈◻⋈⊙⋈◻⋈◻⋈◻⋈◻⋈◻⋈◻⋈◻⋈⊙⋈≺⋈◻⋈⊙⋈◻⋈⊙⊥◻⋈◻⋈◻⋈◻⋈◻⋈◻⋈◻⋈◻⋈◻⋈⊙⋈◻⋈◻⋈◻⋈◻⋈◻⋈◻⋈⊙⋈◻⋈◻⋈◻⋈◻⋈◻⋈◻⋈◻⋈⊙⋈≺⋈◻⋈⊙⋈◻⋈⊙⊥◻⋈◻⋈⊙∋⋈⊙⋈≺⋈◻⋈⊙⋈◻⋈⊙⊥◻⋈◻⋈◻⋈◻⋈◻⋈◻⋈◻⋈◻⋈⊙⋈⊙⋈◻⋈◻⋈◻⋈⊙⋈◻⋈◻⋈⊙⋈∈⊤◻⋈◻⋈◻⋈◻⋈◻⋈◻⋈⊙⋈◻⋈◻⋈◻⋈◻⋈◻⋈◻⋈⊙⊥⊙⊥◻⋈◻⋈◻⋈◻⋈◻⋈◻⋈◻⋈◻⋈◻⋈⊙⋈◻⋈◻⋈◻⋈◻⋈◻⋈◻⋈⊙⋈◻⋈◻⋈◻⋈◻⋈◻⋈◻⋈◻⋈⊙⋈≺⋈◻⋈⊙⋈◻⋈⊙⊥◻⋈◻⋈◻⋈◻⋈◻⋈◻⋈◻⋈◻⋈◻⋈⊙⋈◻⋈◻⋈◻⋈◻⋈◻⋈◻⋈⊙⋈◻⋈◻⋈◻⋈◻⋈◻⋈◻⋈◻⋈⊙⋈≺⋈◻⋈⊙⋈◻⋈⊙⊥◻⋈◻⋈◻⋈◻⋈◻⋈◻⋈◻⋈◻⋈◻⋈⊙⋈◻⋈◻⋈◻⋈◻⋈◻⋈◻⋈⊙⋈◻⋈◻⋈◻⋈◻⋈◻⋈◻⋈◻⋈⊙⋈≺⋈◻⋈⊙⋈◻⋈⊙⊥◻⋈◻⋈◻⋈◻⋈◻⋈◻⋈◻⋈◻⋈◻⋈⊙⋈◻⋈◻⋈◻⋈◻⋈◻⋈◻⋈⊙⋈◻⋈◻⋈◻⋈◻⋈◻⋈◻⋈◻⋈⊙⋈≺⋈◻⋈⊙⋈◻⋈⊙⊥◻⋈◻⋈⊙∋⋈⊙⋈≺⋈◻⋈⊙⋈◻⋈⊙⊥◻⋈◻⋈⊙∋⋈⊙⋈≺⋈◻⋈⊙⋈◻⋈⊙⊥◻⋈◻⋈⊙∋⊣	clean
