CollatzOperationalized.verify_seed_1	⊢≻⋈◻⋈◻⋈◻⋈◻⋈◻⋈⊙⋈◻⋈⊙⋈◻⋈◻⋈⊙⋈◻⋈⊙⋈◻⋈◻⋈⊙⋈◻⋈⊙⋈◻⋈◻⋈◻⋈◻⋈⊙⋈◻⋈◻⋈⊙⋈◻⋈⊙⋈◻⋈◻⋈⊙⋈◻⋈⊙⋈◻⋈◻⋈◻⋈◻⋈◻⋈◻⋈◻⋈⊙⋈◻⋈⊙⋈◻⋈◻⋈⊙⋈◻⋈⊙⋈◻⋈◻⋈⊙⋈◻⋈⊙⋈◻⋈◻⋈◻⋈◻⋈⊙⋈◻⋈◻⋈⊙⋈◻⋈⊙⋈◻⋈◻⋈⊙⋈◻⋈⊙⋈◻⋈◻⋈◻⋈◻⋈◻⋈◻⋈◻⋈⊙⋈◻⋈⊙⋈◻⋈◻⋈⊙⋈◻⋈⊙⋈◻⋈◻⋈◻⋈◻⋈⊙⋈◻⋈◻⋈⊙⋈◻⋈⊙⋈◻⋈◻⋈◻⋈◻⋈◻⋈⊙⋈◻⋈⊙⋈◻⋈◻⋈⊙⋈◻⋈⊙⋈◻⋈◻⋈⊙⋈◻⋈◻⋈⊙⋈◻⋈⊙⋈◻⋈◻⋈◻⋈◻⋈◻⋈⊙⋈◻⋈⊙⋈◻⋈◻⋈⊙⋈◻⋈⊙⋈◻⋈◻⋈⊙⋈◻⋈⊙⋈◻⋈◻⋈◻⋈◻⋈◻⋈⊙⋈◻⋈◻⋈⊙⋈◻⋈⊙⋈◻⋈◻⋈⊙⋈◻⋈⊙⋈◻⊣	Lean.ofReduceBool,Lean.trustCompiler
CollatzOperationalized.verify_seed_6	⊢≻⋈◻⋈◻⋈◻⋈◻⋈◻⋈⊙⋈◻⋈⊙⋈◻⋈◻⋈⊙⋈◻⋈⊙⋈◻⋈◻⋈⊙⋈◻⋈⊙⋈◻⋈◻⋈◻⋈◻⋈⊙⋈◻⋈◻⋈⊙⋈◻⋈⊙⋈◻⋈◻⋈⊙⋈◻⋈⊙⋈◻⋈◻⋈◻⋈◻⋈◻⋈◻⋈◻⋈⊙⋈◻⋈⊙⋈◻⋈◻⋈⊙⋈◻⋈⊙⋈◻⋈◻⋈⊙⋈◻⋈⊙⋈◻⋈◻⋈◻⋈◻⋈⊙⋈◻⋈◻⋈⊙⋈◻⋈⊙⋈◻⋈◻⋈⊙⋈◻⋈⊙⋈◻⋈◻⋈◻⋈◻⋈◻⋈◻⋈◻⋈⊙⋈◻⋈⊙⋈◻⋈◻⋈⊙⋈◻⋈⊙⋈◻⋈◻⋈◻⋈◻⋈⊙⋈◻⋈◻⋈⊙⋈◻⋈⊙⋈◻⋈◻⋈◻⋈◻⋈◻⋈⊙⋈◻⋈⊙⋈◻⋈◻⋈⊙⋈◻⋈⊙⋈◻⋈◻⋈⊙⋈◻⋈◻⋈⊙⋈◻⋈⊙⋈◻⋈◻⋈◻⋈◻⋈◻⋈⊙⋈◻⋈⊙⋈◻⋈◻⋈⊙⋈◻⋈⊙⋈◻⋈◻⋈⊙⋈◻⋈⊙⋈◻⋈◻⋈◻⋈◻⋈◻⋈⊙⋈◻⋈◻⋈⊙⋈◻⋈⊙⋈◻⋈◻⋈⊙⋈◻⋈⊙⋈◻⊣	Lean.ofReduceBool,Lean.trustCompiler
CollatzOperationalized.verify_seed_4	⊢≻⋈◻⋈◻⋈◻⋈◻⋈◻⋈⊙⋈◻⋈⊙⋈◻⋈◻⋈⊙⋈◻⋈⊙⋈◻⋈◻⋈⊙⋈◻⋈⊙⋈◻⋈◻⋈◻⋈◻⋈⊙⋈◻⋈◻⋈⊙⋈◻⋈⊙⋈◻⋈◻⋈⊙⋈◻⋈⊙⋈◻⋈◻⋈◻⋈◻⋈◻⋈◻⋈◻⋈⊙⋈◻⋈⊙⋈◻⋈◻⋈⊙⋈◻⋈⊙⋈◻⋈◻⋈⊙⋈◻⋈⊙⋈◻⋈◻⋈◻⋈◻⋈⊙⋈◻⋈◻⋈⊙⋈◻⋈⊙⋈◻⋈◻⋈⊙⋈◻⋈⊙⋈◻⋈◻⋈◻⋈◻⋈◻⋈◻⋈◻⋈⊙⋈◻⋈⊙⋈◻⋈◻⋈⊙⋈◻⋈⊙⋈◻⋈◻⋈◻⋈◻⋈⊙⋈◻⋈◻⋈⊙⋈◻⋈⊙⋈◻⋈◻⋈◻⋈◻⋈◻⋈⊙⋈◻⋈⊙⋈◻⋈◻⋈⊙⋈◻⋈⊙⋈◻⋈◻⋈⊙⋈◻⋈◻⋈⊙⋈◻⋈⊙⋈◻⋈◻⋈◻⋈◻⋈◻⋈⊙⋈◻⋈⊙⋈◻⋈◻⋈⊙⋈◻⋈⊙⋈◻⋈◻⋈⊙⋈◻⋈⊙⋈◻⋈◻⋈◻⋈◻⋈◻⋈⊙⋈◻⋈◻⋈⊙⋈◻⋈⊙⋈◻⋈◻⋈⊙⋈◻⋈⊙⋈◻⊣	Lean.ofReduceBool,Lean.trustCompiler
CollatzOperationalized.verify_seed_77031	⊢≻⋈◻⋈◻⋈◻⋈◻⋈◻⋈⊙⋈◻⋈⊙⋈◻⋈◻⋈⊙⋈◻⋈⊙⋈◻⋈◻⋈⊙⋈◻⋈⊙⋈◻⋈◻⋈◻⋈◻⋈⊙⋈◻⋈◻⋈⊙⋈◻⋈⊙⋈◻⋈◻⋈⊙⋈◻⋈⊙⋈◻⋈◻⋈◻⋈◻⋈◻⋈◻⋈◻⋈⊙⋈◻⋈⊙⋈◻⋈◻⋈⊙⋈◻⋈⊙⋈◻⋈◻⋈⊙⋈◻⋈⊙⋈◻⋈◻⋈◻⋈◻⋈⊙⋈◻⋈◻⋈⊙⋈◻⋈⊙⋈◻⋈◻⋈⊙⋈◻⋈⊙⋈◻⋈◻⋈◻⋈◻⋈◻⋈◻⋈◻⋈⊙⋈◻⋈⊙⋈◻⋈◻⋈⊙⋈◻⋈⊙⋈◻⋈◻⋈◻⋈◻⋈⊙⋈◻⋈◻⋈⊙⋈◻⋈⊙⋈◻⋈◻⋈◻⋈◻⋈◻⋈⊙⋈◻⋈⊙⋈◻⋈◻⋈⊙⋈◻⋈⊙⋈◻⋈◻⋈⊙⋈◻⋈◻⋈⊙⋈◻⋈⊙⋈◻⋈◻⋈◻⋈◻⋈◻⋈⊙⋈◻⋈⊙⋈◻⋈◻⋈⊙⋈◻⋈⊙⋈◻⋈◻⋈⊙⋈◻⋈⊙⋈◻⋈◻⋈◻⋈◻⋈◻⋈⊙⋈◻⋈◻⋈⊙⋈◻⋈⊙⋈◻⋈◻⋈⊙⋈◻⋈⊙⋈◻⊣	Lean.ofReduceBool,Lean.trustCompiler
CollatzOperationalized.verify_seed_5._proof_1_2	⊢◻⋈◻⋈◻⋈∈⊤◻⊥◻⋈◻⋈◻⋈◻⋈◻⋈◻⋈◻⋈◻⋈◻⋈◻⋈⊙⋈◻⋈◻⋈⊙⋈◻⋈⊙⋈◻⋈◻⋈⊙⋈◻⋈⊙⋈◻⋈◻⋈⊙⋈◻⋈⊙⊥◻⋈◻⋈◻⋈◻⋈◻⋈◻⋈◻⋈◻⋈◻⋈⊙⋈◻⋈◻⋈⊙⋈◻⋈⊙⋈◻⋈◻⋈⊙⋈◻⋈⊙⋈◻⋈◻⋈⊙⋈◻⋈⊙⊥◻⋈◻⋈◻⋈◻⋈◻⋈◻⋈◻⋈◻⋈⊙⋈◻⋈◻⋈⊙⋈◻⋈⊙⋈◻⋈◻⋈⊙⋈◻⋈⊙⊥◻⋈◻⋈◻⋈◻⋈◻⋈◻⋈◻⋈◻⋈◻⋈◻⋈◻⋈◻⋈◻⋈◻⋈◻⋈◻⋈⊙⋈◻⋈⊙⋈◻⋈⊙⋈◻⋈◻⋈⊙⋈◻⋈⊙⋈◻⋈◻⋈⊙⋈◻⋈⊙∋⋈◻⋈◻⋈⊙⋈◻⋈⊙⋈◻⋈∈⊤◻⊥◻⋈◻⋈◻⋈◻⋈◻⋈◻⋈◻⋈◻⋈◻⋈◻⋈⊙⋈◻⋈◻⋈⊙⋈◻⋈⊙⋈◻⋈◻⋈⊙⋈◻⋈⊙⋈◻⋈◻⋈⊙⋈◻⋈⊙⊥◻⋈◻⋈◻⋈◻⋈◻⋈◻⋈◻⋈◻⋈◻⋈⊙⋈◻⋈◻⋈⊙⋈◻⋈⊙⋈◻⋈◻⋈⊙⋈◻⋈⊙⋈◻⋈◻⋈⊙⋈◻⋈⊙⊥◻⋈◻⋈◻⋈◻⋈◻⋈◻⋈◻⋈◻⋈⊙⋈◻⋈◻⋈⊙⋈◻⋈⊙⋈◻⋈◻⋈⊙⋈◻⋈⊙⊥◻⋈◻⋈◻⋈◻⋈◻⋈◻⋈◻⋈◻⋈◻⋈◻⋈◻⋈◻⋈◻⋈◻⋈◻⋈◻⋈⊙⋈◻⋈⊙⋈◻⋈⊙⋈◻⋈◻⋈⊙⋈◻⋈⊙⋈◻⋈◻⋈⊙⋈◻⋈⊙∋⋈◻⋈◻⋈⊙⋈◻⋈⊙⋈∈⊣	Lean.ofReduceBool,Lean.trustCompiler
CollatzOperationalized.verify_seed_9._proof_1_2	⊢◻⋈◻⋈◻⋈∈⊤◻⊥◻⋈◻⋈◻⋈◻⋈◻⋈◻⋈◻⋈◻⋈◻⋈◻⋈⊙⋈◻⋈◻⋈⊙⋈◻⋈⊙⋈◻⋈◻⋈⊙⋈◻⋈⊙⋈◻⋈◻⋈⊙⋈◻⋈⊙⊥◻⋈◻⋈◻⋈◻⋈◻⋈◻⋈◻⋈◻⋈◻⋈⊙⋈◻⋈◻⋈⊙⋈◻⋈⊙⋈◻⋈◻⋈⊙⋈◻⋈⊙⋈◻⋈◻⋈⊙⋈◻⋈⊙⊥◻⋈◻⋈◻⋈◻⋈◻⋈◻⋈◻⋈◻⋈⊙⋈◻⋈◻⋈⊙⋈◻⋈⊙⋈◻⋈◻⋈⊙⋈◻⋈⊙⊥◻⋈◻⋈◻⋈◻⋈◻⋈◻⋈◻⋈◻⋈◻⋈◻⋈◻⋈◻⋈◻⋈◻⋈◻⋈◻⋈⊙⋈◻⋈⊙⋈◻⋈⊙⋈◻⋈◻⋈⊙⋈◻⋈⊙⋈◻⋈◻⋈⊙⋈◻⋈⊙∋⋈◻⋈◻⋈⊙⋈◻⋈⊙⋈◻⋈∈⊤◻⊥◻⋈◻⋈◻⋈◻⋈◻⋈◻⋈◻⋈◻⋈◻⋈◻⋈⊙⋈◻⋈◻⋈⊙⋈◻⋈⊙⋈◻⋈◻⋈⊙⋈◻⋈⊙⋈◻⋈◻⋈⊙⋈◻⋈⊙⊥◻⋈◻⋈◻⋈◻⋈◻⋈◻⋈◻⋈◻⋈◻⋈⊙⋈◻⋈◻⋈⊙⋈◻⋈⊙⋈◻⋈◻⋈⊙⋈◻⋈⊙⋈◻⋈◻⋈⊙⋈◻⋈⊙⊥◻⋈◻⋈◻⋈◻⋈◻⋈◻⋈◻⋈◻⋈⊙⋈◻⋈◻⋈⊙⋈◻⋈⊙⋈◻⋈◻⋈⊙⋈◻⋈⊙⊥◻⋈◻⋈◻⋈◻⋈◻⋈◻⋈◻⋈◻⋈◻⋈◻⋈◻⋈◻⋈◻⋈◻⋈◻⋈◻⋈⊙⋈◻⋈⊙⋈◻⋈⊙⋈◻⋈◻⋈⊙⋈◻⋈⊙⋈◻⋈◻⋈⊙⋈◻⋈⊙∋⋈◻⋈◻⋈⊙⋈◻⋈⊙⋈∈⊣	Lean.ofReduceBool,Lean.trustCompiler
CollatzOperationalized.paradox_is_absorbing	⊢◻⋈◻⋈◻⋈◻⋈⊙⊣	clean
CollatzOperationalized.engagr_paradox_condition	⊢◻⋈◻⋈◻⋈⊙⊣	clean
CollatzOperationalized.branchMerge.eq_1	⊢◻⋈◻⋈◻⋈⊙⋈◻⊣	clean
CollatzOperationalized.terminal421Cycle.eq_1	⊢◻⋈◻⋈◻⊣	clean
CollatzOperationalized.collatz_criticality_monad	⊢◻⋈◻⋈◻⋈◻⊣	clean
CollatzOperationalized.terminal_cycle_T_2	⊢◻⋈◻⋈◻⋈◻⋈◻⋈◻⋈⊙⋈◻⋈⊙⋈◻⋈◻⋈⊙⋈◻⋈⊙⋈◻⋈◻⋈◻⋈∈⊤◻⊥◻⋈◻⋈◻⋈◻⋈◻⋈◻⋈◻⋈◻⋈◻⋈◻⋈◻⋈⊙⋈◻⋈⊙⋈◻⋈◻⋈⊙⋈◻⋈⊙⋈◻⋈◻⋈⊙⋈◻⋈⊙⊥◻⋈◻⋈◻⋈◻⋈◻⋈◻⋈◻⋈◻⋈◻⋈◻⋈⊙⋈◻⋈⊙⋈◻⋈◻⋈⊙⋈◻⋈⊙⋈◻⋈◻⋈⊙⋈◻⋈⊙⊥◻⋈◻⋈◻⋈◻⋈◻⋈◻⋈◻⋈◻⋈◻⋈⊙⋈◻⋈⊙⋈◻⋈◻⋈⊙⋈◻⋈⊙⊥◻⋈◻⋈◻⋈◻⋈◻⋈◻⋈◻⋈◻⋈◻⋈◻⋈◻⋈◻⋈◻⋈◻⋈◻⋈◻⋈⊙⋈◻⋈⊙⋈◻⋈◻⋈⊙⋈◻⋈⊙⋈◻⋈◻⋈⊙⋈◻⋈⊙∋⋈◻⋈◻⋈⊙⋈◻⋈⊙⋈◻⋈◻⋈◻⋈∈⊤◻⊥◻⋈◻⋈◻⋈◻⋈◻⋈◻⋈◻⋈◻⋈◻⋈◻⋈◻⋈⊙⋈◻⋈⊙⋈◻⋈◻⋈⊙⋈◻⋈⊙⋈◻⋈◻⋈⊙⋈◻⋈⊙⊥◻⋈◻⋈◻⋈◻⋈◻⋈◻⋈◻⋈◻⋈◻⋈◻⋈⊙⋈◻⋈⊙⋈◻⋈◻⋈⊙⋈◻⋈⊙⋈◻⋈◻⋈⊙⋈◻⋈⊙⊥◻⋈◻⋈◻⋈◻⋈◻⋈◻⋈◻⋈◻⋈◻⋈⊙⋈◻⋈⊙⋈◻⋈◻⋈⊙⋈◻⋈⊙⊥◻⋈◻⋈◻⋈◻⋈◻⋈◻⋈◻⋈◻⋈◻⋈◻⋈◻⋈◻⋈◻⋈◻⋈◻⋈◻⋈⊙⋈◻⋈⊙⋈◻⋈◻⋈⊙⋈◻⋈⊙⋈◻⋈◻⋈⊙⋈◻⋈⊙∋⋈◻⋈◻⋈⊙⋈◻⋈⊙⋈◻⋈◻⋈◻⋈◻⋈⊙⋈◻⋈⊙⋈◻⋈◻⋈⊙⋈◻⋈⊙⋈◻⋈◻⋈◻⋈◻⋈◻⋈∈⊤◻⊥◻⋈◻⋈◻⋈◻⋈◻⋈◻⋈◻⋈◻⋈◻⋈◻⋈◻⋈⊙⋈◻⋈⊙⋈◻⋈◻⋈⊙⋈◻⋈⊙⋈◻⋈◻⋈⊙⋈◻⋈⊙⊥◻⋈◻⋈◻⋈◻⋈◻⋈◻⋈◻⋈◻⋈◻⋈◻⋈⊙⋈◻⋈⊙⋈◻⋈◻⋈⊙⋈◻⋈⊙⋈◻⋈◻⋈⊙⋈◻⋈⊙⊥◻⋈◻⋈◻⋈◻⋈◻⋈◻⋈◻⋈◻⋈◻⋈⊙⋈◻⋈⊙⋈◻⋈◻⋈⊙⋈◻⋈⊙⊥◻⋈◻⋈◻⋈◻⋈◻⋈◻⋈◻⋈◻⋈◻⋈◻⋈◻⋈◻⋈◻⋈◻⋈◻⋈◻⋈⊙⋈◻⋈⊙⋈◻⋈◻⋈⊙⋈◻⋈⊙⋈◻⋈◻⋈⊙⋈◻⋈⊙∋⋈◻⋈◻⋈◻⋈◻⋈⊙⋈◻⋈⊙⋈◻⋈◻⋈∈⊤◻⊥◻⋈◻⋈◻⋈◻⋈◻⋈◻⋈◻⋈◻⋈◻⋈◻⋈◻⋈⊙⋈◻⋈⊙⋈◻⋈◻⋈⊙⋈◻⋈⊙⋈◻⋈◻⋈⊙⋈◻⋈⊙⊥◻⋈◻⋈◻⋈◻⋈◻⋈◻⋈◻⋈◻⋈◻⋈◻⋈⊙⋈◻⋈⊙⋈◻⋈◻⋈⊙⋈◻⋈⊙⋈◻⋈◻⋈⊙⋈◻⋈⊙⊥◻⋈◻⋈◻⋈◻⋈◻⋈◻⋈◻⋈◻⋈◻⋈⊙⋈◻⋈⊙⋈◻⋈◻⋈⊙⋈◻⋈⊙⊥◻⋈◻⋈◻⋈◻⋈◻⋈◻⋈◻⋈◻⋈◻⋈◻⋈◻⋈◻⋈◻⋈◻⋈◻⋈◻⋈⊙⋈◻⋈⊙⋈◻⋈◻⋈⊙⋈◻⋈⊙⋈◻⋈◻⋈⊙⋈◻⋈⊙∋⋈◻⋈◻⋈⊙⋈◻⋈⊙⋈◻⋈◻⋈◻⋈◻⋈∈⊤◻⊥◻⋈◻⋈◻⋈◻⋈◻⋈◻⋈◻⋈◻⋈◻⋈◻⋈◻⋈⊙⋈◻⋈⊙⋈◻⋈◻⋈⊙⋈◻⋈⊙⋈◻⋈◻⋈⊙⋈◻⋈⊙⊥◻⋈◻⋈◻⋈◻⋈◻⋈◻⋈◻⋈◻⋈◻⋈◻⋈⊙⋈◻⋈⊙⋈◻⋈◻⋈⊙⋈◻⋈⊙⋈◻⋈◻⋈⊙⋈◻⋈⊙⊥◻⋈◻⋈◻⋈◻⋈◻⋈◻⋈◻⋈◻⋈◻⋈⊙⋈◻⋈⊙⋈◻⋈◻⋈⊙⋈◻⋈⊙⊥◻⋈◻⋈◻⋈◻⋈◻⋈◻⋈◻⋈◻⋈◻⋈◻⋈◻⋈◻⋈◻⋈◻⋈◻⋈◻⋈⊙⋈◻⋈⊙⋈◻⋈◻⋈⊙⋈◻⋈⊙⋈◻⋈◻⋈⊙⋈◻⋈⊙∋⋈◻⋈◻⋈◻⋈◻⋈◻⋈◻⋈◻⋈◻⋈◻⋈⊙⋈◻⋈⊙⋈◻⋈◻⋈⊙⋈◻⋈⊙⋈◻⋈◻⋈⊙⋈◻⋈⊙⋈◻⋈◻⋈◻⋈◻⋈◻⋈◻⋈◻⋈◻⋈◻⋈◻⋈◻⋈◻⋈◻⋈⊙⋈◻⋈⊙⋈◻⋈◻⋈⊙⋈◻⋈⊙⋈◻⋈◻⋈⊙⋈◻⋈⊙⋈◻⋈◻⋈◻⋈◻⋈◻⋈◻⋈◻⋈◻⋈◻⋈◻⋈⊙⋈◻⋈⊙⋈◻⋈◻⋈⊙⋈◻⋈⊙⋈◻⋈◻⋈⊙⋈◻⋈⊙⋈◻⋈◻⋈◻⋈◻⋈◻⋈◻⋈◻⋈◻⋈◻⋈⊙⋈◻⋈⊙⋈◻⋈◻⋈⊙⋈◻⋈⊙⋈◻⋈◻⋈◻⋈◻⋈◻⋈◻⋈◻⋈◻⋈◻⋈◻⋈◻⋈◻⋈◻⋈◻⋈◻⋈◻⋈⊙⋈◻⋈⊙⋈◻⋈◻⋈⊙⋈◻⋈⊙⋈◻⋈◻⋈⊙⋈◻⋈⊙⋈◻⋈◻⋈◻⋈◻⋈◻⋈◻⋈◻⋈◻⋈◻⋈◻⋈◻⋈◻⋈⊙⋈◻⋈⊙⋈◻⋈◻⋈⊙⋈◻⋈⊙⋈◻⋈◻⋈⊙⋈◻⋈⊙⋈◻⋈◻⋈◻⋈◻⋈⊙⋈◻⋈⊙⋈◻⋈◻⋈⊙⋈◻⋈⊙⋈◻⋈◻⋈◻⋈◻⋈◻⋈◻⋈◻⋈◻⋈◻⋈◻⋈◻⋈◻⋈◻⋈◻⋈⊙⋈◻⋈⊙⋈◻⋈◻⋈⊙⋈◻⋈⊙⋈◻⋈◻⋈◻⋈◻⋈⊙⋈◻⋈⊙⋈◻⋈◻⋈◻⋈◻⋈◻⋈◻⋈◻⋈◻⋈◻⋈◻⋈◻⋈⊙⋈◻⋈⊙⋈◻⋈◻⋈⊙⋈◻⋈⊙⋈◻⋈◻⋈⊙⋈◻⋈⊙⋈◻⋈◻⋈◻⋈◻⋈◻⋈⊙⋈◻⋈⊙⋈◻⋈◻⋈⊙⋈◻⋈⊙⋈◻⋈◻⋈◻⋈◻⋈⊙⋈◻⋈⊙⋈◻⋈◻⋈◻⋈⊙⋈◻⋈⊙⋈◻⋈◻⋈◻⋈◻⋈◻⋈◻⋈⊙⋈◻⋈⊙⋈◻⋈◻⋈◻⋈⊙⋈◻⋈⊙⋈◻⋈◻⋈◻⋈⊙⋈◻⋈⊙⋈◻⋈◻⋈⊙⋈◻⋈⊙⋈◻⋈◻⋈◻⋈◻⋈⊙⋈◻⋈⊙⊣	clean
CollatzOperationalized.automaton_is_conjecture	⊢◻⋈◻⋈◻⊣	clean
CollatzOperationalized.terminal_cycle_T3	⊢≻⋈◻⋈◻⋈◻⋈◻⋈◻⋈◻⋈⊙⋈◻⋈⊙⋈◻⋈◻⋈⊙⋈◻⋈⊙⋈◻⋈◻⋈⊙⋈◻⋈⊙⋈◻⋈◻⋈◻⋈◻⋈◻⋈◻⋈⊙⋈◻⋈⊙⋈◻⋈◻⋈⊙⋈◻⋈⊙⋈◻⋈◻⋈⊙⋈◻⋈⊙⋈◻⋈◻⋈◻⋈◻⋈◻⋈⊙⋈◻⋈⊙⋈◻⋈◻⋈⊙⋈◻⋈⊙⋈◻⋈◻⋈⊙⋈◻⋈⊙⋈◻⋈◻⋈◻⋈◻⋈◻⋈⊙⋈◻⋈◻⋈⊙⋈◻⋈⊙⋈◻⋈◻⋈⊙⋈◻⋈⊙⋈◻⋈◻⋈◻⋈◻⋈◻⋈⊙⋈◻⋈◻⋈⊙⋈◻⋈⊙⋈◻⋈◻⋈⊙⋈◻⋈⊙⋈◻⋈◻⋈◻⋈◻⋈⊙⋈◻⋈◻⋈⊙⋈◻⋈⊙⋈◻⋈◻⋈⊙⋈◻⋈⊙⋈◻⋈◻⋈◻⋈◻⋈◻⋈◻⋈◻⋈◻⋈⊙⋈◻⋈⊙⋈◻⋈◻⋈⊙⋈◻⋈⊙⋈◻⋈◻⋈⊙⋈◻⋈⊙⋈◻⋈◻⋈◻⋈◻⋈◻⋈◻⋈⊙⋈◻⋈⊙⋈◻⋈◻⋈⊙⋈◻⋈⊙⋈◻⋈◻⋈⊙⋈◻⋈⊙⋈◻⋈◻⋈◻⋈◻⋈◻⋈⊙⋈◻⋈⊙⋈◻⋈◻⋈⊙⋈◻⋈⊙⋈◻⋈◻⋈⊙⋈◻⋈⊙⋈◻⋈◻⋈◻⋈◻⋈◻⋈⊙⋈◻⋈◻⋈⊙⋈◻⋈⊙⋈◻⋈◻⋈⊙⋈◻⋈⊙⋈◻⋈◻⋈◻⋈◻⋈◻⋈⊙⋈◻⋈◻⋈⊙⋈◻⋈⊙⋈◻⋈◻⋈⊙⋈◻⋈⊙⋈◻⋈◻⋈◻⋈◻⋈⊙⋈◻⋈◻⋈⊙⋈◻⋈⊙⋈◻⋈◻⋈⊙⋈◻⋈⊙⋈◻⋈◻⋈◻⋈◻⋈◻⋈◻⋈◻⋈⊙⋈◻⋈⊙⋈◻⋈◻⋈⊙⋈◻⋈⊙⋈◻⋈◻⋈⊙⋈◻⋈⊙⋈◻⋈◻⋈◻⋈◻⋈◻⋈⊙⋈◻⋈◻⋈⊙⋈◻⋈⊙⋈◻⋈◻⋈⊙⋈◻⋈⊙⋈◻⋈◻⋈◻⋈◻⋈◻⋈◻⋈⊙⋈◻⋈⊙⋈◻⋈◻⋈⊙⋈◻⋈⊙⋈◻⋈◻⋈⊙⋈◻⋈⊙⋈◻⋈◻⋈◻⋈◻⋈◻⋈⊙⋈◻⋈⊙⋈◻⋈◻⋈⊙⋈◻⋈⊙⋈◻⋈◻⋈⊙⋈◻⋈⊙⋈◻⋈◻⋈◻⋈◻⋈◻⋈⊙⋈◻⋈◻⋈⊙⋈◻⋈⊙⋈◻⋈◻⋈⊙⋈◻⋈⊙⋈◻⋈◻⋈◻⋈◻⋈⊙⋈◻⋈◻⋈⊙⋈◻⋈⊙⋈◻⋈◻⋈⊙⋈◻⋈⊙⋈◻⋈◻⋈◻⋈◻⋈◻⋈◻⋈⊙⋈◻⋈⊙⋈◻⋈◻⋈⊙⋈◻⋈⊙⋈◻⋈◻⋈⊙⋈◻⋈⊙⋈◻⋈◻⋈◻⋈◻⋈⊙⋈◻⋈◻⋈⊙⋈◻⋈⊙⋈◻⋈◻⋈⊙⋈◻⋈⊙⋈◻⋈◻⋈◻⋈◻⋈◻⋈◻⋈◻⋈◻⋈⊙⋈◻⋈⊙⋈◻⋈◻⋈⊙⋈◻⋈⊙⋈◻⋈◻⋈◻⋈◻⋈⊙⋈◻⋈◻⋈⊙⋈◻⋈⊙⋈◻⋈◻⋈◻⋈◻⋈◻⋈⊙⋈◻⋈⊙⋈◻⋈◻⋈⊙⋈◻⋈⊙⋈◻⋈◻⋈⊙⋈◻⋈◻⋈⊙⋈◻⋈⊙⋈◻⋈◻⋈◻⋈◻⋈◻⋈⊙⋈◻⋈⊙⋈◻⋈◻⋈⊙⋈◻⋈⊙⋈◻⋈◻⋈⊙⋈◻⋈⊙⋈◻⋈◻⋈◻⋈◻⋈◻⋈◻⋈◻⋈⊙⋈◻⋈⊙⋈◻⋈◻⋈⊙⋈◻⋈⊙⋈◻⋈◻⋈⊙⋈◻⋈⊙⋈◻⋈◻⋈◻⋈◻⋈◻⋈⊙⋈◻⋈◻⋈⊙⋈◻⋈⊙⋈◻⋈◻⋈⊙⋈◻⋈⊙⋈◻⋈◻⋈◻⋈◻⋈◻⋈⊙⋈◻⋈⊙⋈◻⋈◻⋈⊙⋈◻⋈⊙⋈◻⋈◻⋈⊙⋈◻⋈⊙⋈◻⋈◻⋈◻⋈◻⋈⊙⋈◻⋈◻⋈⊙⋈◻⋈⊙⋈◻⋈◻⋈⊙⋈◻⋈⊙⋈◻⋈◻⋈◻⋈◻⋈◻⋈◻⋈⊙⋈◻⋈⊙⋈◻⋈◻⋈⊙⋈◻⋈⊙⋈◻⋈◻⋈⊙⋈◻⋈⊙⋈◻⋈◻⋈◻⋈◻⋈⊙⋈◻⋈◻⋈⊙⋈◻⋈⊙⋈◻⋈◻⋈⊙⋈◻⋈⊙⋈◻⋈◻⋈◻⋈◻⋈◻⋈◻⋈◻⋈◻⋈⊙⋈◻⋈⊙⋈◻⋈◻⋈⊙⋈◻⋈⊙⋈◻⋈◻⋈◻⋈◻⋈⊙⋈◻⋈◻⋈⊙⋈◻⋈⊙⋈◻⋈◻⋈◻⋈◻⋈◻⋈⊙⋈◻⋈⊙⋈◻⋈◻⋈⊙⋈◻⋈⊙⋈◻⋈◻⋈⊙⋈◻⋈◻⋈⊙⋈◻⋈⊙⋈◻⋈◻⋈◻⋈◻⋈◻⋈⊙⋈◻⋈⊙⋈◻⋈◻⋈⊙⋈◻⋈⊙⋈◻⋈◻⋈⊙⋈◻⋈⊙⋈◻⋈◻⋈◻⋈◻⋈◻⋈◻⋈◻⋈⊙⋈◻⋈⊙⋈◻⋈◻⋈⊙⋈◻⋈⊙⋈◻⋈◻⋈◻⋈◻⋈⊙⋈◻⋈◻⋈⊙⋈◻⋈⊙⋈◻⋈◻⋈◻⋈◻⋈◻⋈⊙⋈◻⋈⊙⋈◻⋈◻⋈⊙⋈◻⋈⊙⋈◻⋈◻⋈⊙⋈◻⋈◻⋈⊙⋈◻⋈⊙⋈◻⋈◻⋈◻⋈◻⋈◻⋈⊙⋈◻⋈⊙⋈◻⋈◻⋈⊙⋈◻⋈⊙⋈◻⋈◻⋈⊙⋈◻⋈⊙⋈◻⋈◻⋈◻⋈◻⋈◻⋈◻⋈⊙⋈◻⋈◻⋈⊙⋈◻⋈⊙⋈◻⋈◻⋈⊙⋈◻⋈⊙⋈◻⋈◻⋈◻⋈◻⋈◻⋈⊙⋈◻⋈◻⋈⊙⋈◻⋈⊙⋈◻⋈◻⋈⊙⋈◻⋈⊙⋈◻⋈◻⋈◻⋈◻⋈⊙⋈◻⋈◻⋈⊙⋈◻⋈⊙⋈◻⋈◻⋈⊙⋈◻⋈⊙⋈◻⋈◻⋈◻⋈∈⊤◻⊥◻⋈◻⋈◻⋈◻⋈◻⋈◻⋈◻⋈◻⋈◻⋈◻⋈⊙⋈◻⋈◻⋈⊙⋈◻⋈⊙⋈◻⋈◻⋈⊙⋈◻⋈⊙⋈◻⋈◻⋈⊙⋈◻⋈⊙⊥◻⋈◻⋈◻⋈◻⋈◻⋈◻⋈◻⋈◻⋈◻⋈⊙⋈◻⋈◻⋈⊙⋈◻⋈⊙⋈◻⋈◻⋈⊙⋈◻⋈⊙⋈◻⋈◻⋈⊙⋈◻⋈⊙⊥◻⋈◻⋈◻⋈◻⋈◻⋈◻⋈◻⋈◻⋈⊙⋈◻⋈◻⋈⊙⋈◻⋈⊙⋈◻⋈◻⋈⊙⋈◻⋈⊙⊥◻⋈◻⋈◻⋈◻⋈◻⋈◻⋈◻⋈◻⋈◻⋈◻⋈◻⋈◻⋈◻⋈◻⋈◻⋈◻⋈⊙⋈◻⋈⊙⋈◻⋈⊙⋈◻⋈◻⋈⊙⋈◻⋈⊙⋈◻⋈◻⋈⊙⋈◻⋈⊙∋⋈◻⋈◻⋈⊙⋈◻⋈⊙⋈◻⋈◻⋈◻⋈∈⊤◻⊥◻⋈◻⋈◻⋈◻⋈◻⋈◻⋈◻⋈◻⋈◻⋈◻⋈⊙⋈◻⋈◻⋈⊙⋈◻⋈⊙⋈◻⋈◻⋈⊙⋈◻⋈⊙⋈◻⋈◻⋈⊙⋈◻⋈⊙⊥◻⋈◻⋈◻⋈◻⋈◻⋈◻⋈◻⋈◻⋈◻⋈⊙⋈◻⋈◻⋈⊙⋈◻⋈⊙⋈◻⋈◻⋈⊙⋈◻⋈⊙⋈◻⋈◻⋈⊙⋈◻⋈⊙⊥◻⋈◻⋈◻⋈◻⋈◻⋈◻⋈◻⋈◻⋈⊙⋈◻⋈◻⋈⊙⋈◻⋈⊙⋈◻⋈◻⋈⊙⋈◻⋈⊙⊥◻⋈◻⋈◻⋈◻⋈◻⋈◻⋈◻⋈◻⋈◻⋈◻⋈◻⋈◻⋈◻⋈◻⋈◻⋈◻⋈⊙⋈◻⋈⊙⋈◻⋈⊙⋈◻⋈◻⋈⊙⋈◻⋈⊙⋈◻⋈◻⋈⊙⋈◻⋈⊙∋⋈◻⋈◻⋈⊙⋈◻⋈⊙⋈◻⋈◻⋈∈⊤◻⊥◻⋈◻⋈◻⋈◻⋈◻⋈◻⋈◻⋈◻⋈◻⋈◻⋈⊙⋈◻⋈◻⋈⊙⋈◻⋈⊙⋈◻⋈◻⋈⊙⋈◻⋈⊙⋈◻⋈◻⋈⊙⋈◻⋈⊙⊥◻⋈◻⋈◻⋈◻⋈◻⋈◻⋈◻⋈◻⋈◻⋈⊙⋈◻⋈◻⋈⊙⋈◻⋈⊙⋈◻⋈◻⋈⊙⋈◻⋈⊙⋈◻⋈◻⋈⊙⋈◻⋈⊙⊥◻⋈◻⋈◻⋈◻⋈◻⋈◻⋈◻⋈◻⋈⊙⋈◻⋈◻⋈⊙⋈◻⋈⊙⋈◻⋈◻⋈⊙⋈◻⋈⊙⊥◻⋈◻⋈◻⋈◻⋈◻⋈◻⋈◻⋈◻⋈◻⋈◻⋈◻⋈◻⋈◻⋈◻⋈◻⋈◻⋈⊙⋈◻⋈⊙⋈◻⋈⊙⋈◻⋈◻⋈⊙⋈◻⋈⊙⋈◻⋈◻⋈⊙⋈◻⋈⊙∋⋈◻⋈◻⋈⊙⋈◻⋈⊙⋈◻⋈◻⊣	Lean.ofReduceBool,Lean.trustCompiler
CollatzOperationalized.Status.odd.sizeOf_spec	⊢◻⋈◻⋈◻⋈◻⋈⊙⋈◻⋈⊙⊣	clean
CollatzOperationalized.fsplit.eq_1	⊢◻⋈◻⋈◻⋈◻⋈◻⋈⊙⊣	clean
CollatzOperationalized.collatz_top_is_imscriptive_closure	⊢◻⋈◻⋈◻⋈◻⊣	clean
CollatzOperationalized.collatz_is_O₂._proof_1_1	⊢◻⋈◻⋈◻⋈◻⋈◻⋈◻⋈◻⋈◻⋈◻⋈◻⋈∈⊣	Lean.ofReduceBool,Lean.trustCompiler
CollatzOperationalized.verify_seed_6._proof_1_2	⊢◻⋈◻⋈◻⋈∈⊤◻⊥◻⋈◻⋈◻⋈◻⋈◻⋈◻⋈◻⋈◻⋈◻⋈◻⋈⊙⋈◻⋈◻⋈⊙⋈◻⋈⊙⋈◻⋈◻⋈⊙⋈◻⋈⊙⋈◻⋈◻⋈⊙⋈◻⋈⊙⊥◻⋈◻⋈◻⋈◻⋈◻⋈◻⋈◻⋈◻⋈◻⋈⊙⋈◻⋈◻⋈⊙⋈◻⋈⊙⋈◻⋈◻⋈⊙⋈◻⋈⊙⋈◻⋈◻⋈⊙⋈◻⋈⊙⊥◻⋈◻⋈◻⋈◻⋈◻⋈◻⋈◻⋈◻⋈⊙⋈◻⋈◻⋈⊙⋈◻⋈⊙⋈◻⋈◻⋈⊙⋈◻⋈⊙⊥◻⋈◻⋈◻⋈◻⋈◻⋈◻⋈◻⋈◻⋈◻⋈◻⋈◻⋈◻⋈◻⋈◻⋈◻⋈◻⋈⊙⋈◻⋈⊙⋈◻⋈⊙⋈◻⋈◻⋈⊙⋈◻⋈⊙⋈◻⋈◻⋈⊙⋈◻⋈⊙∋⋈◻⋈◻⋈⊙⋈◻⋈⊙⋈◻⋈∈⊤◻⊥◻⋈◻⋈◻⋈◻⋈◻⋈◻⋈◻⋈◻⋈◻⋈◻⋈⊙⋈◻⋈◻⋈⊙⋈◻⋈⊙⋈◻⋈◻⋈⊙⋈◻⋈⊙⋈◻⋈◻⋈⊙⋈◻⋈⊙⊥◻⋈◻⋈◻⋈◻⋈◻⋈◻⋈◻⋈◻⋈◻⋈⊙⋈◻⋈◻⋈⊙⋈◻⋈⊙⋈◻⋈◻⋈⊙⋈◻⋈⊙⋈◻⋈◻⋈⊙⋈◻⋈⊙⊥◻⋈◻⋈◻⋈◻⋈◻⋈◻⋈◻⋈◻⋈⊙⋈◻⋈◻⋈⊙⋈◻⋈⊙⋈◻⋈◻⋈⊙⋈◻⋈⊙⊥◻⋈◻⋈◻⋈◻⋈◻⋈◻⋈◻⋈◻⋈◻⋈◻⋈◻⋈◻⋈◻⋈◻⋈◻⋈◻⋈⊙⋈◻⋈⊙⋈◻⋈⊙⋈◻⋈◻⋈⊙⋈◻⋈⊙⋈◻⋈◻⋈⊙⋈◻⋈⊙∋⋈◻⋈◻⋈⊙⋈◻⋈⊙⋈∈⊣	Lean.ofReduceBool,Lean.trustCompiler
CollatzOperationalized.verify_seed_6171._proof_1_2	⊢◻⋈◻⋈◻⋈∈⊤◻⊥◻⋈◻⋈◻⋈◻⋈◻⋈◻⋈◻⋈◻⋈◻⋈◻⋈⊙⋈◻⋈◻⋈⊙⋈◻⋈⊙⋈◻⋈◻⋈⊙⋈◻⋈⊙⋈◻⋈◻⋈⊙⋈◻⋈⊙⊥◻⋈◻⋈◻⋈◻⋈◻⋈◻⋈◻⋈◻⋈◻⋈⊙⋈◻⋈◻⋈⊙⋈◻⋈⊙⋈◻⋈◻⋈⊙⋈◻⋈⊙⋈◻⋈◻⋈⊙⋈◻⋈⊙⊥◻⋈◻⋈◻⋈◻⋈◻⋈◻⋈◻⋈◻⋈⊙⋈◻⋈◻⋈⊙⋈◻⋈⊙⋈◻⋈◻⋈⊙⋈◻⋈⊙⊥◻⋈◻⋈◻⋈◻⋈◻⋈◻⋈◻⋈◻⋈◻⋈◻⋈◻⋈◻⋈◻⋈◻⋈◻⋈◻⋈⊙⋈◻⋈⊙⋈◻⋈⊙⋈◻⋈◻⋈⊙⋈◻⋈⊙⋈◻⋈◻⋈⊙⋈◻⋈⊙∋⋈◻⋈◻⋈⊙⋈◻⋈⊙⋈◻⋈∈⊤◻⊥◻⋈◻⋈◻⋈◻⋈◻⋈◻⋈◻⋈◻⋈◻⋈◻⋈⊙⋈◻⋈◻⋈⊙⋈◻⋈⊙⋈◻⋈◻⋈⊙⋈◻⋈⊙⋈◻⋈◻⋈⊙⋈◻⋈⊙⊥◻⋈◻⋈◻⋈◻⋈◻⋈◻⋈◻⋈◻⋈◻⋈⊙⋈◻⋈◻⋈⊙⋈◻⋈⊙⋈◻⋈◻⋈⊙⋈◻⋈⊙⋈◻⋈◻⋈⊙⋈◻⋈⊙⊥◻⋈◻⋈◻⋈◻⋈◻⋈◻⋈◻⋈◻⋈⊙⋈◻⋈◻⋈⊙⋈◻⋈⊙⋈◻⋈◻⋈⊙⋈◻⋈⊙⊥◻⋈◻⋈◻⋈◻⋈◻⋈◻⋈◻⋈◻⋈◻⋈◻⋈◻⋈◻⋈◻⋈◻⋈◻⋈◻⋈⊙⋈◻⋈⊙⋈◻⋈⊙⋈◻⋈◻⋈⊙⋈◻⋈⊙⋈◻⋈◻⋈⊙⋈◻⋈⊙∋⋈◻⋈◻⋈⊙⋈◻⋈⊙⋈∈⊣	Lean.ofReduceBool,Lean.trustCompiler
CollatzOperationalized.verify_seed_7._proof_1_2	⊢◻⋈◻⋈◻⋈∈⊤◻⊥◻⋈◻⋈◻⋈◻⋈◻⋈◻⋈◻⋈◻⋈◻⋈◻⋈⊙⋈◻⋈◻⋈⊙⋈◻⋈⊙⋈◻⋈◻⋈⊙⋈◻⋈⊙⋈◻⋈◻⋈⊙⋈◻⋈⊙⊥◻⋈◻⋈◻⋈◻⋈◻⋈◻⋈◻⋈◻⋈◻⋈⊙⋈◻⋈◻⋈⊙⋈◻⋈⊙⋈◻⋈◻⋈⊙⋈◻⋈⊙⋈◻⋈◻⋈⊙⋈◻⋈⊙⊥◻⋈◻⋈◻⋈◻⋈◻⋈◻⋈◻⋈◻⋈⊙⋈◻⋈◻⋈⊙⋈◻⋈⊙⋈◻⋈◻⋈⊙⋈◻⋈⊙⊥◻⋈◻⋈◻⋈◻⋈◻⋈◻⋈◻⋈◻⋈◻⋈◻⋈◻⋈◻⋈◻⋈◻⋈◻⋈◻⋈⊙⋈◻⋈⊙⋈◻⋈⊙⋈◻⋈◻⋈⊙⋈◻⋈⊙⋈◻⋈◻⋈⊙⋈◻⋈⊙∋⋈◻⋈◻⋈⊙⋈◻⋈⊙⋈◻⋈∈⊤◻⊥◻⋈◻⋈◻⋈◻⋈◻⋈◻⋈◻⋈◻⋈◻⋈◻⋈⊙⋈◻⋈◻⋈⊙⋈◻⋈⊙⋈◻⋈◻⋈⊙⋈◻⋈⊙⋈◻⋈◻⋈⊙⋈◻⋈⊙⊥◻⋈◻⋈◻⋈◻⋈◻⋈◻⋈◻⋈◻⋈◻⋈⊙⋈◻⋈◻⋈⊙⋈◻⋈⊙⋈◻⋈◻⋈⊙⋈◻⋈⊙⋈◻⋈◻⋈⊙⋈◻⋈⊙⊥◻⋈◻⋈◻⋈◻⋈◻⋈◻⋈◻⋈◻⋈⊙⋈◻⋈◻⋈⊙⋈◻⋈⊙⋈◻⋈◻⋈⊙⋈◻⋈⊙⊥◻⋈◻⋈◻⋈◻⋈◻⋈◻⋈◻⋈◻⋈◻⋈◻⋈◻⋈◻⋈◻⋈◻⋈◻⋈◻⋈⊙⋈◻⋈⊙⋈◻⋈⊙⋈◻⋈◻⋈⊙⋈◻⋈⊙⋈◻⋈◻⋈⊙⋈◻⋈⊙∋⋈◻⋈◻⋈⊙⋈◻⋈⊙⋈∈⊣	Lean.ofReduceBool,Lean.trustCompiler
CollatzOperationalized.fp1_closure._proof_1_3	⊢∈⊤◻⋈◻⋈◻⋈◻⋈◻⋈◻⋈◻⋈◻⋈◻⋈◻⋈◻⋈◻⋈◻⋈◻⋈◻⋈◻⋈◻⋈◻⋈◻⋈⊙⋈◻⋈⊙⋈◻⋈◻⋈◻⋈◻⋈◻⋈◻⋈◻⋈⊙⋈◻⋈◻⋈⊙⋈◻⋈⊙⋈◻⋈◻⋈◻⋈◻⋈◻⋈◻⋈◻⋈⊙⋈◻⋈◻⋈⊙⋈◻⋈⊙⋈⊙⊥◻⋈◻⋈◻⋈◻⋈◻⋈◻⋈◻⋈◻⋈◻⋈◻⋈◻⋈◻⋈◻⋈◻⋈◻⋈◻⋈◻⋈◻⋈◻⋈⊙⋈◻⋈⊙⋈◻⋈◻⋈◻⋈◻⋈◻⋈◻⋈◻⋈⊙⋈◻⋈◻⋈⊙⋈◻⋈⊙⋈◻⋈◻⋈◻⋈◻⋈◻⋈◻⋈◻⋈⊙⋈◻⋈◻⋈⊙⋈◻⋈⊙⋈⊙⊥◻⊥◻⋈◻⋈◻⋈◻⋈◻⋈◻⋈◻⋈◻⋈◻⋈◻⋈◻⋈◻⋈◻⋈◻⋈◻⋈◻⋈◻⋈⊙⋈◻⋈⊙⋈◻⋈◻⋈◻⋈◻⋈◻⋈◻⋈◻⋈⊙⋈◻⋈◻⋈⊙⋈◻⋈⊙⋈◻⋈◻⋈◻⋈◻⋈◻⋈◻⋈◻⋈⊙⋈◻⋈◻⋈⊙⋈◻⋈⊙⋈⊙⋈⊙⊥◻⋈◻⋈◻⋈◻⋈◻⋈◻⋈⊙⋈◻⋈⊙⋈◻⋈◻⋈◻⋈◻⋈⊙⋈◻⋈⊙⋈◻⋈◻⋈◻⋈◻⋈◻⋈◻⋈◻⋈◻⋈◻⋈⊙⋈◻⋈⊙⋈◻⋈◻⋈◻⋈◻⋈⊙⋈◻⋈⊙⋈◻⋈◻⋈◻⋈◻⋈◻⋈◻⋈◻⋈◻⋈⊙⋈◻⋈⊙⋈◻⋈◻⋈◻⋈◻⋈⊙⋈◻⋈⊙⋈◻⋈◻⋈◻⋈◻⋈◻⋈◻⋈◻⋈◻⋈◻⋈◻⋈◻⋈◻⋈◻⋈⊙⋈◻⋈⊙⋈◻⋈◻⋈◻⋈◻⋈⊙⋈◻⋈⊙⋈◻⋈◻⋈◻⋈◻⋈◻⋈◻⋈◻⋈◻⋈⊙⋈◻⋈⊙⋈◻⋈◻⋈◻⋈◻⋈⊙⋈◻⋈⊙⋈◻⋈◻⋈◻⋈◻⋈◻⋈◻⋈◻⋈◻⋈◻⋈⊙⋈◻⋈⊙⋈◻⋈◻⋈◻⋈◻⋈⊙⋈◻⋈⊙⋈◻⋈◻⋈◻⋈◻⋈◻⋈◻⋈◻⋈◻⋈⊙⋈◻⋈◻⋈◻⋈◻⋈◻⋈◻⋈◻⋈◻⋈◻⋈◻⋈◻⋈◻⋈⊙⋈◻⋈◻⋈⊙⋈◻⋈⊙⋈◻⋈◻⋈◻⋈◻⋈◻⋈◻⋈◻⋈◻⋈⊙⋈◻⋈⊙⋈◻⋈◻⋈◻⋈◻⋈◻⋈◻⋈⊙⋈◻⋈⊙⋈◻⋈◻⋈◻⋈◻⋈⊙⋈◻⋈⊙⋈◻⋈◻⋈◻⋈◻⋈◻⋈◻⋈◻⋈◻⋈⊙⋈◻⋈◻⋈◻⋈◻⋈◻⋈◻⋈◻⋈◻⋈◻⋈◻⋈◻⋈◻⋈⊙⋈◻⋈◻⋈⊙⋈◻⋈⊙⋈◻⋈◻⋈◻⋈◻⋈◻⋈◻⋈◻⋈◻⋈⊙⋈◻⋈⊙⋈◻⋈◻⋈◻⋈◻⋈⊙⋈◻⋈⊙⋈◻⋈◻⋈◻⋈◻⋈⊙⋈◻⋈⊙⋈◻⋈◻⋈◻⋈◻⋈◻⋈◻⋈◻⋈◻⋈⊙⋈◻⋈◻⋈◻⋈◻⋈◻⋈◻⋈◻⋈◻⋈◻⋈◻⋈◻⋈◻⋈⊙⋈◻⋈◻⋈⊙⋈◻⋈⊙⋈◻⋈◻⋈◻⋈◻⋈◻⋈◻⋈⊙⋈◻⋈⊙⋈◻⋈◻⋈◻⋈◻⋈◻⋈◻⋈◻⋈◻⋈◻⋈◻⋈⊙⋈◻⋈◻⋈◻⋈◻⋈◻⋈◻⋈◻⋈◻⋈◻⋈◻⋈◻⋈◻⋈◻⋈◻⋈◻⋈◻⋈◻⋈◻⋈◻⋈◻⋈◻⋈◻⋈◻⋈◻⋈◻⋈◻⋈⊙⋈◻⋈⊙⋈◻⋈◻⋈◻⋈◻⋈◻⋈◻⋈◻⋈⊙⋈◻⋈◻⋈⊙⋈◻⋈⊙⋈◻⋈◻⋈◻⋈◻⋈◻⋈◻⋈◻⋈⊙⋈◻⋈◻⋈⊙⋈◻⋈⊙⋈◻⋈◻⋈⊙⋈◻⋈⊙⋈◻⋈◻⋈◻⋈◻⋈◻⋈◻⋈◻⋈◻⋈◻⋈◻⋈◻⋈⊙⋈◻⋈⊙⋈◻⋈◻⋈◻⋈◻⋈⊙⋈◻⋈⊙⋈◻⋈◻⋈◻⋈◻⋈◻⋈⊙⋈◻⋈⊙⋈◻⋈◻⋈◻⋈◻⋈⊙⋈◻⋈⊙⋈◻⋈◻⋈◻⋈◻⋈⊙⋈◻⋈⊙⋈◻⋈◻⋈◻⋈◻⋈◻⋈◻⋈◻⋈◻⋈⊙⋈◻⋈◻⋈◻⋈◻⋈◻⋈◻⋈◻⋈◻⋈◻⋈◻⋈◻⋈◻⋈⊙⋈◻⋈◻⋈⊙⋈◻⋈⊙⋈◻⋈◻⋈◻⋈◻⋈◻⋈◻⋈◻⋈⊙⋈◻⋈◻⋈◻⋈◻⋈◻⋈◻⋈◻⋈◻⋈◻⋈◻⋈◻⋈◻⋈◻⋈◻⋈◻⋈◻⋈◻⋈◻⋈◻⋈◻⋈◻⋈◻⋈◻⋈◻⋈◻⋈◻⋈⊙⋈◻⋈⊙⋈◻⋈◻⋈◻⋈◻⋈◻⋈◻⋈◻⋈⊙⋈◻⋈◻⋈⊙⋈◻⋈⊙⋈◻⋈◻⋈◻⋈◻⋈◻⋈◻⋈◻⋈⊙⋈◻⋈◻⋈⊙⋈◻⋈⊙⋈◻⋈◻⋈⊙⋈◻⋈⊙⋈◻⋈◻⋈◻⋈◻⋈◻⋈◻⋈◻⋈◻⋈◻⋈◻⋈◻⋈◻⋈◻⋈◻⋈◻⋈◻⋈◻⋈◻⋈◻⋈◻⋈⊙⋈◻⋈⊙⋈◻⋈◻⋈◻⋈◻⋈◻⋈◻⋈◻⋈⊙⋈◻⋈◻⋈⊙⋈◻⋈⊙⋈◻⋈◻⋈◻⋈◻⋈◻⋈◻⋈◻⋈⊙⋈◻⋈◻⋈⊙⋈◻⋈⊙⋈◻⋈◻⋈◻⋈⊙⋈◻⋈◻⋈◻⋈◻⋈◻⋈◻⋈◻⋈◻⋈◻⋈◻⋈◻⋈◻⋈◻⋈◻⋈◻⋈◻⋈◻⋈⊙⋈◻⋈⊙⋈◻⋈◻⋈◻⋈◻⋈◻⋈◻⋈◻⋈⊙⋈◻⋈◻⋈⊙⋈◻⋈⊙⋈◻⋈◻⋈◻⋈◻⋈◻⋈◻⋈◻⋈⊙⋈◻⋈◻⋈⊙⋈◻⋈⊙⋈⊙⋈⊙⋈◻⋈◻⋈◻⋈◻⋈◻⋈◻⋈◻⋈◻⋈◻⋈◻⋈◻⋈◻⋈⊙⋈◻⋈◻⋈◻⋈◻⋈◻⋈◻⋈◻⋈◻⋈◻⋈◻⋈◻⋈◻⋈◻⋈◻⋈◻⋈◻⋈◻⋈◻⋈◻⋈◻⋈◻⋈◻⋈◻⋈◻⋈◻⋈◻⋈⊙⋈◻⋈⊙⋈◻⋈◻⋈◻⋈◻⋈◻⋈◻⋈◻⋈⊙⋈◻⋈◻⋈⊙⋈◻⋈⊙⋈◻⋈◻⋈◻⋈◻⋈◻⋈◻⋈◻⋈⊙⋈◻⋈◻⋈⊙⋈◻⋈⊙⋈◻⋈◻⋈⊙⋈◻⋈⊙⋈◻⋈◻⋈◻⋈◻⋈◻⋈◻⋈◻⋈◻⋈◻⋈◻⋈◻⋈⊙⋈◻⋈⊙⋈◻⋈◻⋈◻⋈◻⋈◻⋈◻⋈⊙⋈◻⋈◻⋈◻⋈◻⋈◻⋈◻⋈◻⋈◻⋈◻⋈◻⋈◻⋈◻⋈⊙⋈◻⋈◻⋈⊙⋈◻⋈⊙⋈◻⋈◻⋈◻⋈◻⋈◻⋈◻⋈◻⋈◻⋈◻⋈◻⋈◻⋈◻⋈◻⋈⊙⋈◻⋈⊙⋈◻⋈◻⋈◻⋈◻⋈⊙⋈◻⋈⊙⋈◻⋈◻⋈◻⋈◻⋈⊙⋈◻⋈⊙⋈◻⋈◻⋈◻⋈◻⋈◻⋈⊙⋈◻⋈⊙⋈◻⋈◻⋈◻⋈◻⋈◻⋈◻⋈◻⋈◻⋈⊙⋈◻⋈◻⋈◻⋈◻⋈◻⋈◻⋈◻⋈◻⋈◻⋈◻⋈◻⋈◻⋈⊙⋈◻⋈◻⋈⊙⋈◻⋈⊙⋈◻⋈◻⋈◻⋈◻⋈◻⋈◻⋈◻⋈◻⋈◻⋈◻⋈◻⋈◻⋈◻⋈⊙⋈◻⋈⊙⋈◻⋈◻⋈◻⋈◻⋈⊙⋈◻⋈⊙⋈◻⋈◻⋈◻⋈◻⋈◻⋈⊙⋈◻⋈⊙⋈◻⋈◻⋈◻⋈◻⋈⊙⋈◻⋈⊙⋈◻⋈◻⋈◻⋈◻⋈⊙⋈◻⋈⊙⋈◻⋈◻⋈◻⋈◻⋈◻⋈◻⋈◻⋈◻⋈⊙⋈◻⋈◻⋈◻⋈◻⋈◻⋈◻⋈◻⋈◻⋈◻⋈◻⋈◻⋈◻⋈⊙⋈◻⋈◻⋈⊙⋈◻⋈⊙⋈◻⋈◻⋈◻⋈◻⋈◻⋈◻⋈⊙⋈◻⋈◻⋈◻⋈◻⋈⊙⋈◻⋈⊙⋈◻⋈◻⋈◻⋈◻⋈◻⋈◻⋈⊙⋈◻⋈◻⋈◻⋈◻⋈◻⋈◻⋈◻⋈◻⋈◻⋈◻⋈◻⋈◻⋈⊙⋈◻⋈◻⋈⊙⋈◻⋈⊙⋈◻⋈◻⋈◻⋈◻⋈◻⋈◻⋈◻⋈◻⋈◻⋈◻⋈◻⋈◻⋈◻⋈◻⋈◻⋈◻⋈◻⋈◻⋈◻⋈◻⋈◻⋈◻⋈◻⋈◻⋈◻⋈◻⋈◻⋈◻⋈⊙⋈◻⋈⊙⋈◻⋈◻⋈◻⋈◻⋈◻⋈◻⋈◻⋈⊙⋈◻⋈◻⋈⊙⋈◻⋈⊙⋈◻⋈◻⋈◻⋈◻⋈◻⋈◻⋈◻⋈⊙⋈◻⋈◻⋈⊙⋈◻⋈⊙⋈◻⋈◻⋈⊙⋈◻⋈⊙⋈◻⋈◻⋈◻⋈◻⋈◻⋈◻⋈◻⋈◻⋈◻⋈◻⋈◻⋈⊙⋈◻⋈⊙⋈◻⋈◻⋈◻⋈◻⋈⊙⋈◻⋈⊙⋈◻⋈◻⋈◻⋈◻⋈⊙⋈◻⋈⊙⋈◻⋈◻⋈◻⋈◻⋈◻⋈⊙⋈◻⋈⊙⋈◻⋈◻⋈◻⋈◻⋈◻⋈◻⋈◻⋈◻⋈⊙⋈◻⋈◻⋈◻⋈◻⋈◻⋈◻⋈◻⋈◻⋈◻⋈◻⋈◻⋈◻⋈⊙⋈◻⋈◻⋈⊙⋈◻⋈⊙⋈◻⋈◻⋈≺⋈◻⋈◻⋈◻⋈◻⋈◻⋈⊙⋈◻⋈⊙⋈◻⋈◻⋈◻⋈◻⋈◻⋈◻⋈⊙⋈◻⋈◻⋈◻⋈◻⋈◻⋈◻⋈◻⋈◻⋈◻⋈◻⋈◻⋈◻⋈⊙⋈◻⋈◻⋈⊙⋈◻⋈⊙⋈◻⋈◻⋈◻⋈◻⋈◻⋈⊙⋈◻⋈◻⋈◻⋈◻⋈⊙⋈◻⋈◻⋈◻⋈◻⋈◻⋈◻⋈◻⋈◻⋈◻⋈◻⋈◻⋈◻⋈⊙⋈◻⋈◻⋈⊙⋈◻⋈⊙⋈◻⋈◻⋈◻⋈◻⋈◻⋈◻⋈◻⋈◻⋈◻⋈◻⋈◻⋈◻⋈◻⋈◻⋈◻⋈◻⋈◻⋈◻⋈◻⋈◻⋈◻⋈◻⋈◻⋈◻⋈◻⋈◻⋈◻⋈◻⋈◻⋈◻⋈⊙⋈◻⋈⊙⋈◻⋈◻⋈◻⋈◻⋈◻⋈◻⋈◻⋈⊙⋈◻⋈◻⋈⊙⋈◻⋈⊙⋈◻⋈◻⋈◻⋈◻⋈◻⋈◻⋈◻⋈⊙⋈◻⋈◻⋈⊙⋈◻⋈⊙⋈◻⋈◻⋈⊙⋈◻⋈⊙⋈◻⋈◻⋈◻⋈◻⋈◻⋈◻⋈◻⋈◻⋈◻⋈◻⋈◻⋈◻⋈◻⋈◻⋈◻⋈◻⋈◻⋈◻⋈⊙⋈◻⋈⊙⋈◻⋈◻⋈◻⋈◻⋈⊙⋈◻⋈⊙⋈◻⋈◻⋈◻⋈◻⋈⊙⋈◻⋈⊙⋈◻⋈◻⋈◻⋈◻⋈◻⋈⊙⋈◻⋈⊙⋈◻⋈◻⋈◻⋈◻⋈⊙⋈◻⋈⊙⋈◻⋈◻⋈◻⋈◻⋈◻⋈◻⋈◻⋈⊙⋈◻⋈⊙⋈◻⋈◻⋈◻⋈◻⋈◻⋈◻⋈◻⋈◻⋈⊙⋈◻⋈◻⋈◻⋈◻⋈◻⋈◻⋈◻⋈◻⋈◻⋈◻⋈◻⋈◻⋈⊙⋈◻⋈◻⋈⊙⋈◻⋈⊙⋈◻⋈◻⋈◻⋈◻⋈◻⋈◻⋈⊙⋈◻⋈⊙⋈◻⋈◻⋈◻⋈◻⋈◻⋈◻⋈◻⋈◻⋈⊙⋈◻⋈◻⋈◻⋈◻⋈◻⋈◻⋈◻⋈◻⋈◻⋈◻⋈◻⋈◻⋈⊙⋈◻⋈◻⋈⊙⋈◻⋈⊙⋈◻⋈◻⋈◻⋈◻⋈◻⋈◻⋈◻⋈◻⋈◻⋈◻⋈◻⋈◻⋈◻⋈⊙⋈◻⋈⊙⋈◻⋈◻⋈◻⋈◻⋈⊙⋈◻⋈⊙⋈◻⋈◻⋈◻⋈◻⋈⊙⋈◻⋈⊙⋈◻⋈◻⋈◻⋈◻⋈◻⋈⊙⋈◻⋈⊙⋈◻⋈◻⋈◻⋈◻⋈◻⋈◻⋈◻⋈◻⋈⊙⋈◻⋈◻⋈◻⋈◻⋈◻⋈◻⋈◻⋈◻⋈◻⋈◻⋈◻⋈◻⋈⊙⋈◻⋈◻⋈⊙⋈◻⋈⊙⋈◻⋈◻⋈◻⋈◻⋈◻⋈◻⋈◻⋈◻⋈◻⋈◻⋈◻⋈◻⋈◻⋈◻⋈◻⋈◻⋈◻⋈◻⋈◻⋈◻⋈◻⋈◻⋈⊙⋈◻⋈⊙⋈◻⋈◻⋈◻⋈◻⋈◻⋈◻⋈◻⋈⊙⋈◻⋈◻⋈⊙⋈◻⋈⊙⋈◻⋈◻⋈◻⋈◻⋈◻⋈◻⋈◻⋈⊙⋈◻⋈◻⋈⊙⋈◻⋈⊙⋈◻⋈◻⋈◻⋈◻⋈◻⋈◻⋈◻⋈◻⋈◻⋈◻⋈◻⋈⊙⋈◻⋈⊙⋈◻⋈◻⋈◻⋈◻⋈⊙⋈◻⋈⊙⋈◻⋈◻⋈◻⋈◻⋈⊙⋈◻⋈⊙⋈◻⋈◻⋈◻⋈◻⋈◻⋈⊙⋈◻⋈⊙⋈◻⋈◻⋈◻⋈◻⋈⊙⋈◻⋈⊙⋈◻⋈◻⋈◻⋈◻⋈◻⋈◻⋈◻⋈⊙⋈◻⋈⊙⋈◻⋈◻⋈◻⋈◻⋈◻⋈◻⋈◻⋈◻⋈⊙⋈◻⋈◻⋈◻⋈◻⋈◻⋈◻⋈◻⋈◻⋈◻⋈◻⋈◻⋈◻⋈⊙⋈◻⋈◻⋈⊙⋈◻⋈⊙⋈◻⋈◻⋈◻⋈◻⋈⊙⋈◻⋈⊙⋈◻⋈◻⋈◻⋈◻⋈⊙⋈◻⋈⊙⋈◻⋈◻⋈◻⋈◻⋈◻⋈◻⋈◻⋈◻⋈⊙⋈◻⋈◻⋈◻⋈◻⋈◻⋈◻⋈◻⋈◻⋈◻⋈◻⋈◻⋈◻⋈⊙⋈◻⋈◻⋈⊙⋈◻⋈⊙⋈◻⋈◻⋈◻⋈◻⋈◻⋈◻⋈◻⋈◻⋈◻⋈◻⋈◻⋈◻⋈◻⋈◻⋈◻⋈◻⋈◻⋈◻⋈◻⋈◻⋈◻⋈◻⋈◻⋈⊙⋈◻⋈⊙⋈◻⋈◻⋈◻⋈◻⋈◻⋈◻⋈◻⋈⊙⋈◻⋈◻⋈⊙⋈◻⋈⊙⋈◻⋈◻⋈◻⋈◻⋈◻⋈◻⋈◻⋈⊙⋈◻⋈◻⋈⊙⋈◻⋈⊙⋈◻⋈◻⋈◻⋈◻⋈◻⋈◻⋈◻⋈◻⋈◻⋈◻⋈◻⋈◻⋈◻⋈◻⋈◻⋈◻⋈◻⋈◻⋈◻⋈⊙⋈◻⋈⊙⋈◻⋈◻⋈◻⋈◻⋈◻⋈◻⋈◻⋈⊙⋈◻⋈◻⋈⊙⋈◻⋈⊙⋈◻⋈◻⋈◻⋈◻⋈◻⋈◻⋈◻⋈◻⋈◻⋈◻⋈⊙⋈◻⋈◻⋈⊙⋈◻⋈⊙⋈◻⋈◻⋈◻⋈◻⋈◻⋈◻⋈◻⋈◻⋈◻⋈◻⋈◻⋈⊙⋈◻⋈⊙⋈◻⋈◻⋈◻⋈◻⋈⊙⋈◻⋈⊙⋈◻⋈◻⋈◻⋈◻⋈⊙⋈◻⋈⊙⋈◻⋈◻⋈◻⋈◻⋈◻⋈⊙⋈◻⋈⊙⋈◻⋈◻⋈◻⋈◻⋈⊙⋈◻⋈⊙⋈◻⋈◻⋈◻⋈◻⋈◻⋈◻⋈◻⋈⊙⋈◻⋈⊙⋈◻⋈◻⋈◻⋈◻⋈◻⋈◻⋈◻⋈◻⋈⊙⋈◻⋈◻⋈◻⋈◻⋈◻⋈◻⋈◻⋈◻⋈◻⋈◻⋈◻⋈◻⋈⊙⋈◻⋈◻⋈⊙⋈◻⋈⊙⋈◻⋈◻⋈◻⋈◻⋈◻⋈◻⋈◻⋈◻⋈◻⋈◻⋈◻⋈◻⋈⊙⋈◻⋈⊙⋈◻⋈◻⋈◻⋈◻⋈◻⋈◻⋈◻⋈⊙⋈◻⋈◻⋈⊙⋈◻⋈⊙⋈◻⋈◻⋈◻⋈◻⋈◻⋈◻⋈◻⋈⊙⋈◻⋈◻⋈⊙⋈◻⋈⊙⋈◻⋈◻⋈◻⋈◻⋈◻⋈◻⋈◻⋈◻⋈◻⋈◻⋈◻⋈◻⋈◻⋈◻⋈◻⋈◻⋈◻⋈◻⋈◻⋈◻⋈◻⋈⊙⋈◻⋈⊙⋈◻⋈◻⋈◻⋈◻⋈◻⋈◻⋈◻⋈⊙⋈◻⋈◻⋈⊙⋈◻⋈⊙⋈◻⋈◻⋈◻⋈◻⋈◻⋈◻⋈◻⋈◻⋈◻⋈◻⋈⊙⋈◻⋈◻⋈⊙⋈◻⋈⊙⋈◻⋈◻⋈◻⋈◻⋈◻⋈◻⋈◻⋈◻⋈◻⋈◻⋈◻⋈◻⋈⊙⋈◻⋈⊙⋈◻⋈◻⋈◻⋈◻⋈◻⋈⊙⋈◻⋈⊙⋈◻⋈◻⋈◻⋈◻⋈⊙⋈◻⋈⊙⋈◻⋈◻⋈◻⋈◻⋈⊙⋈◻⋈⊙⋈◻⋈◻⋈◻⋈◻⋈◻⋈◻⋈◻⋈◻⋈⊙⋈◻⋈◻⋈◻⋈◻⋈◻⋈◻⋈◻⋈◻⋈◻⋈◻⋈◻⋈◻⋈⊙⋈◻⋈◻⋈⊙⋈◻⋈⊙⋈◻⋈◻⋈◻⋈◻⋈◻⋈◻⋈◻⋈◻⋈◻⋈◻⋈◻⋈◻⋈◻⋈⊙⋈◻⋈⊙⋈◻⋈◻⋈◻⋈◻⋈⊙⋈◻⋈⊙⋈◻⋈◻⋈◻⋈◻⋈◻⋈⊙⋈◻⋈⊙⋈◻⋈◻⋈◻⋈◻⋈⊙⋈◻⋈⊙⋈◻⋈◻⋈◻⋈◻⋈⊙⋈◻⋈⊙⋈◻⋈◻⋈◻⋈◻⋈◻⋈◻⋈◻⋈◻⋈⊙⋈◻⋈◻⋈◻⋈◻⋈◻⋈◻⋈◻⋈◻⋈◻⋈◻⋈◻⋈◻⋈⊙⋈◻⋈◻⋈⊙⋈◻⋈⊙⋈◻⋈◻⋈◻⋈◻⋈◻⋈◻⋈◻⋈◻⋈◻⋈◻⋈◻⋈◻⋈◻⋈⊙⋈◻⋈⊙⋈◻⋈◻⋈◻⋈◻⋈⊙⋈◻⋈⊙⋈◻⋈◻⋈◻⋈◻⋈⊙⋈◻⋈⊙⋈◻⋈◻⋈◻⋈◻⋈◻⋈⊙⋈◻⋈⊙⋈◻⋈◻⋈◻⋈◻⋈⊙⋈◻⋈⊙⋈◻⋈◻⋈◻⋈◻⋈◻⋈◻⋈◻⋈⊙⋈◻⋈⊙⋈◻⋈◻⋈◻⋈◻⋈◻⋈◻⋈◻⋈◻⋈⊙⋈◻⋈◻⋈◻⋈◻⋈◻⋈◻⋈◻⋈◻⋈◻⋈◻⋈◻⋈◻⋈⊙⋈◻⋈◻⋈⊙⋈◻⋈⊙⋈◻⋈◻⋈◻⋈◻⋈◻⋈◻⋈◻⋈◻⋈◻⋈◻⋈◻⋈◻⋈◻⋈◻⋈◻⋈⊙⋈◻⋈⊙⋈◻⋈◻⋈◻⋈◻⋈◻⋈◻⋈◻⋈⊙⋈◻⋈◻⋈⊙⋈◻⋈⊙⋈◻⋈◻⋈◻⋈◻⋈◻⋈⊙⋈◻⋈⊙⋈◻⋈◻⋈◻⋈◻⋈◻⋈⊙⋈◻⋈⊙⋈◻⋈◻⋈◻⋈◻⋈⊙⋈◻⋈⊙⋈◻⋈◻⋈◻⋈◻⋈⊙⋈◻⋈⊙⋈◻⋈◻⋈◻⋈◻⋈◻⋈◻⋈◻⋈◻⋈⊙⋈◻⋈◻⋈◻⋈◻⋈◻⋈◻⋈◻⋈◻⋈◻⋈◻⋈◻⋈◻⋈⊙⋈◻⋈◻⋈⊙⋈◻⋈⊙⋈◻⋈◻⋈◻⋈◻⋈◻⋈◻⋈◻⋈◻⋈◻⋈◻⋈◻⋈◻⋈⊙⋈◻⋈◻⋈⊙⋈◻⋈⊙⋈◻⋈◻⋈◻⋈◻⋈◻⋈◻⋈◻⋈◻⋈◻⋈◻⋈◻⋈⊙⋈◻⋈⊙⋈◻⋈◻⋈◻⋈◻⋈⊙⋈◻⋈⊙⋈◻⋈◻⋈◻⋈◻⋈◻⋈⊙⋈◻⋈⊙⋈◻⋈◻⋈◻⋈◻⋈⊙⋈◻⋈⊙⋈◻⋈◻⋈◻⋈◻⋈⊙⋈◻⋈⊙⋈◻⋈◻⋈◻⋈◻⋈◻⋈◻⋈◻⋈◻⋈⊙⋈◻⋈◻⋈◻⋈◻⋈◻⋈◻⋈◻⋈◻⋈◻⋈◻⋈◻⋈◻⋈⊙⋈◻⋈◻⋈⊙⋈◻⋈⊙⋈◻⋈◻⋈◻⋈◻⋈◻⋈◻⋈◻⋈◻⋈◻⋈◻⋈◻⋈◻⋈◻⋈◻⋈◻⋈◻⋈⊙⋈◻⋈⊙⋈◻⋈◻⋈◻⋈◻⋈◻⋈◻⋈◻⋈⊙⋈◻⋈◻⋈⊙⋈◻⋈⊙⋈◻⋈◻⋈◻⋈◻⋈◻⋈◻⋈◻⋈◻⋈◻⋈◻⋈◻⋈◻⋈⊙⋈◻⋈⊙⋈◻⋈◻⋈◻⋈◻⋈◻⋈◻⋈◻⋈◻⋈◻⋈◻⋈⊙⋈◻⋈◻⋈⊙⋈◻⋈⊙⋈◻⋈◻⋈◻⋈◻⋈◻⋈⊙⋈◻⋈⊙⋈◻⋈◻⋈◻⋈◻⋈◻⋈⊙⋈◻⋈⊙⋈◻⋈◻⋈◻⋈◻⋈⊙⋈◻⋈⊙⋈◻⋈◻⋈◻⋈◻⋈⊙⋈◻⋈⊙⋈◻⋈◻⋈◻⋈◻⋈◻⋈◻⋈◻⋈◻⋈⊙⋈◻⋈◻⋈◻⋈◻⋈◻⋈◻⋈◻⋈◻⋈◻⋈◻⋈◻⋈◻⋈⊙⋈◻⋈◻⋈⊙⋈◻⋈⊙⋈◻⋈◻⋈◻⋈◻⋈◻⋈⊙⋈◻⋈⊙⋈◻⋈◻⋈◻⋈◻⋈◻⋈◻⋈◻⋈⊙⋈◻⋈◻⋈⊙⋈◻⋈⊙⋈◻⋈◻⋈◻⋈◻⋈◻⋈◻⋈◻⋈◻⋈◻⋈◻⋈◻⋈◻⋈◻⋈◻⋈⊙⋈◻⋈⊙⋈◻⋈◻⋈◻⋈◻⋈◻⋈◻⋈◻⋈◻⋈◻⋈◻⋈⊙⋈◻⋈◻⋈⊙⋈◻⋈⊙⋈◻⋈◻⋈◻⋈◻⋈◻⋈◻⋈◻⋈◻⋈◻⋈◻⋈◻⋈⊙⋈◻⋈⊙⋈◻⋈◻⋈◻⋈◻⋈◻⋈◻⋈◻⋈◻⋈⊙⋈◻⋈◻⋈◻⋈◻⋈◻⋈◻⋈◻⋈◻⋈◻⋈◻⋈◻⋈◻⋈⊙⋈◻⋈◻⋈⊙⋈◻⋈⊙⋈◻⋈◻⋈◻⋈◻⋈◻⋈◻⋈⊙⋈◻⋈⊙⋈◻⋈◻⋈◻⋈◻⋈◻⋈◻⋈⊙⋈◻⋈◻⋈◻⋈◻⋈◻⋈◻⋈◻⋈◻⋈◻⋈◻⋈◻⋈◻⋈⊙⋈◻⋈◻⋈⊙⋈◻⋈⊙⋈◻⋈◻⋈◻⋈◻⋈◻⋈◻⋈◻⋈⊙⋈◻⋈⊙⋈◻⋈◻⋈◻⋈◻⋈◻⋈⊙⋈◻⋈⊙⋈◻⋈◻⋈◻⋈◻⋈⊙⋈◻⋈⊙⋈◻⋈◻⋈◻⋈◻⋈⊙⋈◻⋈⊙⋈◻⋈◻⋈◻⋈◻⋈◻⋈◻⋈◻⋈◻⋈⊙⋈◻⋈◻⋈◻⋈◻⋈◻⋈◻⋈◻⋈◻⋈◻⋈◻⋈◻⋈◻⋈⊙⋈◻⋈◻⋈⊙⋈◻⋈⊙⋈◻⋈◻⋈◻⋈◻⋈◻⋈◻⋈◻⋈◻⋈⊙⋈◻⋈⊙⋈◻⋈◻⋈◻⋈◻⋈⊙⋈◻⋈⊙⋈◻⋈◻⋈◻⋈◻⋈◻⋈◻⋈◻⋈◻⋈⊙⋈◻⋈◻⋈◻⋈◻⋈◻⋈◻⋈◻⋈◻⋈◻⋈◻⋈◻⋈◻⋈⊙⋈◻⋈◻⋈⊙⋈◻⋈⊙⋈◻⋈◻⋈◻⋈◻⋈◻⋈◻⋈◻⋈◻⋈◻⋈◻⋈◻⋈◻⋈⊙⋈◻⋈◻⋈⊙⋈◻⋈⊙⋈◻⋈◻⋈◻⋈◻⋈⊙⋈◻⋈⊙⋈◻⋈◻⋈◻⋈◻⋈◻⋈◻⋈⊙⋈◻⋈◻⋈◻⋈◻⋈◻⋈◻⋈◻⋈◻⋈◻⋈◻⋈◻⋈◻⋈⊙⋈◻⋈◻⋈⊙⋈◻⋈⊙⋈◻⋈◻⋈◻⋈◻⋈◻⋈◻⋈◻⋈◻⋈◻⋈◻⋈⊙⋈◻⋈⊙⋈◻⋈◻⋈◻⋈◻⋈⊙⋈◻⋈⊙⋈◻⋈◻⋈◻⋈◻⋈◻⋈◻⋈◻⋈◻⋈⊙⋈◻⋈◻⋈◻⋈◻⋈◻⋈◻⋈◻⋈◻⋈◻⋈◻⋈◻⋈◻⋈⊙⋈◻⋈◻⋈⊙⋈◻⋈⊙⋈◻⋈◻⋈◻⋈◻⋈◻⋈◻⋈◻⋈◻⋈◻⋈⊙⋈◻⋈⊙⋈◻⋈◻⋈◻⋈◻⋈◻⋈◻⋈◻⋈◻⋈◻⋈◻⋈◻⋈◻⋈⊙⋈◻⋈◻⋈⊙⋈◻⋈⊙⋈◻⋈◻⋈◻⋈◻⋈◻⋈◻⋈◻⋈◻⋈◻⋈◻⋈⊙⋈◻⋈◻⋈◻⋈◻⋈◻⋈⊙⋈◻⋈⊙⋈◻⋈◻⋈◻⋈◻⋈⊙⋈◻⋈⊙⋈◻⋈◻⋈◻⋈◻⋈◻⋈◻⋈⊙⋈◻⋈◻⋈◻⋈◻⋈◻⋈◻⋈◻⋈◻⋈◻⋈◻⋈◻⋈◻⋈⊙⋈◻⋈◻⋈⊙⋈◻⋈⊙⋈◻⋈◻⋈◻⋈⊙⋈◻⋈◻⋈⊙⋈◻⋈⊙⋈≺⋈◻⋈◻⋈◻⋈◻⋈◻⋈⊙⋈◻⋈⊙⋈◻⋈◻⋈◻⋈◻⋈◻⋈◻⋈⊙⋈◻⋈◻⋈◻⋈◻⋈◻⋈◻⋈◻⋈◻⋈◻⋈◻⋈◻⋈◻⋈⊙⋈◻⋈◻⋈⊙⋈◻⋈⊙⋈◻⋈◻⋈◻⋈◻⋈◻⋈◻⋈◻⋈◻⋈◻⋈◻⋈◻⋈◻⋈⊙⋈◻⋈◻⋈⊙⋈◻⋈⊙⋈◻⋈◻⋈◻⋈◻⋈⊙⋈◻⋈◻⋈◻⋈◻⋈◻⋈◻⋈◻⋈◻⋈◻⋈◻⋈⊙⋈◻⋈◻⋈⊙⋈◻⋈⊙⋈◻⋈◻⋈≺⋈◻⋈◻⋈◻⋈◻⋈◻⋈◻⋈⊙⋈◻⋈⊙⋈◻⋈◻⋈◻⋈◻⋈◻⋈⊙⋈◻⋈⊙⋈◻⋈◻⋈◻⋈◻⋈⊙⋈◻⋈⊙⋈◻⋈◻⋈◻⋈◻⋈⊙⋈◻⋈⊙⋈◻⋈◻⋈◻⋈◻⋈◻⋈◻⋈◻⋈◻⋈⊙⋈◻⋈◻⋈◻⋈◻⋈◻⋈◻⋈◻⋈◻⋈◻⋈◻⋈◻⋈◻⋈⊙⋈◻⋈◻⋈⊙⋈◻⋈⊙⋈◻⋈◻⋈◻⋈◻⋈◻⋈◻⋈◻⋈◻⋈◻⋈◻⋈◻⋈◻⋈◻⋈⊙⋈◻⋈⊙⋈◻⋈◻⋈◻⋈◻⋈◻⋈◻⋈◻⋈◻⋈⊙⋈◻⋈◻⋈◻⋈◻⋈◻⋈◻⋈◻⋈◻⋈◻⋈◻⋈◻⋈◻⋈⊙⋈◻⋈◻⋈⊙⋈◻⋈⊙⋈◻⋈◻⋈◻⋈◻⋈◻⋈◻⋈⊙⋈◻⋈⊙⋈◻⋈◻⋈◻⋈◻⋈⊙⋈◻⋈⊙⋈◻⋈◻⋈◻⋈◻⋈⊙⋈◻⋈⊙⋈◻⋈◻⋈◻⋈◻⋈◻⋈◻⋈◻⋈◻⋈⊙⋈◻⋈◻⋈◻⋈◻⋈◻⋈◻⋈◻⋈◻⋈◻⋈◻⋈◻⋈◻⋈⊙⋈◻⋈◻⋈⊙⋈◻⋈⊙⋈◻⋈◻⋈◻⋈◻⋈◻⋈◻⋈⊙⋈◻⋈⊙⋈◻⋈◻⋈◻⋈◻⋈◻⋈⊙⋈◻⋈⊙⋈◻⋈◻⋈◻⋈◻⋈⊙⋈◻⋈⊙⋈◻⋈◻⋈◻⋈◻⋈⊙⋈◻⋈⊙⋈◻⋈◻⋈◻⋈◻⋈◻⋈◻⋈◻⋈◻⋈⊙⋈◻⋈◻⋈◻⋈◻⋈◻⋈◻⋈◻⋈◻⋈◻⋈◻⋈◻⋈◻⋈⊙⋈◻⋈◻⋈⊙⋈◻⋈⊙⋈◻⋈◻⋈◻⋈◻⋈◻⋈◻⋈◻⋈◻⋈◻⋈◻⋈◻⋈◻⋈⊙⋈◻⋈⊙⋈◻⋈◻⋈◻⋈◻⋈⊙⋈◻⋈⊙⋈◻⋈◻⋈◻⋈◻⋈◻⋈◻⋈◻⋈◻⋈◻⋈◻⋈◻⋈⊙⋈◻⋈⊙⋈◻⋈◻⋈◻⋈◻⋈⊙⋈◻⋈⊙⋈◻⋈◻⋈◻⋈◻⋈◻⋈◻⋈⊙⋈◻⋈◻⋈⊙⋈◻⋈⊙⋈◻⋈⊙⋈◻⋈◻⋈⊙⋈◻⋈⊙⋈◻⋈◻⋈◻⋈◻⋈◻⋈◻⋈⊙⋈◻⋈◻⋈⊙⋈◻⋈⊙⋈◻⋈⊙⋈◻⋈◻⋈⊙⋈◻⋈⊙⋈◻⋈◻⋈◻⋈◻⋈⊙⋈◻⋈⊙⋈◻⋈◻⋈◻⋈◻⋈⊙⋈◻⋈⊙⋈◻⋈◻⋈◻⋈◻⋈◻⋈◻⋈◻⋈◻⋈◻⋈◻⋈◻⋈◻⋈◻⋈◻⋈◻⋈⊙⋈◻⋈⊙⋈◻⋈◻⋈◻⋈◻⋈⊙⋈◻⋈⊙⋈◻⋈◻⋈◻⋈◻⋈◻⋈◻⋈◻⋈◻⋈◻⋈◻⋈◻⋈⊙⋈◻⋈⊙⋈◻⋈◻⋈◻⋈◻⋈⊙⋈◻⋈⊙⋈◻⋈◻⋈◻⋈◻⋈◻⋈◻⋈⊙⋈◻⋈◻⋈⊙⋈◻⋈⊙⋈◻⋈⊙⋈◻⋈◻⋈⊙⋈◻⋈⊙⋈◻⋈◻⋈◻⋈◻⋈◻⋈◻⋈⊙⋈◻⋈◻⋈⊙⋈◻⋈⊙⋈◻⋈⊙⋈◻⋈◻⋈⊙⋈◻⋈⊙⋈◻⋈◻⋈◻⋈◻⋈⊙⋈◻⋈⊙⋈◻⋈◻⋈◻⋈◻⋈⊙⋈◻⋈⊙⋈◻⋈◻⋈◻⋈◻⋈◻⋈◻⋈◻⋈◻⋈◻⋈◻⋈◻⋈◻⋈◻⋈◻⋈◻⋈◻⋈◻⋈◻⋈⊙⋈◻⋈◻⋈⊙⋈◻⋈⊙⋈◻⋈◻⋈◻⋈◻⋈◻⋈◻⋈◻⋈◻⋈◻⋈◻⋈⊙⋈◻⋈◻⋈◻⋈◻⋈◻⋈⊙⋈◻⋈⊙⋈◻⋈◻⋈◻⋈◻⋈◻⋈◻⋈◻⋈◻⋈◻⋈◻⋈◻⋈⊙⋈◻⋈⊙⋈◻⋈◻⋈◻⋈◻⋈⊙⋈◻⋈⊙⋈◻⋈◻⋈◻⋈◻⋈◻⋈⊙⋈◻⋈⊙⋈◻⋈◻⋈◻⋈◻⋈⊙⋈◻⋈⊙⋈◻⋈◻⋈◻⋈◻⋈⊙⋈◻⋈⊙⋈◻⋈◻⋈◻⋈◻⋈◻⋈◻⋈◻⋈◻⋈⊙⋈◻⋈◻⋈◻⋈◻⋈◻⋈◻⋈◻⋈◻⋈◻⋈◻⋈◻⋈◻⋈⊙⋈◻⋈◻⋈⊙⋈◻⋈⊙⋈◻⋈◻⋈◻⋈⊙⋈◻⋈◻⋈⊙⋈◻⋈⊙⋈◻⋈◻⋈◻⋈◻⋈◻⋈◻⋈◻⋈◻⋈◻⋈◻⋈◻⋈◻⋈⊙⋈◻⋈◻⋈⊙⋈◻⋈⊙⋈◻⋈◻⋈◻⋈◻⋈◻⋈◻⋈◻⋈◻⋈◻⋈◻⋈⊙⋈◻⋈◻⋈◻⋈◻⋈◻⋈◻⋈◻⋈◻⋈◻⋈⊙⋈◻⋈⊙⋈◻⋈◻⋈◻⋈◻⋈◻⋈◻⋈◻⋈◻⋈◻⋈◻⋈⊙⋈◻⋈◻⋈⊙⋈◻⋈⊙⋈◻⋈◻⋈◻⋈◻⋈◻⋈◻⋈◻⋈◻⋈◻⋈◻⋈◻⋈⊙⋈◻⋈⊙⋈◻⋈◻⋈◻⋈◻⋈⊙⋈◻⋈⊙⋈◻⋈◻⋈◻⋈◻⋈◻⋈⊙⋈◻⋈⊙⋈◻⋈◻⋈◻⋈◻⋈⊙⋈◻⋈⊙⋈◻⋈◻⋈◻⋈◻⋈⊙⋈◻⋈⊙⋈◻⋈◻⋈◻⋈◻⋈◻⋈◻⋈◻⋈◻⋈⊙⋈◻⋈◻⋈◻⋈◻⋈◻⋈◻⋈◻⋈◻⋈◻⋈◻⋈◻⋈◻⋈⊙⋈◻⋈◻⋈⊙⋈◻⋈⊙⋈◻⋈◻⋈◻⋈◻⋈◻⋈◻⋈⊙⋈◻⋈◻⋈⊙⋈◻⋈⊙⋈◻⋈◻⋈◻⋈◻⋈◻⋈◻⋈◻⋈◻⋈◻⋈◻⋈◻⋈◻⋈⊙⋈◻⋈◻⋈◻⋈◻⋈◻⋈◻⋈◻⋈◻⋈◻⋈⊙⋈◻⋈⊙⋈◻⋈◻⋈◻⋈◻⋈◻⋈◻⋈◻⋈◻⋈◻⋈◻⋈⊙⋈◻⋈◻⋈⊙⋈◻⋈⊙⋈◻⋈◻⋈◻⋈◻⋈◻⋈◻⋈◻⋈◻⋈◻⋈◻⋈◻⋈⊙⋈◻⋈⊙⋈◻⋈◻⋈◻⋈◻⋈◻⋈◻⋈⊙⋈◻⋈◻⋈◻⋈◻⋈◻⋈◻⋈◻⋈◻⋈◻⋈◻⋈◻⋈◻⋈⊙⋈◻⋈◻⋈⊙⋈◻⋈⊙⋈◻⋈◻⋈◻⋈◻⋈◻⋈◻⋈◻⋈⊙⋈◻⋈⊙⋈◻⋈◻⋈◻⋈◻⋈◻⋈⊙⋈◻⋈⊙⋈◻⋈◻⋈◻⋈◻⋈⊙⋈◻⋈⊙⋈◻⋈◻⋈◻⋈◻⋈⊙⋈◻⋈⊙⋈◻⋈◻⋈◻⋈◻⋈◻⋈◻⋈◻⋈◻⋈⊙⋈◻⋈◻⋈◻⋈◻⋈◻⋈◻⋈◻⋈◻⋈◻⋈◻⋈◻⋈◻⋈⊙⋈◻⋈◻⋈⊙⋈◻⋈⊙⋈◻⋈◻⋈◻⋈◻⋈◻⋈◻⋈◻⋈◻⋈◻⋈◻⋈◻⋈◻⋈◻⋈⊙⋈◻⋈⊙⋈◻⋈◻⋈◻⋈◻⋈⊙⋈◻⋈⊙⋈◻⋈◻⋈◻⋈◻⋈◻⋈⊙⋈◻⋈⊙⋈◻⋈◻⋈◻⋈◻⋈⊙⋈◻⋈⊙⋈◻⋈◻⋈◻⋈◻⋈⊙⋈◻⋈⊙⋈◻⋈◻⋈◻⋈◻⋈◻⋈◻⋈◻⋈◻⋈⊙⋈◻⋈◻⋈◻⋈◻⋈◻⋈◻⋈◻⋈◻⋈◻⋈◻⋈◻⋈◻⋈⊙⋈◻⋈◻⋈⊙⋈◻⋈⊙⋈◻⋈◻⋈◻⋈◻⋈◻⋈◻⋈⊙⋈◻⋈◻⋈◻⋈◻⋈⊙⋈◻⋈⊙⋈◻⋈◻⋈◻⋈◻⋈◻⋈◻⋈⊙⋈◻⋈◻⋈◻⋈◻⋈◻⋈◻⋈◻⋈◻⋈◻⋈◻⋈◻⋈◻⋈⊙⋈◻⋈◻⋈⊙⋈◻⋈⊙⋈◻⋈◻⋈◻⋈◻⋈◻⋈◻⋈◻⋈◻⋈◻⋈◻⋈◻⋈⊙⋈◻⋈⊙⋈◻⋈◻⋈◻⋈◻⋈◻⋈◻⋈◻⋈◻⋈◻⋈◻⋈⊙⋈◻⋈◻⋈⊙⋈◻⋈⊙⋈◻⋈◻⋈◻⋈◻⋈◻⋈⊙⋈◻⋈⊙⋈◻⋈◻⋈◻⋈◻⋈◻⋈⊙⋈◻⋈⊙⋈◻⋈◻⋈◻⋈◻⋈⊙⋈◻⋈⊙⋈◻⋈◻⋈◻⋈◻⋈⊙⋈◻⋈⊙⋈◻⋈◻⋈◻⋈◻⋈◻⋈◻⋈◻⋈◻⋈⊙⋈◻⋈◻⋈◻⋈◻⋈◻⋈◻⋈◻⋈◻⋈◻⋈◻⋈◻⋈◻⋈⊙⋈◻⋈◻⋈⊙⋈◻⋈⊙⋈◻⋈◻⋈≺⋈◻⋈◻⋈◻⋈◻⋈◻⋈⊙⋈◻⋈⊙⋈◻⋈◻⋈◻⋈◻⋈◻⋈◻⋈⊙⋈◻⋈◻⋈◻⋈◻⋈◻⋈◻⋈◻⋈◻⋈◻⋈◻⋈◻⋈◻⋈⊙⋈◻⋈◻⋈⊙⋈◻⋈⊙⋈◻⋈◻⋈◻⋈◻⋈◻⋈⊙⋈◻⋈◻⋈◻⋈◻⋈⊙⋈◻⋈◻⋈◻⋈◻⋈◻⋈◻⋈◻⋈◻⋈◻⋈◻⋈◻⋈◻⋈⊙⋈◻⋈◻⋈⊙⋈◻⋈⊙⋈◻⋈◻⋈◻⋈◻⋈◻⋈◻⋈◻⋈◻⋈◻⋈◻⋈◻⋈◻⋈◻⋈⊙⋈◻⋈⊙⋈◻⋈◻⋈◻⋈◻⋈◻⋈◻⋈◻⋈◻⋈◻⋈◻⋈⊙⋈◻⋈◻⋈⊙⋈◻⋈⊙⋈◻⋈◻⋈◻⋈◻⋈◻⋈◻⋈◻⋈◻⋈◻⋈◻⋈◻⋈⊙⋈◻⋈⊙⋈◻⋈◻⋈◻⋈◻⋈◻⋈◻⋈◻⋈◻⋈⊙⋈◻⋈◻⋈◻⋈◻⋈◻⋈◻⋈◻⋈◻⋈◻⋈◻⋈◻⋈◻⋈⊙⋈◻⋈◻⋈⊙⋈◻⋈⊙⋈◻⋈◻⋈◻⋈◻⋈◻⋈◻⋈⊙⋈◻⋈⊙⋈◻⋈◻⋈◻⋈◻⋈◻⋈◻⋈⊙⋈◻⋈◻⋈◻⋈◻⋈◻⋈◻⋈◻⋈◻⋈◻⋈◻⋈◻⋈◻⋈⊙⋈◻⋈◻⋈⊙⋈◻⋈⊙⋈◻⋈◻⋈◻⋈◻⋈◻⋈◻⋈◻⋈⊙⋈◻⋈⊙⋈◻⋈◻⋈◻⋈◻⋈◻⋈⊙⋈◻⋈⊙⋈◻⋈◻⋈◻⋈◻⋈⊙⋈◻⋈⊙⋈◻⋈◻⋈◻⋈◻⋈⊙⋈◻⋈⊙⋈◻⋈◻⋈◻⋈◻⋈◻⋈◻⋈◻⋈◻⋈⊙⋈◻⋈◻⋈◻⋈◻⋈◻⋈◻⋈◻⋈◻⋈◻⋈◻⋈◻⋈◻⋈⊙⋈◻⋈◻⋈⊙⋈◻⋈⊙⋈◻⋈◻⋈◻⋈◻⋈◻⋈⊙⋈◻⋈⊙⋈◻⋈◻⋈◻⋈◻⋈⊙⋈◻⋈⊙⋈◻⋈◻⋈◻⋈◻⋈◻⋈◻⋈◻⋈◻⋈⊙⋈◻⋈◻⋈◻⋈◻⋈◻⋈◻⋈◻⋈◻⋈◻⋈◻⋈◻⋈◻⋈⊙⋈◻⋈◻⋈⊙⋈◻⋈⊙⋈◻⋈◻⋈◻⋈◻⋈◻⋈◻⋈◻⋈◻⋈◻⋈◻⋈◻⋈◻⋈⊙⋈◻⋈◻⋈⊙⋈◻⋈⊙⋈◻⋈◻⋈◻⋈◻⋈⊙⋈◻⋈⊙⋈◻⋈◻⋈◻⋈◻⋈◻⋈◻⋈⊙⋈◻⋈◻⋈◻⋈◻⋈◻⋈◻⋈◻⋈◻⋈◻⋈◻⋈◻⋈◻⋈⊙⋈◻⋈◻⋈⊙⋈◻⋈⊙⋈◻⋈◻⋈◻⋈◻⋈◻⋈◻⋈◻⋈⊙⋈◻⋈⊙⋈◻⋈◻⋈◻⋈◻⋈⊙⋈◻⋈⊙⋈◻⋈◻⋈◻⋈◻⋈◻⋈◻⋈◻⋈◻⋈⊙⋈◻⋈◻⋈◻⋈◻⋈◻⋈◻⋈◻⋈◻⋈◻⋈◻⋈◻⋈◻⋈⊙⋈◻⋈◻⋈⊙⋈◻⋈⊙⋈◻⋈◻⋈◻⋈◻⋈◻⋈◻⋈⊙⋈◻⋈⊙⋈≺⋈◻⋈◻⋈◻⋈◻⋈◻⋈⊙⋈◻⋈⊙⋈◻⋈◻⋈◻⋈◻⋈◻⋈◻⋈⊙⋈◻⋈◻⋈◻⋈◻⋈◻⋈◻⋈◻⋈◻⋈◻⋈◻⋈◻⋈◻⋈⊙⋈◻⋈◻⋈⊙⋈◻⋈⊙⋈◻⋈◻⋈◻⋈◻⋈◻⋈◻⋈◻⋈◻⋈◻⋈◻⋈◻⋈◻⋈⊙⋈◻⋈◻⋈⊙⋈◻⋈⊙⋈◻⋈◻⋈◻⋈◻⋈⊙⋈◻⋈◻⋈◻⋈◻⋈◻⋈◻⋈◻⋈◻⋈◻⋈◻⋈⊙⋈◻⋈◻⋈⊙⋈◻⋈⊙⋈◻⋈◻⋈≺⋈◻⋈◻⋈◻⋈◻⋈◻⋈◻⋈⊙⋈◻⋈⊙⋈◻⋈◻⋈◻⋈◻⋈◻⋈⊙⋈◻⋈⊙⋈◻⋈◻⋈◻⋈◻⋈⊙⋈◻⋈⊙⋈◻⋈◻⋈◻⋈◻⋈⊙⋈◻⋈⊙⋈◻⋈◻⋈◻⋈◻⋈◻⋈◻⋈◻⋈◻⋈⊙⋈◻⋈◻⋈◻⋈◻⋈◻⋈◻⋈◻⋈◻⋈◻⋈◻⋈◻⋈◻⋈⊙⋈◻⋈◻⋈⊙⋈◻⋈⊙⋈◻⋈◻⋈◻⋈◻⋈◻⋈◻⋈◻⋈◻⋈◻⋈◻⋈◻⋈◻⋈◻⋈⊙⋈◻⋈⊙⋈◻⋈◻⋈◻⋈◻⋈◻⋈◻⋈◻⋈◻⋈⊙⋈◻⋈◻⋈◻⋈◻⋈◻⋈◻⋈◻⋈◻⋈◻⋈◻⋈◻⋈◻⋈⊙⋈◻⋈◻⋈⊙⋈◻⋈⊙⋈◻⋈◻⋈◻⋈◻⋈◻⋈◻⋈⊙⋈◻⋈⊙⋈◻⋈◻⋈◻⋈◻⋈⊙⋈◻⋈⊙⋈◻⋈◻⋈◻⋈◻⋈⊙⋈◻⋈⊙⋈◻⋈◻⋈◻⋈◻⋈◻⋈◻⋈◻⋈◻⋈⊙⋈◻⋈◻⋈◻⋈◻⋈◻⋈◻⋈◻⋈◻⋈◻⋈◻⋈◻⋈◻⋈⊙⋈◻⋈◻⋈⊙⋈◻⋈⊙⋈◻⋈◻⋈◻⋈◻⋈◻⋈◻⋈⊙⋈◻⋈⊙⋈◻⋈◻⋈◻⋈◻⋈◻⋈⊙⋈◻⋈⊙⋈◻⋈◻⋈◻⋈◻⋈⊙⋈◻⋈⊙⋈◻⋈◻⋈◻⋈◻⋈⊙⋈◻⋈⊙⋈◻⋈◻⋈◻⋈◻⋈◻⋈◻⋈◻⋈◻⋈⊙⋈◻⋈◻⋈◻⋈◻⋈◻⋈◻⋈◻⋈◻⋈◻⋈◻⋈◻⋈◻⋈⊙⋈◻⋈◻⋈⊙⋈◻⋈⊙⋈◻⋈◻⋈◻⋈◻⋈◻⋈◻⋈◻⋈◻⋈◻⋈◻⋈◻⋈◻⋈⊙⋈◻⋈⊙⋈◻⋈◻⋈◻⋈◻⋈⊙⋈◻⋈⊙⋈◻⋈◻⋈◻⋈◻⋈◻⋈◻⋈◻⋈◻⋈◻⋈◻⋈◻⋈⊙⋈◻⋈⊙⋈◻⋈◻⋈◻⋈◻⋈⊙⋈◻⋈⊙⋈◻⋈◻⋈◻⋈◻⋈◻⋈◻⋈⊙⋈◻⋈◻⋈⊙⋈◻⋈⊙⋈◻⋈⊙⋈◻⋈◻⋈⊙⋈◻⋈⊙⋈◻⋈◻⋈◻⋈◻⋈◻⋈◻⋈⊙⋈◻⋈◻⋈⊙⋈◻⋈⊙⋈◻⋈⊙⋈◻⋈◻⋈⊙⋈◻⋈⊙⋈◻⋈◻⋈◻⋈◻⋈⊙⋈◻⋈⊙⋈◻⋈◻⋈◻⋈◻⋈⊙⋈◻⋈⊙⋈◻⋈◻⋈◻⋈◻⋈◻⋈◻⋈◻⋈◻⋈◻⋈◻⋈◻⋈◻⋈◻⋈◻⋈◻⋈⊙⋈◻⋈⊙⋈◻⋈◻⋈◻⋈◻⋈⊙⋈◻⋈⊙⋈◻⋈◻⋈◻⋈◻⋈◻⋈◻⋈◻⋈◻⋈◻⋈◻⋈◻⋈⊙⋈◻⋈⊙⋈◻⋈◻⋈◻⋈◻⋈⊙⋈◻⋈⊙⋈◻⋈◻⋈◻⋈◻⋈◻⋈◻⋈⊙⋈◻⋈◻⋈⊙⋈◻⋈⊙⋈◻⋈⊙⋈◻⋈◻⋈⊙⋈◻⋈⊙⋈◻⋈◻⋈◻⋈◻⋈◻⋈◻⋈⊙⋈◻⋈◻⋈⊙⋈◻⋈⊙⋈◻⋈⊙⋈◻⋈◻⋈⊙⋈◻⋈⊙⋈◻⋈◻⋈◻⋈◻⋈⊙⋈◻⋈⊙⋈◻⋈◻⋈◻⋈◻⋈⊙⋈◻⋈⊙⋈◻⋈◻⋈◻⋈◻⋈◻⋈◻⋈≺⋈◻⋈◻⋈◻⋈◻⋈◻⋈◻⋈◻⋈◻⋈◻⋈◻⋈◻⋈◻⋈⊙⋈◻⋈⊙⋈◻⋈◻⋈◻⋈◻⋈⊙⋈◻⋈⊙⋈◻⋈◻⋈◻⋈◻⋈◻⋈⊙⋈◻⋈⊙⋈◻⋈◻⋈◻⋈◻⋈⊙⋈◻⋈⊙⋈◻⋈◻⋈◻⋈◻⋈⊙⋈◻⋈⊙⋈◻⋈◻⋈◻⋈◻⋈◻⋈◻⋈◻⋈◻⋈⊙⋈◻⋈◻⋈◻⋈◻⋈◻⋈◻⋈◻⋈◻⋈◻⋈◻⋈◻⋈◻⋈⊙⋈◻⋈◻⋈⊙⋈◻⋈⊙⋈◻⋈◻⋈◻⋈◻⋈◻⋈◻⋈◻⋈◻⋈◻⋈◻⋈◻⋈◻⋈◻⋈⊙⋈◻⋈⊙⋈◻⋈◻⋈◻⋈◻⋈⊙⋈◻⋈⊙⋈◻⋈◻⋈◻⋈◻⋈◻⋈◻⋈◻⋈◻⋈⊙⋈◻⋈◻⋈◻⋈◻⋈◻⋈◻⋈◻⋈◻⋈◻⋈◻⋈◻⋈◻⋈⊙⋈◻⋈◻⋈⊙⋈◻⋈⊙⋈◻⋈◻⋈◻⋈◻⋈◻⋈◻⋈⊙⋈◻⋈⊙⋈◻⋈◻⋈◻⋈◻⋈⊙⋈◻⋈⊙⋈◻⋈◻⋈◻⋈◻⋈⊙⋈◻⋈⊙⋈◻⋈◻⋈◻⋈◻⋈◻⋈◻⋈◻⋈◻⋈⊙⋈◻⋈◻⋈◻⋈◻⋈◻⋈◻⋈◻⋈◻⋈◻⋈◻⋈◻⋈◻⋈⊙⋈◻⋈◻⋈⊙⋈◻⋈⊙⋈◻⋈◻⋈◻⋈◻⋈◻⋈◻⋈⊙⋈◻⋈⊙⋈◻⋈◻⋈◻⋈◻⋈⊙⋈◻⋈⊙⋈◻⋈◻⋈◻⋈◻⋈◻⋈⊙⋈◻⋈⊙⋈◻⋈◻⋈◻⋈◻⋈⊙⋈◻⋈⊙⋈◻⋈◻⋈◻⋈◻⋈⊙⋈◻⋈⊙⋈◻⋈◻⋈◻⋈◻⋈◻⋈◻⋈◻⋈◻⋈⊙⋈◻⋈◻⋈◻⋈◻⋈◻⋈◻⋈◻⋈◻⋈◻⋈◻⋈◻⋈◻⋈⊙⋈◻⋈◻⋈⊙⋈◻⋈⊙⋈◻⋈◻⋈≺⋈◻⋈◻⋈◻⋈◻⋈◻⋈◻⋈◻⋈◻⋈◻⋈◻⋈◻⋈◻⋈⊙⋈◻⋈⊙⋈◻⋈◻⋈◻⋈◻⋈⊙⋈◻⋈⊙⋈◻⋈◻⋈◻⋈◻⋈⊙⋈◻⋈⊙⋈◻⋈◻⋈◻⋈◻⋈◻⋈⊙⋈◻⋈⊙⋈◻⋈◻⋈◻⋈◻⋈⊙⋈◻⋈⊙⋈◻⋈◻⋈◻⋈◻⋈◻⋈◻⋈◻⋈⊙⋈◻⋈⊙⋈◻⋈◻⋈◻⋈◻⋈◻⋈◻⋈◻⋈◻⋈⊙⋈◻⋈◻⋈◻⋈◻⋈◻⋈◻⋈◻⋈◻⋈◻⋈◻⋈◻⋈◻⋈⊙⋈◻⋈◻⋈⊙⋈◻⋈⊙⋈◻⋈◻⋈◻⋈◻⋈◻⋈◻⋈◻⋈◻⋈◻⋈◻⋈◻⋈◻⋈◻⋈⊙⋈◻⋈⊙⋈◻⋈◻⋈◻⋈◻⋈⊙⋈◻⋈⊙⋈◻⋈◻⋈◻⋈◻⋈⊙⋈◻⋈⊙⋈◻⋈◻⋈◻⋈◻⋈◻⋈◻⋈◻⋈◻⋈⊙⋈◻⋈◻⋈◻⋈◻⋈◻⋈◻⋈◻⋈◻⋈◻⋈◻⋈◻⋈◻⋈⊙⋈◻⋈◻⋈⊙⋈◻⋈⊙⋈◻⋈◻⋈◻⋈◻⋈◻⋈◻⋈⊙⋈◻⋈⊙⋈◻⋈◻⋈◻⋈◻⋈⊙⋈◻⋈⊙⋈◻⋈◻⋈◻⋈◻⋈◻⋈◻⋈◻⋈⊙⋈◻⋈⊙⋈◻⋈◻⋈◻⋈◻⋈◻⋈◻⋈◻⋈◻⋈⊙⋈◻⋈◻⋈◻⋈◻⋈◻⋈◻⋈◻⋈◻⋈◻⋈◻⋈◻⋈◻⋈⊙⋈◻⋈◻⋈⊙⋈◻⋈⊙⋈◻⋈◻⋈◻⋈◻⋈◻⋈◻⋈⊙⋈◻⋈⊙⋈◻⋈◻⋈◻⋈◻⋈⊙⋈◻⋈⊙⋈◻⋈◻⋈◻⋈◻⋈⊙⋈◻⋈⊙⋈◻⋈◻⋈◻⋈◻⋈◻⋈⊙⋈◻⋈⊙⋈◻⋈◻⋈◻⋈◻⋈⊙⋈◻⋈⊙⋈◻⋈◻⋈◻⋈◻⋈◻⋈◻⋈◻⋈⊙⋈◻⋈⊙⋈◻⋈◻⋈◻⋈◻⋈◻⋈◻⋈◻⋈◻⋈⊙⋈◻⋈◻⋈◻⋈◻⋈◻⋈◻⋈◻⋈◻⋈◻⋈◻⋈◻⋈◻⋈⊙⋈◻⋈◻⋈⊙⋈◻⋈⊙⋈◻⋈◻⋈◻⋈◻⋈◻⋈◻⋈◻⋈⊙⋈◻⋈⊙⋈◻⋈◻⋈◻⋈◻⋈⊙⋈◻⋈⊙⋈◻⋈◻⋈◻⋈◻⋈◻⋈◻⋈◻⋈◻⋈⊙⋈◻⋈◻⋈◻⋈◻⋈◻⋈◻⋈◻⋈◻⋈◻⋈◻⋈◻⋈◻⋈⊙⋈◻⋈◻⋈⊙⋈◻⋈⊙⋈◻⋈◻⋈◻⋈◻⋈◻⋈◻⋈⊙⋈◻⋈⊙⋈≺⋈◻⋈◻⋈◻⋈◻⋈◻⋈◻⋈◻⋈◻⋈◻⋈◻⋈◻⋈◻⋈⊙⋈◻⋈⊙⋈◻⋈◻⋈◻⋈◻⋈⊙⋈◻⋈⊙⋈◻⋈◻⋈◻⋈◻⋈⊙⋈◻⋈⊙⋈◻⋈◻⋈◻⋈◻⋈◻⋈⊙⋈◻⋈⊙⋈◻⋈◻⋈◻⋈◻⋈◻⋈◻⋈◻⋈◻⋈⊙⋈◻⋈◻⋈◻⋈◻⋈◻⋈◻⋈◻⋈◻⋈◻⋈◻⋈◻⋈◻⋈⊙⋈◻⋈◻⋈⊙⋈◻⋈⊙⋈◻⋈◻⋈◻⋈◻⋈◻⋈◻⋈◻⋈◻⋈◻⋈◻⋈◻⋈◻⋈◻⋈⊙⋈◻⋈⊙⋈◻⋈◻⋈◻⋈◻⋈⊙⋈◻⋈⊙⋈◻⋈◻⋈◻⋈◻⋈⊙⋈◻⋈⊙⋈◻⋈◻⋈◻⋈◻⋈◻⋈◻⋈◻⋈◻⋈⊙⋈◻⋈◻⋈◻⋈◻⋈◻⋈◻⋈◻⋈◻⋈◻⋈◻⋈◻⋈◻⋈⊙⋈◻⋈◻⋈⊙⋈◻⋈⊙⋈◻⋈◻⋈◻⋈◻⋈◻⋈◻⋈⊙⋈◻⋈⊙⋈◻⋈◻⋈◻⋈◻⋈◻⋈◻⋈◻⋈◻⋈⊙⋈◻⋈◻⋈◻⋈◻⋈◻⋈◻⋈◻⋈◻⋈◻⋈◻⋈◻⋈◻⋈⊙⋈◻⋈◻⋈⊙⋈◻⋈⊙⋈◻⋈◻⋈◻⋈◻⋈◻⋈◻⋈⊙⋈◻⋈⊙⋈◻⋈◻⋈◻⋈◻⋈⊙⋈◻⋈⊙⋈◻⋈◻⋈◻⋈◻⋈⊙⋈◻⋈⊙⋈◻⋈◻⋈◻⋈◻⋈◻⋈⊙⋈◻⋈⊙⋈◻⋈◻⋈◻⋈◻⋈◻⋈◻⋈◻⋈◻⋈⊙⋈◻⋈◻⋈◻⋈◻⋈◻⋈◻⋈◻⋈◻⋈◻⋈◻⋈◻⋈◻⋈⊙⋈◻⋈◻⋈⊙⋈◻⋈⊙⋈◻⋈◻⋈≺⋈◻⋈◻⋈◻⋈◻⋈◻⋈◻⋈◻⋈◻⋈◻⋈◻⋈◻⋈◻⋈⊙⋈◻⋈⊙⋈◻⋈◻⋈◻⋈◻⋈⊙⋈◻⋈⊙⋈◻⋈◻⋈◻⋈◻⋈◻⋈⊙⋈◻⋈⊙⋈◻⋈◻⋈◻⋈◻⋈⊙⋈◻⋈⊙⋈◻⋈◻⋈◻⋈◻⋈⊙⋈◻⋈⊙⋈◻⋈◻⋈◻⋈◻⋈◻⋈◻⋈◻⋈◻⋈⊙⋈◻⋈◻⋈◻⋈◻⋈◻⋈◻⋈◻⋈◻⋈◻⋈◻⋈◻⋈◻⋈⊙⋈◻⋈◻⋈⊙⋈◻⋈⊙⋈◻⋈◻⋈◻⋈◻⋈◻⋈◻⋈◻⋈◻⋈◻⋈◻⋈◻⋈◻⋈◻⋈⊙⋈◻⋈⊙⋈◻⋈◻⋈◻⋈◻⋈⊙⋈◻⋈⊙⋈◻⋈◻⋈◻⋈◻⋈◻⋈◻⋈◻⋈◻⋈⊙⋈◻⋈◻⋈◻⋈◻⋈◻⋈◻⋈◻⋈◻⋈◻⋈◻⋈◻⋈◻⋈⊙⋈◻⋈◻⋈⊙⋈◻⋈⊙⋈◻⋈◻⋈◻⋈◻⋈◻⋈◻⋈⊙⋈◻⋈⊙⋈◻⋈◻⋈◻⋈◻⋈⊙⋈◻⋈⊙⋈◻⋈◻⋈◻⋈◻⋈⊙⋈◻⋈⊙⋈◻⋈◻⋈◻⋈◻⋈◻⋈◻⋈◻⋈◻⋈⊙⋈◻⋈◻⋈◻⋈◻⋈◻⋈◻⋈◻⋈◻⋈◻⋈◻⋈◻⋈◻⋈⊙⋈◻⋈◻⋈⊙⋈◻⋈⊙⋈◻⋈◻⋈◻⋈◻⋈◻⋈◻⋈⊙⋈◻⋈⊙⋈◻⋈◻⋈◻⋈◻⋈⊙⋈◻⋈⊙⋈◻⋈◻⋈◻⋈◻⋈◻⋈⊙⋈◻⋈⊙⋈◻⋈◻⋈◻⋈◻⋈⊙⋈◻⋈⊙⋈◻⋈◻⋈◻⋈◻⋈⊙⋈◻⋈⊙⋈◻⋈◻⋈◻⋈◻⋈◻⋈◻⋈◻⋈◻⋈⊙⋈◻⋈◻⋈◻⋈◻⋈◻⋈◻⋈◻⋈◻⋈◻⋈◻⋈◻⋈◻⋈⊙⋈◻⋈◻⋈⊙⋈◻⋈⊙⋈◻⋈◻⊥◻⋈◻⋈◻⋈◻⋈◻⋈◻⋈⊙⋈◻⋈⊙⋈◻⋈◻⋈◻⋈◻⋈⊙⋈◻⋈⊙⋈◻⋈◻⋈◻⋈◻⋈◻⋈◻⋈◻⋈◻⋈◻⋈⊙⋈◻⋈⊙⋈◻⋈◻⋈◻⋈◻⋈⊙⋈◻⋈⊙⋈◻⋈◻⋈◻⋈◻⋈◻⋈◻⋈◻⋈◻⋈⊙⋈◻⋈⊙⋈◻⋈◻⋈◻⋈◻⋈⊙⋈◻⋈⊙⋈◻⋈◻⋈◻⋈◻⋈◻⋈◻⋈◻⋈◻⋈◻⋈◻⋈◻⋈◻⋈◻⋈⊙⋈◻⋈⊙⋈◻⋈◻⋈◻⋈◻⋈⊙⋈◻⋈⊙⋈◻⋈◻⋈◻⋈◻⋈◻⋈◻⋈◻⋈◻⋈⊙⋈◻⋈⊙⋈◻⋈◻⋈◻⋈◻⋈⊙⋈◻⋈⊙⋈◻⋈◻⋈◻⋈◻⋈◻⋈◻⋈◻⋈◻⋈◻⋈⊙⋈◻⋈⊙⋈◻⋈◻⋈◻⋈◻⋈⊙⋈◻⋈⊙⋈◻⋈◻⋈◻⋈◻⋈◻⋈◻⋈◻⋈◻⋈◻⋈◻⋈◻⋈◻⋈◻⋈◻⋈◻⋈⊙⋈◻⋈◻⋈⊙⋈◻⋈⊙⋈◻⋈◻⋈◻⋈◻⋈◻⋈⊙⋈◻⋈◻⋈◻⋈◻⋈◻⋈◻⋈◻⋈◻⋈⊙⋈◻⋈⊙⋈◻⋈◻⋈◻⋈◻⋈◻⋈◻⋈⊙⋈◻⋈⊙⋈◻⋈◻⋈◻⋈◻⋈⊙⋈◻⋈⊙⋈◻⋈◻⋈◻⋈◻⋈◻⋈◻⋈◻⋈◻⋈◻⋈◻⋈◻⋈◻⋈◻⋈◻⋈◻⋈⊙⋈◻⋈◻⋈⊙⋈◻⋈⊙⋈◻⋈◻⋈◻⋈◻⋈◻⋈⊙⋈◻⋈◻⋈◻⋈◻⋈◻⋈◻⋈◻⋈◻⋈⊙⋈◻⋈⊙⋈◻⋈◻⋈◻⋈◻⋈⊙⋈◻⋈⊙⋈◻⋈◻⋈◻⋈◻⋈⊙⋈◻⋈⊙⋈◻⋈◻⋈◻⋈◻⋈◻⋈◻⋈◻⋈◻⋈◻⋈◻⋈◻⋈◻⋈◻⋈◻⋈◻⋈⊙⋈◻⋈◻⋈⊙⋈◻⋈⊙⋈◻⋈◻⋈◻⋈◻⋈◻⋈⊙⋈◻⋈◻⋈◻⋈◻⋈◻⋈◻⋈⊙⋈◻⋈⊙⋈◻⋈◻⋈◻⋈◻⋈◻⋈◻⋈◻⋈◻⋈◻⋈◻⋈◻⋈◻⋈◻⋈◻⋈◻⋈◻⋈◻⋈◻⋈◻⋈◻⋈◻⋈◻⋈◻⋈◻⋈◻⋈◻⋈⊙⋈◻⋈⊙⋈◻⋈◻⋈◻⋈◻⋈◻⋈◻⋈◻⋈⊙⋈◻⋈◻⋈⊙⋈◻⋈⊙⋈◻⋈◻⋈◻⋈◻⋈◻⋈◻⋈◻⋈⊙⋈◻⋈◻⋈⊙⋈◻⋈⊙⋈◻⋈◻⋈◻⋈◻⋈◻⋈◻⋈◻⋈◻⋈◻⋈◻⋈⊙⋈◻⋈◻⋈⊙⋈◻⋈⊙⋈◻⋈◻⋈◻⋈◻⋈◻⋈◻⋈◻⋈◻⋈◻⋈◻⋈◻⋈⊙⋈◻⋈⊙⋈◻⋈◻⋈◻⋈◻⋈⊙⋈◻⋈⊙⋈◻⋈◻⋈◻⋈◻⋈⊙⋈◻⋈⊙⋈◻⋈◻⋈◻⋈◻⋈◻⋈⊙⋈◻⋈⊙⋈◻⋈◻⋈◻⋈◻⋈⊙⋈◻⋈⊙⋈◻⋈◻⋈◻⋈◻⋈⊙⋈◻⋈⊙⋈◻⋈◻⋈◻⋈◻⋈◻⋈◻⋈◻⋈◻⋈◻⋈◻⋈◻⋈◻⋈◻⋈◻⋈◻⋈⊙⋈◻⋈◻⋈⊙⋈◻⋈⊙⋈◻⋈◻⋈◻⋈◻⋈◻⋈⊙⋈◻⋈◻⋈◻⋈◻⋈◻⋈◻⋈◻⋈◻⋈◻⋈◻⋈◻⋈◻⋈◻⋈◻⋈◻⋈◻⋈◻⋈◻⋈◻⋈◻⋈◻⋈◻⋈◻⋈⊙⋈◻⋈⊙⋈◻⋈◻⋈◻⋈◻⋈◻⋈◻⋈◻⋈⊙⋈◻⋈◻⋈⊙⋈◻⋈⊙⋈◻⋈◻⋈◻⋈◻⋈◻⋈◻⋈◻⋈⊙⋈◻⋈◻⋈⊙⋈◻⋈⊙⋈◻⋈◻⋈◻⋈◻⋈◻⋈◻⋈◻⋈◻⋈◻⋈◻⋈⊙⋈◻⋈◻⋈⊙⋈◻⋈⊙⋈◻⋈◻⋈◻⋈◻⋈⊙⋈◻⋈◻⋈◻⋈◻⋈◻⋈◻⋈◻⋈◻⋈◻⋈◻⋈◻⋈◻⋈◻⋈◻⋈◻⋈◻⋈◻⋈◻⋈◻⋈⊙⋈◻⋈⊙⋈◻⋈◻⋈◻⋈◻⋈◻⋈◻⋈◻⋈⊙⋈◻⋈◻⋈⊙⋈◻⋈⊙⋈◻⋈◻⋈◻⋈◻⋈◻⋈◻⋈◻⋈⊙⋈◻⋈◻⋈⊙⋈◻⋈⊙⋈◻⋈⊙⋈◻⋈◻⋈◻⋈◻⋈◻⋈◻⋈◻⋈◻⋈◻⋈◻⋈◻⋈◻⋈◻⋈◻⋈◻⋈◻⋈⊙⋈◻⋈⊙⋈◻⋈◻⋈◻⋈◻⋈◻⋈◻⋈◻⋈⊙⋈◻⋈◻⋈⊙⋈◻⋈⊙⋈◻⋈◻⋈◻⋈◻⋈◻⋈◻⋈◻⋈⊙⋈◻⋈◻⋈⊙⋈◻⋈⊙⋈⊙⋈◻⋈◻⋈◻⋈◻⋈◻⋈◻⋈◻⋈◻⋈◻⋈◻⋈◻⋈◻⋈◻⋈◻⋈◻⋈◻⋈◻⋈◻⋈◻⋈◻⋈◻⋈◻⋈◻⋈◻⋈◻⋈◻⋈◻⋈◻⋈⊙⋈◻⋈⊙⋈◻⋈◻⋈◻⋈◻⋈◻⋈◻⋈◻⋈⊙⋈◻⋈◻⋈⊙⋈◻⋈⊙⋈◻⋈◻⋈◻⋈◻⋈◻⋈◻⋈◻⋈⊙⋈◻⋈◻⋈⊙⋈◻⋈⊙⋈◻⋈◻⋈◻⋈◻⋈◻⋈◻⋈◻⋈◻⋈◻⋈◻⋈⊙⋈◻⋈◻⋈⊙⋈◻⋈⊙⋈◻⋈◻⋈◻⋈◻⋈◻⋈◻⋈◻⋈◻⋈◻⋈◻⋈◻⋈◻⋈◻⋈◻⋈◻⋈◻⋈◻⋈◻⋈⊙⋈◻⋈⊙⋈◻⋈◻⋈◻⋈◻⋈⊙⋈◻⋈⊙⋈◻⋈◻⋈◻⋈◻⋈◻⋈⊙⋈◻⋈⊙⋈◻⋈◻⋈◻⋈◻⋈◻⋈◻⋈◻⋈⊙⋈◻⋈⊙⋈◻⋈◻⋈◻⋈◻⋈⊙⋈◻⋈⊙⋈◻⋈◻⋈◻⋈◻⋈◻⋈◻⋈◻⋈◻⋈◻⋈◻⋈◻⋈◻⋈◻⋈◻⋈◻⋈⊙⋈◻⋈◻⋈⊙⋈◻⋈⊙⋈◻⋈◻⋈◻⋈◻⋈◻⋈⊙⋈◻⋈◻⋈◻⋈◻⋈◻⋈◻⋈◻⋈◻⋈◻⋈◻⋈◻⋈◻⋈◻⋈⊙⋈◻⋈⊙⋈◻⋈◻⋈◻⋈◻⋈⊙⋈◻⋈⊙⋈◻⋈◻⋈◻⋈◻⋈⊙⋈◻⋈⊙⋈◻⋈◻⋈◻⋈◻⋈◻⋈⊙⋈◻⋈⊙⋈◻⋈◻⋈◻⋈◻⋈◻⋈◻⋈◻⋈◻⋈◻⋈◻⋈◻⋈◻⋈◻⋈◻⋈◻⋈⊙⋈◻⋈◻⋈⊙⋈◻⋈⊙⋈◻⋈◻⋈◻⋈◻⋈◻⋈⊙⋈◻⋈◻⋈◻⋈◻⋈◻⋈◻⋈◻⋈◻⋈◻⋈◻⋈◻⋈◻⋈◻⋈⊙⋈◻⋈⊙⋈◻⋈◻⋈◻⋈◻⋈⊙⋈◻⋈⊙⋈◻⋈◻⋈◻⋈◻⋈⊙⋈◻⋈⊙⋈◻⋈◻⋈◻⋈◻⋈◻⋈⊙⋈◻⋈⊙⋈◻⋈◻⋈◻⋈◻⋈⊙⋈◻⋈⊙⋈◻⋈◻⋈◻⋈◻⋈⊙⋈◻⋈⊙⋈◻⋈◻⋈◻⋈◻⋈◻⋈◻⋈◻⋈◻⋈◻⋈◻⋈◻⋈◻⋈◻⋈◻⋈◻⋈⊙⋈◻⋈◻⋈⊙⋈◻⋈⊙⋈◻⋈◻⋈◻⋈◻⋈◻⋈⊙⋈◻⋈◻⋈◻⋈◻⋈◻⋈◻⋈◻⋈◻⋈◻⋈◻⋈◻⋈◻⋈◻⋈◻⋈◻⋈◻⋈◻⋈◻⋈◻⋈◻⋈◻⋈◻⋈⊙⋈◻⋈⊙⋈◻⋈◻⋈◻⋈◻⋈◻⋈◻⋈◻⋈⊙⋈◻⋈◻⋈⊙⋈◻⋈⊙⋈◻⋈◻⋈◻⋈◻⋈◻⋈◻⋈◻⋈⊙⋈◻⋈◻⋈⊙⋈◻⋈⊙⋈◻⋈◻⋈◻⋈◻⋈◻⋈◻⋈◻⋈◻⋈◻⋈◻⋈◻⋈⊙⋈◻⋈⊙⋈◻⋈◻⋈◻⋈◻⋈⊙⋈◻⋈⊙⋈◻⋈◻⋈◻⋈◻⋈◻⋈⊙⋈◻⋈⊙⋈◻⋈◻⋈◻⋈◻⋈◻⋈◻⋈◻⋈⊙⋈◻⋈⊙⋈◻⋈◻⋈◻⋈◻⋈⊙⋈◻⋈⊙⋈◻⋈◻⋈◻⋈◻⋈◻⋈◻⋈◻⋈◻⋈◻⋈◻⋈◻⋈◻⋈◻⋈◻⋈◻⋈⊙⋈◻⋈◻⋈⊙⋈◻⋈⊙⋈◻⋈◻⋈◻⋈◻⋈◻⋈⊙⋈◻⋈◻⋈◻⋈◻⋈◻⋈◻⋈◻⋈◻⋈◻⋈◻⋈◻⋈◻⋈⊙⋈◻⋈◻⋈⊙⋈◻⋈⊙⋈◻⋈◻⋈◻⋈◻⋈◻⋈◻⋈◻⋈◻⋈◻⋈◻⋈◻⋈⊙⋈◻⋈⊙⋈◻⋈◻⋈◻⋈◻⋈⊙⋈◻⋈⊙⋈◻⋈◻⋈◻⋈◻⋈⊙⋈◻⋈⊙⋈◻⋈◻⋈◻⋈◻⋈◻⋈⊙⋈◻⋈⊙⋈◻⋈◻⋈◻⋈◻⋈◻⋈◻⋈◻⋈◻⋈◻⋈◻⋈◻⋈◻⋈◻⋈◻⋈◻⋈⊙⋈◻⋈◻⋈⊙⋈◻⋈⊙⋈◻⋈◻⋈◻⋈◻⋈◻⋈⊙⋈◻⋈◻⋈◻⋈◻⋈◻⋈◻⋈◻⋈◻⋈◻⋈◻⋈◻⋈◻⋈◻⋈◻⋈◻⋈◻⋈◻⋈◻⋈◻⋈◻⋈◻⋈◻⋈◻⋈⊙⋈◻⋈⊙⋈◻⋈◻⋈◻⋈◻⋈◻⋈◻⋈◻⋈⊙⋈◻⋈◻⋈⊙⋈◻⋈⊙⋈◻⋈◻⋈◻⋈◻⋈◻⋈◻⋈◻⋈⊙⋈◻⋈◻⋈⊙⋈◻⋈⊙⋈◻⋈◻⋈◻⋈◻⋈◻⋈◻⋈◻⋈◻⋈◻⋈◻⋈◻⋈◻⋈◻⋈◻⋈◻⋈◻⋈◻⋈◻⋈◻⋈⊙⋈◻⋈⊙⋈◻⋈◻⋈◻⋈◻⋈◻⋈◻⋈◻⋈⊙⋈◻⋈◻⋈⊙⋈◻⋈⊙⋈◻⋈◻⋈◻⋈◻⋈◻⋈◻⋈◻⋈◻⋈◻⋈◻⋈⊙⋈◻⋈◻⋈⊙⋈◻⋈⊙⋈◻⋈◻⋈◻⋈◻⋈◻⋈◻⋈◻⋈◻⋈◻⋈◻⋈◻⋈⊙⋈◻⋈⊙⋈◻⋈◻⋈◻⋈◻⋈⊙⋈◻⋈⊙⋈◻⋈◻⋈◻⋈◻⋈◻⋈⊙⋈◻⋈⊙⋈◻⋈◻⋈◻⋈◻⋈◻⋈◻⋈◻⋈⊙⋈◻⋈⊙⋈◻⋈◻⋈◻⋈◻⋈⊙⋈◻⋈⊙⋈◻⋈◻⋈◻⋈◻⋈◻⋈◻⋈◻⋈◻⋈◻⋈◻⋈◻⋈◻⋈◻⋈◻⋈◻⋈⊙⋈◻⋈◻⋈⊙⋈◻⋈⊙⋈◻⋈◻⋈◻⋈◻⋈◻⋈⊙⋈◻⋈◻⋈◻⋈◻⋈◻⋈◻⋈◻⋈◻⋈◻⋈◻⋈◻⋈◻⋈⊙⋈◻⋈⊙⋈◻⋈◻⋈◻⋈◻⋈◻⋈◻⋈◻⋈⊙⋈◻⋈◻⋈⊙⋈◻⋈⊙⋈◻⋈◻⋈◻⋈◻⋈◻⋈◻⋈◻⋈⊙⋈◻⋈◻⋈⊙⋈◻⋈⊙⋈◻⋈◻⋈◻⋈◻⋈◻⋈◻⋈◻⋈◻⋈◻⋈◻⋈◻⋈◻⋈◻⋈◻⋈◻⋈◻⋈◻⋈◻⋈◻⋈◻⋈◻⋈⊙⋈◻⋈⊙⋈◻⋈◻⋈◻⋈◻⋈◻⋈◻⋈◻⋈⊙⋈◻⋈◻⋈⊙⋈◻⋈⊙⋈◻⋈◻⋈◻⋈◻⋈◻⋈◻⋈◻⋈◻⋈◻⋈◻⋈⊙⋈◻⋈◻⋈⊙⋈◻⋈⊙⋈◻⋈◻⋈◻⋈◻⋈◻⋈◻⋈◻⋈◻⋈◻⋈◻⋈◻⋈◻⋈⊙⋈◻⋈⊙⋈◻⋈◻⋈◻⋈◻⋈◻⋈⊙⋈◻⋈⊙⋈◻⋈◻⋈◻⋈◻⋈⊙⋈◻⋈⊙⋈◻⋈◻⋈◻⋈◻⋈◻⋈◻⋈◻⋈◻⋈◻⋈◻⋈◻⋈◻⋈◻⋈◻⋈◻⋈⊙⋈◻⋈◻⋈⊙⋈◻⋈⊙⋈◻⋈◻⋈◻⋈◻⋈◻⋈⊙⋈◻⋈◻⋈◻⋈◻⋈◻⋈◻⋈◻⋈◻⋈◻⋈◻⋈◻⋈◻⋈◻⋈⊙⋈◻⋈⊙⋈◻⋈◻⋈◻⋈◻⋈⊙⋈◻⋈⊙⋈◻⋈◻⋈◻⋈◻⋈⊙⋈◻⋈⊙⋈◻⋈◻⋈◻⋈◻⋈◻⋈⊙⋈◻⋈⊙⋈◻⋈◻⋈◻⋈◻⋈⊙⋈◻⋈⊙⋈◻⋈◻⋈◻⋈◻⋈◻⋈◻⋈◻⋈◻⋈◻⋈◻⋈◻⋈◻⋈◻⋈◻⋈◻⋈⊙⋈◻⋈◻⋈⊙⋈◻⋈⊙⋈◻⋈◻⋈◻⋈◻⋈◻⋈⊙⋈◻⋈◻⋈◻⋈◻⋈◻⋈◻⋈◻⋈◻⋈◻⋈◻⋈◻⋈◻⋈◻⋈⊙⋈◻⋈⊙⋈◻⋈◻⋈◻⋈◻⋈⊙⋈◻⋈⊙⋈◻⋈◻⋈◻⋈◻⋈◻⋈⊙⋈◻⋈⊙⋈◻⋈◻⋈◻⋈◻⋈◻⋈◻⋈◻⋈⊙⋈◻⋈⊙⋈◻⋈◻⋈◻⋈◻⋈⊙⋈◻⋈⊙⋈◻⋈◻⋈◻⋈◻⋈◻⋈◻⋈◻⋈◻⋈◻⋈◻⋈◻⋈◻⋈◻⋈◻⋈◻⋈⊙⋈◻⋈◻⋈⊙⋈◻⋈⊙⋈◻⋈◻⋈◻⋈◻⋈◻⋈⊙⋈◻⋈◻⋈◻⋈◻⋈◻⋈◻⋈◻⋈◻⋈◻⋈◻⋈◻⋈◻⋈◻⋈◻⋈◻⋈⊙⋈◻⋈⊙⋈◻⋈◻⋈◻⋈◻⋈◻⋈◻⋈◻⋈⊙⋈◻⋈◻⋈⊙⋈◻⋈⊙⋈◻⋈◻⋈◻⋈◻⋈◻⋈⊙⋈◻⋈⊙⋈◻⋈◻⋈◻⋈◻⋈◻⋈⊙⋈◻⋈⊙⋈◻⋈◻⋈◻⋈◻⋈⊙⋈◻⋈⊙⋈◻⋈◻⋈◻⋈◻⋈◻⋈◻⋈◻⋈◻⋈◻⋈◻⋈◻⋈◻⋈◻⋈◻⋈◻⋈⊙⋈◻⋈◻⋈⊙⋈◻⋈⊙⋈◻⋈◻⋈◻⋈◻⋈◻⋈⊙⋈◻⋈◻⋈◻⋈◻⋈◻⋈◻⋈◻⋈◻⋈◻⋈◻⋈◻⋈◻⋈⊙⋈◻⋈◻⋈⊙⋈◻⋈⊙⋈◻⋈◻⋈◻⋈◻⋈◻⋈◻⋈◻⋈◻⋈◻⋈◻⋈◻⋈⊙⋈◻⋈⊙⋈◻⋈◻⋈◻⋈◻⋈⊙⋈◻⋈⊙⋈◻⋈◻⋈◻⋈◻⋈⊙⋈◻⋈⊙⋈◻⋈◻⋈◻⋈◻⋈◻⋈⊙⋈◻⋈⊙⋈◻⋈◻⋈◻⋈◻⋈⊙⋈◻⋈⊙⋈◻⋈◻⋈◻⋈◻⋈◻⋈◻⋈◻⋈◻⋈◻⋈◻⋈◻⋈◻⋈◻⋈◻⋈◻⋈⊙⋈◻⋈◻⋈⊙⋈◻⋈⊙⋈◻⋈◻⋈◻⋈◻⋈◻⋈⊙⋈◻⋈◻⋈◻⋈◻⋈◻⋈◻⋈◻⋈◻⋈◻⋈◻⋈◻⋈◻⋈◻⋈◻⋈◻⋈◻⋈⊙⋈◻⋈⊙⋈◻⋈◻⋈◻⋈◻⋈◻⋈◻⋈◻⋈⊙⋈◻⋈◻⋈⊙⋈◻⋈⊙⋈◻⋈◻⋈◻⋈◻⋈◻⋈◻⋈◻⋈◻⋈◻⋈◻⋈◻⋈◻⋈⊙⋈◻⋈⊙⋈◻⋈◻⋈◻⋈◻⋈◻⋈◻⋈◻⋈◻⋈◻⋈◻⋈⊙⋈◻⋈◻⋈⊙⋈◻⋈⊙⋈◻⋈◻⋈◻⋈◻⋈◻⋈⊙⋈◻⋈⊙⋈◻⋈◻⋈◻⋈◻⋈◻⋈⊙⋈◻⋈⊙⋈◻⋈◻⋈◻⋈◻⋈⊙⋈◻⋈⊙⋈◻⋈◻⋈◻⋈◻⋈◻⋈◻⋈◻⋈◻⋈◻⋈◻⋈◻⋈◻⋈◻⋈◻⋈◻⋈⊙⋈◻⋈◻⋈⊙⋈◻⋈⊙⋈◻⋈◻⋈◻⋈◻⋈◻⋈⊙⋈◻⋈◻⋈◻⋈◻⋈◻⋈⊙⋈◻⋈⊙⋈◻⋈◻⋈◻⋈◻⋈◻⋈◻⋈◻⋈⊙⋈◻⋈◻⋈⊙⋈◻⋈⊙⋈◻⋈◻⋈◻⋈◻⋈◻⋈◻⋈◻⋈◻⋈◻⋈◻⋈◻⋈◻⋈◻⋈◻⋈⊙⋈◻⋈⊙⋈◻⋈◻⋈◻⋈◻⋈◻⋈◻⋈◻⋈◻⋈◻⋈◻⋈⊙⋈◻⋈◻⋈⊙⋈◻⋈⊙⋈◻⋈◻⋈◻⋈◻⋈◻⋈◻⋈◻⋈◻⋈◻⋈◻⋈◻⋈⊙⋈◻⋈⊙⋈◻⋈◻⋈◻⋈◻⋈◻⋈◻⋈◻⋈◻⋈◻⋈◻⋈◻⋈◻⋈◻⋈◻⋈◻⋈⊙⋈◻⋈◻⋈⊙⋈◻⋈⊙⋈◻⋈◻⋈◻⋈◻⋈◻⋈⊙⋈◻⋈◻⋈◻⋈◻⋈◻⋈◻⋈⊙⋈◻⋈⊙⋈◻⋈◻⋈◻⋈◻⋈◻⋈◻⋈◻⋈◻⋈◻⋈◻⋈◻⋈◻⋈◻⋈⊙⋈◻⋈◻⋈⊙⋈◻⋈⊙⋈◻⋈◻⋈◻⋈◻⋈◻⋈⊙⋈◻⋈◻⋈◻⋈◻⋈◻⋈◻⋈◻⋈⊙⋈◻⋈⊙⋈◻⋈◻⋈◻⋈◻⋈◻⋈⊙⋈◻⋈⊙⋈◻⋈◻⋈◻⋈◻⋈⊙⋈◻⋈⊙⋈◻⋈◻⋈◻⋈◻⋈◻⋈◻⋈◻⋈◻⋈◻⋈◻⋈◻⋈◻⋈◻⋈◻⋈◻⋈⊙⋈◻⋈◻⋈⊙⋈◻⋈⊙⋈◻⋈◻⋈◻⋈◻⋈◻⋈⊙⋈◻⋈◻⋈◻⋈◻⋈◻⋈◻⋈◻⋈◻⋈⊙⋈◻⋈⊙⋈◻⋈◻⋈◻⋈◻⋈⊙⋈◻⋈⊙⋈◻⋈◻⋈◻⋈◻⋈◻⋈◻⋈◻⋈◻⋈◻⋈◻⋈◻⋈◻⋈◻⋈◻⋈◻⋈⊙⋈◻⋈◻⋈⊙⋈◻⋈⊙⋈◻⋈◻⋈◻⋈◻⋈◻⋈⊙⋈◻⋈◻⋈◻⋈◻⋈◻⋈◻⋈◻⋈◻⋈◻⋈◻⋈◻⋈◻⋈⊙⋈◻⋈◻⋈⊙⋈◻⋈⊙⋈◻⋈◻⋈◻⋈◻⋈⊙⋈◻⋈⊙⋈◻⋈◻⋈◻⋈◻⋈◻⋈◻⋈◻⋈◻⋈◻⋈◻⋈◻⋈◻⋈◻⋈⊙⋈◻⋈◻⋈⊙⋈◻⋈⊙⋈◻⋈◻⋈◻⋈◻⋈◻⋈⊙⋈◻⋈◻⋈◻⋈◻⋈◻⋈◻⋈◻⋈◻⋈◻⋈◻⋈⊙⋈◻⋈⊙⋈◻⋈◻⋈◻⋈◻⋈⊙⋈◻⋈⊙⋈◻⋈◻⋈◻⋈◻⋈◻⋈◻⋈◻⋈◻⋈◻⋈◻⋈◻⋈◻⋈◻⋈◻⋈◻⋈⊙⋈◻⋈◻⋈⊙⋈◻⋈⊙⋈◻⋈◻⋈◻⋈◻⋈◻⋈⊙⋈◻⋈◻⋈◻⋈◻⋈◻⋈◻⋈◻⋈◻⋈◻⋈⊙⋈◻⋈⊙⋈◻⋈◻⋈◻⋈◻⋈◻⋈◻⋈◻⋈◻⋈◻⋈◻⋈◻⋈◻⋈⊙⋈◻⋈◻⋈⊙⋈◻⋈⊙⋈◻⋈◻⋈◻⋈◻⋈◻⋈◻⋈◻⋈◻⋈◻⋈◻⋈⊙⋈◻⋈◻⋈◻⋈◻⋈◻⋈⊙⋈◻⋈⊙⋈◻⋈◻⋈◻⋈◻⋈⊙⋈◻⋈⊙⋈◻⋈◻⋈◻⋈◻⋈◻⋈◻⋈◻⋈◻⋈◻⋈◻⋈◻⋈◻⋈◻⋈⊙⋈◻⋈◻⋈⊙⋈◻⋈⊙⋈◻⋈◻⋈◻⋈◻⋈◻⋈⊙⋈◻⋈◻⋈◻⋈⊙⋈◻⋈◻⋈⊙⋈◻⋈⊙⋈≺⋈◻⋈◻⋈◻⋈◻⋈◻⋈⊙⋈◻⋈⊙⋈◻⋈◻⋈◻⋈◻⋈◻⋈◻⋈◻⋈◻⋈◻⋈◻⋈◻⋈◻⋈◻⋈⊙⋈◻⋈◻⋈⊙⋈◻⋈⊙⋈◻⋈◻⋈◻⋈◻⋈◻⋈⊙⋈◻⋈◻⋈◻⋈◻⋈◻⋈◻⋈◻⋈◻⋈◻⋈◻⋈◻⋈◻⋈⊙⋈◻⋈◻⋈⊙⋈◻⋈⊙⋈◻⋈◻⋈◻⋈◻⋈◻⋈◻⋈◻⋈◻⋈◻⋈◻⋈◻⋈⊙⋈◻⋈◻⋈⊙⋈◻⋈⊙⋈◻⋈◻⋈◻⋈◻⋈◻⋈⊙⋈◻⋈◻⋈≺⋈◻⋈◻⋈◻⋈◻⋈◻⋈◻⋈⊙⋈◻⋈⊙⋈◻⋈◻⋈◻⋈◻⋈◻⋈⊙⋈◻⋈⊙⋈◻⋈◻⋈◻⋈◻⋈⊙⋈◻⋈⊙⋈◻⋈◻⋈◻⋈◻⋈◻⋈◻⋈◻⋈◻⋈◻⋈◻⋈◻⋈◻⋈◻⋈◻⋈◻⋈⊙⋈◻⋈◻⋈⊙⋈◻⋈⊙⋈◻⋈◻⋈◻⋈◻⋈◻⋈⊙⋈◻⋈◻⋈◻⋈◻⋈◻⋈◻⋈◻⋈◻⋈◻⋈◻⋈◻⋈◻⋈◻⋈⊙⋈◻⋈⊙⋈◻⋈◻⋈◻⋈◻⋈◻⋈◻⋈◻⋈◻⋈◻⋈◻⋈◻⋈◻⋈◻⋈◻⋈◻⋈⊙⋈◻⋈◻⋈⊙⋈◻⋈⊙⋈◻⋈◻⋈◻⋈◻⋈◻⋈⊙⋈◻⋈◻⋈◻⋈◻⋈◻⋈◻⋈⊙⋈◻⋈⊙⋈◻⋈◻⋈◻⋈◻⋈⊙⋈◻⋈⊙⋈◻⋈◻⋈◻⋈◻⋈◻⋈◻⋈◻⋈◻⋈◻⋈◻⋈◻⋈◻⋈◻⋈◻⋈◻⋈⊙⋈◻⋈◻⋈⊙⋈◻⋈⊙⋈◻⋈◻⋈◻⋈◻⋈◻⋈⊙⋈◻⋈◻⋈◻⋈◻⋈◻⋈◻⋈⊙⋈◻⋈⊙⋈◻⋈◻⋈◻⋈◻⋈◻⋈⊙⋈◻⋈⊙⋈◻⋈◻⋈◻⋈◻⋈⊙⋈◻⋈⊙⋈◻⋈◻⋈◻⋈◻⋈◻⋈◻⋈◻⋈◻⋈◻⋈◻⋈◻⋈◻⋈◻⋈◻⋈◻⋈⊙⋈◻⋈◻⋈⊙⋈◻⋈⊙⋈◻⋈◻⋈◻⋈◻⋈◻⋈⊙⋈◻⋈◻⋈◻⋈◻⋈◻⋈◻⋈◻⋈◻⋈◻⋈◻⋈◻⋈◻⋈⊙⋈◻⋈⊙⋈◻⋈◻⋈◻⋈◻⋈◻⋈◻⋈◻⋈◻⋈◻⋈◻⋈◻⋈⊙⋈◻⋈⊙⋈◻⋈◻⋈◻⋈◻⋈◻⋈◻⋈⊙⋈◻⋈◻⋈⊙⋈◻⋈⊙⋈◻⋈⊙⋈◻⋈◻⋈⊙⋈◻⋈⊙⋈◻⋈◻⋈◻⋈◻⋈◻⋈◻⋈⊙⋈◻⋈◻⋈⊙⋈◻⋈⊙⋈◻⋈⊙⋈◻⋈◻⋈⊙⋈◻⋈⊙⋈◻⋈◻⋈◻⋈◻⋈⊙⋈◻⋈⊙⋈◻⋈◻⋈◻⋈◻⋈◻⋈◻⋈◻⋈◻⋈◻⋈◻⋈◻⋈◻⋈◻⋈◻⋈◻⋈⊙⋈◻⋈⊙⋈◻⋈◻⋈◻⋈◻⋈◻⋈◻⋈◻⋈◻⋈◻⋈◻⋈◻⋈⊙⋈◻⋈⊙⋈◻⋈◻⋈◻⋈◻⋈◻⋈◻⋈⊙⋈◻⋈◻⋈⊙⋈◻⋈⊙⋈◻⋈⊙⋈◻⋈◻⋈⊙⋈◻⋈⊙⋈◻⋈◻⋈◻⋈◻⋈◻⋈◻⋈⊙⋈◻⋈◻⋈⊙⋈◻⋈⊙⋈◻⋈⊙⋈◻⋈◻⋈⊙⋈◻⋈⊙⋈◻⋈◻⋈◻⋈◻⋈⊙⋈◻⋈⊙⋈◻⋈◻⋈◻⋈◻⋈◻⋈◻⋈◻⋈◻⋈◻⋈◻⋈◻⋈◻⋈◻⋈◻⋈◻⋈◻⋈◻⋈◻⋈⊙⋈◻⋈◻⋈⊙⋈◻⋈⊙⋈◻⋈◻⋈◻⋈◻⋈◻⋈◻⋈◻⋈◻⋈◻⋈◻⋈⊙⋈◻⋈◻⋈◻⋈◻⋈◻⋈⊙⋈◻⋈⊙⋈◻⋈◻⋈◻⋈◻⋈◻⋈◻⋈◻⋈◻⋈◻⋈◻⋈◻⋈⊙⋈◻⋈⊙⋈◻⋈◻⋈◻⋈◻⋈⊙⋈◻⋈⊙⋈◻⋈◻⋈◻⋈◻⋈⊙⋈◻⋈⊙⋈◻⋈◻⋈◻⋈◻⋈◻⋈⊙⋈◻⋈⊙⋈◻⋈◻⋈◻⋈◻⋈⊙⋈◻⋈⊙⋈◻⋈◻⋈◻⋈◻⋈◻⋈◻⋈◻⋈◻⋈◻⋈◻⋈◻⋈◻⋈◻⋈◻⋈◻⋈⊙⋈◻⋈◻⋈⊙⋈◻⋈⊙⋈◻⋈◻⋈◻⋈◻⋈◻⋈⊙⋈◻⋈◻⋈◻⋈⊙⋈◻⋈◻⋈⊙⋈◻⋈⊙⋈◻⋈◻⋈◻⋈◻⋈◻⋈◻⋈◻⋈◻⋈◻⋈◻⋈◻⋈◻⋈⊙⋈◻⋈◻⋈⊙⋈◻⋈⊙⋈◻⋈◻⋈◻⋈◻⋈◻⋈◻⋈◻⋈◻⋈◻⋈◻⋈⊙⋈◻⋈◻⋈◻⋈◻⋈◻⋈◻⋈◻⋈◻⋈◻⋈⊙⋈◻⋈⊙⋈◻⋈◻⋈◻⋈◻⋈◻⋈◻⋈◻⋈◻⋈◻⋈◻⋈⊙⋈◻⋈◻⋈⊙⋈◻⋈⊙⋈◻⋈◻⋈◻⋈◻⋈◻⋈◻⋈◻⋈◻⋈◻⋈◻⋈◻⋈⊙⋈◻⋈⊙⋈◻⋈◻⋈◻⋈◻⋈⊙⋈◻⋈⊙⋈◻⋈◻⋈◻⋈◻⋈⊙⋈◻⋈⊙⋈◻⋈◻⋈◻⋈◻⋈◻⋈⊙⋈◻⋈⊙⋈◻⋈◻⋈◻⋈◻⋈⊙⋈◻⋈⊙⋈◻⋈◻⋈◻⋈◻⋈◻⋈◻⋈◻⋈◻⋈◻⋈◻⋈◻⋈◻⋈◻⋈◻⋈◻⋈⊙⋈◻⋈◻⋈⊙⋈◻⋈⊙⋈◻⋈◻⋈◻⋈◻⋈◻⋈⊙⋈◻⋈◻⋈◻⋈◻⋈◻⋈◻⋈⊙⋈◻⋈◻⋈⊙⋈◻⋈⊙⋈◻⋈◻⋈◻⋈◻⋈◻⋈◻⋈◻⋈◻⋈◻⋈◻⋈◻⋈◻⋈⊙⋈◻⋈◻⋈◻⋈◻⋈◻⋈◻⋈◻⋈◻⋈◻⋈⊙⋈◻⋈⊙⋈◻⋈◻⋈◻⋈◻⋈◻⋈◻⋈◻⋈◻⋈◻⋈◻⋈⊙⋈◻⋈◻⋈⊙⋈◻⋈⊙⋈◻⋈◻⋈◻⋈◻⋈◻⋈◻⋈◻⋈◻⋈◻⋈◻⋈◻⋈⊙⋈◻⋈⊙⋈◻⋈◻⋈◻⋈◻⋈◻⋈◻⋈◻⋈◻⋈◻⋈◻⋈◻⋈◻⋈◻⋈⊙⋈◻⋈◻⋈⊙⋈◻⋈⊙⋈◻⋈◻⋈◻⋈◻⋈◻⋈⊙⋈◻⋈◻⋈◻⋈◻⋈◻⋈◻⋈◻⋈⊙⋈◻⋈⊙⋈◻⋈◻⋈◻⋈◻⋈◻⋈⊙⋈◻⋈⊙⋈◻⋈◻⋈◻⋈◻⋈⊙⋈◻⋈⊙⋈◻⋈◻⋈◻⋈◻⋈◻⋈◻⋈◻⋈◻⋈◻⋈◻⋈◻⋈◻⋈◻⋈◻⋈◻⋈⊙⋈◻⋈◻⋈⊙⋈◻⋈⊙⋈◻⋈◻⋈◻⋈◻⋈◻⋈⊙⋈◻⋈◻⋈◻⋈◻⋈◻⋈◻⋈◻⋈◻⋈◻⋈◻⋈◻⋈◻⋈◻⋈⊙⋈◻⋈⊙⋈◻⋈◻⋈◻⋈◻⋈⊙⋈◻⋈⊙⋈◻⋈◻⋈◻⋈◻⋈⊙⋈◻⋈⊙⋈◻⋈◻⋈◻⋈◻⋈◻⋈⊙⋈◻⋈⊙⋈◻⋈◻⋈◻⋈◻⋈⊙⋈◻⋈⊙⋈◻⋈◻⋈◻⋈◻⋈◻⋈◻⋈◻⋈◻⋈◻⋈◻⋈◻⋈◻⋈◻⋈◻⋈◻⋈⊙⋈◻⋈◻⋈⊙⋈◻⋈⊙⋈◻⋈◻⋈◻⋈◻⋈◻⋈⊙⋈◻⋈◻⋈◻⋈◻⋈◻⋈◻⋈⊙⋈◻⋈◻⋈◻⋈◻⋈⊙⋈◻⋈⊙⋈◻⋈◻⋈◻⋈◻⋈◻⋈◻⋈◻⋈◻⋈◻⋈◻⋈◻⋈◻⋈◻⋈⊙⋈◻⋈◻⋈⊙⋈◻⋈⊙⋈◻⋈◻⋈◻⋈◻⋈◻⋈⊙⋈◻⋈◻⋈◻⋈◻⋈◻⋈◻⋈◻⋈◻⋈◻⋈◻⋈◻⋈⊙⋈◻⋈⊙⋈◻⋈◻⋈◻⋈◻⋈◻⋈◻⋈◻⋈◻⋈◻⋈◻⋈⊙⋈◻⋈◻⋈⊙⋈◻⋈⊙⋈◻⋈◻⋈◻⋈◻⋈◻⋈⊙⋈◻⋈⊙⋈◻⋈◻⋈◻⋈◻⋈◻⋈⊙⋈◻⋈⊙⋈◻⋈◻⋈◻⋈◻⋈⊙⋈◻⋈⊙⋈◻⋈◻⋈◻⋈◻⋈◻⋈◻⋈◻⋈◻⋈◻⋈◻⋈◻⋈◻⋈◻⋈◻⋈◻⋈⊙⋈◻⋈◻⋈⊙⋈◻⋈⊙⋈◻⋈◻⋈◻⋈◻⋈◻⋈⊙⋈◻⋈◻⋈≺⋈◻⋈◻⋈◻⋈◻⋈◻⋈⊙⋈◻⋈⊙⋈◻⋈◻⋈◻⋈◻⋈◻⋈◻⋈◻⋈◻⋈◻⋈◻⋈◻⋈◻⋈◻⋈⊙⋈◻⋈◻⋈⊙⋈◻⋈⊙⋈◻⋈◻⋈◻⋈◻⋈◻⋈⊙⋈◻⋈◻⋈◻⋈◻⋈◻⋈⊙⋈◻⋈◻⋈◻⋈◻⋈◻⋈◻⋈◻⋈◻⋈◻⋈◻⋈◻⋈⊙⋈◻⋈◻⋈⊙⋈◻⋈⊙⋈◻⋈◻⋈◻⋈⊙⋈◻⋈◻⋈◻⋈◻⋈◻⋈◻⋈◻⋈◻⋈◻⋈◻⋈◻⋈◻⋈◻⋈⊙⋈◻⋈⊙⋈◻⋈◻⋈◻⋈◻⋈◻⋈◻⋈◻⋈◻⋈◻⋈◻⋈⊙⋈◻⋈◻⋈⊙⋈◻⋈⊙⋈◻⋈◻⋈◻⋈◻⋈◻⋈◻⋈◻⋈◻⋈◻⋈◻⋈◻⋈⊙⋈◻⋈⊙⋈◻⋈◻⋈◻⋈◻⋈◻⋈◻⋈◻⋈◻⋈◻⋈◻⋈◻⋈◻⋈◻⋈◻⋈◻⋈⊙⋈◻⋈◻⋈⊙⋈◻⋈⊙⋈◻⋈◻⋈◻⋈◻⋈◻⋈⊙⋈◻⋈◻⋈◻⋈◻⋈◻⋈◻⋈⊙⋈◻⋈⊙⋈◻⋈◻⋈◻⋈◻⋈◻⋈◻⋈◻⋈◻⋈◻⋈◻⋈◻⋈◻⋈◻⋈⊙⋈◻⋈◻⋈⊙⋈◻⋈⊙⋈◻⋈◻⋈◻⋈◻⋈◻⋈⊙⋈◻⋈◻⋈◻⋈◻⋈◻⋈◻⋈◻⋈⊙⋈◻⋈⊙⋈◻⋈◻⋈◻⋈◻⋈◻⋈⊙⋈◻⋈⊙⋈◻⋈◻⋈◻⋈◻⋈⊙⋈◻⋈⊙⋈◻⋈◻⋈◻⋈◻⋈◻⋈◻⋈◻⋈◻⋈◻⋈◻⋈◻⋈◻⋈◻⋈◻⋈◻⋈⊙⋈◻⋈◻⋈⊙⋈◻⋈⊙⋈◻⋈◻⋈◻⋈◻⋈◻⋈⊙⋈◻⋈◻⋈◻⋈◻⋈◻⋈⊙⋈◻⋈⊙⋈◻⋈◻⋈◻⋈◻⋈⊙⋈◻⋈⊙⋈◻⋈◻⋈◻⋈◻⋈◻⋈◻⋈◻⋈◻⋈◻⋈◻⋈◻⋈◻⋈◻⋈◻⋈◻⋈⊙⋈◻⋈◻⋈⊙⋈◻⋈⊙⋈◻⋈◻⋈◻⋈◻⋈◻⋈⊙⋈◻⋈◻⋈◻⋈◻⋈◻⋈◻⋈◻⋈◻⋈◻⋈◻⋈◻⋈◻⋈⊙⋈◻⋈◻⋈⊙⋈◻⋈⊙⋈◻⋈◻⋈◻⋈◻⋈⊙⋈◻⋈⊙⋈◻⋈◻⋈◻⋈◻⋈◻⋈◻⋈◻⋈◻⋈◻⋈◻⋈◻⋈◻⋈◻⋈⊙⋈◻⋈◻⋈⊙⋈◻⋈⊙⋈◻⋈◻⋈◻⋈◻⋈◻⋈⊙⋈◻⋈◻⋈◻⋈◻⋈◻⋈◻⋈◻⋈⊙⋈◻⋈⊙⋈◻⋈◻⋈◻⋈◻⋈⊙⋈◻⋈⊙⋈◻⋈◻⋈◻⋈◻⋈◻⋈◻⋈◻⋈◻⋈◻⋈◻⋈◻⋈◻⋈◻⋈◻⋈◻⋈⊙⋈◻⋈◻⋈⊙⋈◻⋈⊙⋈◻⋈◻⋈◻⋈◻⋈◻⋈⊙⋈◻⋈◻⋈◻⋈◻⋈◻⋈◻⋈⊙⋈◻⋈⊙⋈≺⋈◻⋈◻⋈◻⋈◻⋈◻⋈⊙⋈◻⋈⊙⋈◻⋈◻⋈◻⋈◻⋈◻⋈◻⋈◻⋈◻⋈◻⋈◻⋈◻⋈◻⋈◻⋈⊙⋈◻⋈◻⋈⊙⋈◻⋈⊙⋈◻⋈◻⋈◻⋈◻⋈◻⋈⊙⋈◻⋈◻⋈◻⋈◻⋈◻⋈◻⋈◻⋈◻⋈◻⋈◻⋈◻⋈◻⋈⊙⋈◻⋈◻⋈⊙⋈◻⋈⊙⋈◻⋈◻⋈◻⋈◻⋈◻⋈◻⋈◻⋈◻⋈◻⋈◻⋈◻⋈⊙⋈◻⋈◻⋈⊙⋈◻⋈⊙⋈◻⋈◻⋈◻⋈◻⋈◻⋈⊙⋈◻⋈◻⋈≺⋈◻⋈◻⋈◻⋈◻⋈◻⋈◻⋈⊙⋈◻⋈⊙⋈◻⋈◻⋈◻⋈◻⋈◻⋈⊙⋈◻⋈⊙⋈◻⋈◻⋈◻⋈◻⋈⊙⋈◻⋈⊙⋈◻⋈◻⋈◻⋈◻⋈◻⋈◻⋈◻⋈◻⋈◻⋈◻⋈◻⋈◻⋈◻⋈◻⋈◻⋈⊙⋈◻⋈◻⋈⊙⋈◻⋈⊙⋈◻⋈◻⋈◻⋈◻⋈◻⋈⊙⋈◻⋈◻⋈◻⋈◻⋈◻⋈◻⋈◻⋈◻⋈◻⋈◻⋈◻⋈◻⋈◻⋈⊙⋈◻⋈⊙⋈◻⋈◻⋈◻⋈◻⋈◻⋈◻⋈◻⋈◻⋈◻⋈◻⋈◻⋈◻⋈◻⋈◻⋈◻⋈⊙⋈◻⋈◻⋈⊙⋈◻⋈⊙⋈◻⋈◻⋈◻⋈◻⋈◻⋈⊙⋈◻⋈◻⋈◻⋈◻⋈◻⋈◻⋈⊙⋈◻⋈⊙⋈◻⋈◻⋈◻⋈◻⋈⊙⋈◻⋈⊙⋈◻⋈◻⋈◻⋈◻⋈◻⋈◻⋈◻⋈◻⋈◻⋈◻⋈◻⋈◻⋈◻⋈◻⋈◻⋈⊙⋈◻⋈◻⋈⊙⋈◻⋈⊙⋈◻⋈◻⋈◻⋈◻⋈◻⋈⊙⋈◻⋈◻⋈◻⋈◻⋈◻⋈◻⋈⊙⋈◻⋈⊙⋈◻⋈◻⋈◻⋈◻⋈◻⋈⊙⋈◻⋈⊙⋈◻⋈◻⋈◻⋈◻⋈⊙⋈◻⋈⊙⋈◻⋈◻⋈◻⋈◻⋈◻⋈◻⋈◻⋈◻⋈◻⋈◻⋈◻⋈◻⋈◻⋈◻⋈◻⋈⊙⋈◻⋈◻⋈⊙⋈◻⋈⊙⋈◻⋈◻⋈◻⋈◻⋈◻⋈⊙⋈◻⋈◻⋈◻⋈◻⋈◻⋈◻⋈◻⋈◻⋈◻⋈◻⋈◻⋈◻⋈⊙⋈◻⋈⊙⋈◻⋈◻⋈◻⋈◻⋈◻⋈◻⋈◻⋈◻⋈◻⋈◻⋈◻⋈⊙⋈◻⋈⊙⋈◻⋈◻⋈◻⋈◻⋈◻⋈◻⋈⊙⋈◻⋈◻⋈⊙⋈◻⋈⊙⋈◻⋈⊙⋈◻⋈◻⋈⊙⋈◻⋈⊙⋈◻⋈◻⋈◻⋈◻⋈◻⋈◻⋈⊙⋈◻⋈◻⋈⊙⋈◻⋈⊙⋈◻⋈⊙⋈◻⋈◻⋈⊙⋈◻⋈⊙⋈◻⋈◻⋈◻⋈◻⋈⊙⋈◻⋈⊙⋈◻⋈◻⋈◻⋈◻⋈◻⋈◻⋈◻⋈◻⋈◻⋈◻⋈◻⋈◻⋈◻⋈◻⋈◻⋈⊙⋈◻⋈⊙⋈◻⋈◻⋈◻⋈◻⋈◻⋈◻⋈◻⋈◻⋈◻⋈◻⋈◻⋈⊙⋈◻⋈⊙⋈◻⋈◻⋈◻⋈◻⋈◻⋈◻⋈⊙⋈◻⋈◻⋈⊙⋈◻⋈⊙⋈◻⋈⊙⋈◻⋈◻⋈⊙⋈◻⋈⊙⋈◻⋈◻⋈◻⋈◻⋈◻⋈◻⋈⊙⋈◻⋈◻⋈⊙⋈◻⋈⊙⋈◻⋈⊙⋈◻⋈◻⋈⊙⋈◻⋈⊙⋈◻⋈◻⋈◻⋈◻⋈⊙⋈◻⋈⊙⋈◻⋈◻⋈◻⋈◻⋈◻⋈◻⋈≺⋈◻⋈◻⋈◻⋈◻⋈◻⋈◻⋈◻⋈◻⋈◻⋈◻⋈◻⋈◻⋈⊙⋈◻⋈⊙⋈◻⋈◻⋈◻⋈◻⋈⊙⋈◻⋈⊙⋈◻⋈◻⋈◻⋈◻⋈⊙⋈◻⋈⊙⋈◻⋈◻⋈◻⋈◻⋈◻⋈⊙⋈◻⋈⊙⋈◻⋈◻⋈◻⋈◻⋈⊙⋈◻⋈⊙⋈◻⋈◻⋈◻⋈◻⋈◻⋈◻⋈◻⋈◻⋈◻⋈◻⋈◻⋈◻⋈◻⋈◻⋈◻⋈⊙⋈◻⋈◻⋈⊙⋈◻⋈⊙⋈◻⋈◻⋈◻⋈◻⋈◻⋈⊙⋈◻⋈◻⋈◻⋈◻⋈◻⋈◻⋈◻⋈◻⋈◻⋈◻⋈◻⋈◻⋈◻⋈⊙⋈◻⋈⊙⋈◻⋈◻⋈◻⋈◻⋈⊙⋈◻⋈⊙⋈◻⋈◻⋈◻⋈◻⋈⊙⋈◻⋈⊙⋈◻⋈◻⋈◻⋈◻⋈◻⋈◻⋈◻⋈◻⋈◻⋈◻⋈◻⋈◻⋈◻⋈◻⋈◻⋈⊙⋈◻⋈◻⋈⊙⋈◻⋈⊙⋈◻⋈◻⋈◻⋈◻⋈◻⋈⊙⋈◻⋈◻⋈◻⋈◻⋈◻⋈◻⋈⊙⋈◻⋈⊙⋈◻⋈◻⋈◻⋈◻⋈⊙⋈◻⋈⊙⋈◻⋈◻⋈◻⋈◻⋈◻⋈◻⋈◻⋈◻⋈◻⋈◻⋈◻⋈◻⋈◻⋈◻⋈◻⋈⊙⋈◻⋈◻⋈⊙⋈◻⋈⊙⋈◻⋈◻⋈◻⋈◻⋈◻⋈⊙⋈◻⋈◻⋈◻⋈◻⋈◻⋈◻⋈⊙⋈◻⋈⊙⋈◻⋈◻⋈◻⋈◻⋈⊙⋈◻⋈⊙⋈◻⋈◻⋈◻⋈◻⋈⊙⋈◻⋈⊙⋈◻⋈◻⋈◻⋈◻⋈◻⋈⊙⋈◻⋈⊙⋈◻⋈◻⋈◻⋈◻⋈⊙⋈◻⋈⊙⋈◻⋈◻⋈◻⋈◻⋈◻⋈◻⋈◻⋈◻⋈◻⋈◻⋈◻⋈◻⋈◻⋈◻⋈◻⋈⊙⋈◻⋈◻⋈⊙⋈◻⋈⊙⋈◻⋈◻⋈◻⋈◻⋈◻⋈⊙⋈◻⋈◻⋈≺⋈◻⋈◻⋈◻⋈◻⋈◻⋈◻⋈◻⋈◻⋈◻⋈◻⋈◻⋈◻⋈⊙⋈◻⋈⊙⋈◻⋈◻⋈◻⋈◻⋈⊙⋈◻⋈⊙⋈◻⋈◻⋈◻⋈◻⋈◻⋈⊙⋈◻⋈⊙⋈◻⋈◻⋈◻⋈◻⋈◻⋈◻⋈◻⋈⊙⋈◻⋈⊙⋈◻⋈◻⋈◻⋈◻⋈⊙⋈◻⋈⊙⋈◻⋈◻⋈◻⋈◻⋈◻⋈◻⋈◻⋈◻⋈◻⋈◻⋈◻⋈◻⋈◻⋈◻⋈◻⋈⊙⋈◻⋈◻⋈⊙⋈◻⋈⊙⋈◻⋈◻⋈◻⋈◻⋈◻⋈⊙⋈◻⋈◻⋈◻⋈◻⋈◻⋈◻⋈◻⋈◻⋈◻⋈◻⋈◻⋈◻⋈◻⋈⊙⋈◻⋈⊙⋈◻⋈◻⋈◻⋈◻⋈⊙⋈◻⋈⊙⋈◻⋈◻⋈◻⋈◻⋈◻⋈◻⋈◻⋈◻⋈◻⋈◻⋈◻⋈◻⋈◻⋈◻⋈◻⋈⊙⋈◻⋈◻⋈⊙⋈◻⋈⊙⋈◻⋈◻⋈◻⋈◻⋈◻⋈⊙⋈◻⋈◻⋈◻⋈◻⋈◻⋈◻⋈⊙⋈◻⋈⊙⋈◻⋈◻⋈◻⋈◻⋈◻⋈◻⋈◻⋈⊙⋈◻⋈⊙⋈◻⋈◻⋈◻⋈◻⋈⊙⋈◻⋈⊙⋈◻⋈◻⋈◻⋈◻⋈◻⋈◻⋈◻⋈◻⋈◻⋈◻⋈◻⋈◻⋈◻⋈◻⋈◻⋈⊙⋈◻⋈◻⋈⊙⋈◻⋈⊙⋈◻⋈◻⋈◻⋈◻⋈◻⋈⊙⋈◻⋈◻⋈◻⋈◻⋈◻⋈◻⋈⊙⋈◻⋈⊙⋈◻⋈◻⋈◻⋈◻⋈⊙⋈◻⋈⊙⋈◻⋈◻⋈◻⋈◻⋈◻⋈⊙⋈◻⋈⊙⋈◻⋈◻⋈◻⋈◻⋈◻⋈◻⋈◻⋈⊙⋈◻⋈⊙⋈◻⋈◻⋈◻⋈◻⋈⊙⋈◻⋈⊙⋈◻⋈◻⋈◻⋈◻⋈◻⋈◻⋈◻⋈◻⋈◻⋈◻⋈◻⋈◻⋈◻⋈◻⋈◻⋈⊙⋈◻⋈◻⋈⊙⋈◻⋈⊙⋈◻⋈◻⋈◻⋈◻⋈◻⋈⊙⋈◻⋈◻⋈◻⋈◻⋈◻⋈◻⋈◻⋈◻⋈◻⋈◻⋈◻⋈◻⋈◻⋈◻⋈⊙⋈◻⋈◻⋈⊙⋈◻⋈⊙⋈◻⋈◻⋈◻⋈◻⋈◻⋈◻⋈◻⋈◻⋈◻⋈◻⋈◻⋈⊙⋈◻⋈⊙⋈◻⋈◻⋈◻⋈◻⋈◻⋈◻⋈◻⋈◻⋈◻⋈◻⋈◻⋈◻⋈◻⋈⊙⋈◻⋈◻⋈⊙⋈◻⋈⊙⋈◻⋈◻⋈◻⋈◻⋈◻⋈⊙⋈◻⋈◻⋈◻⋈◻⋈◻⋈◻⋈⊙⋈◻⋈⊙⋈◻⋈◻⋈◻⋈◻⋈◻⋈◻⋈◻⋈◻⋈◻⋈◻⋈◻⋈◻⋈◻⋈◻⋈◻⋈⊙⋈◻⋈◻⋈⊙⋈◻⋈⊙⋈◻⋈◻⋈◻⋈◻⋈◻⋈⊙⋈◻⋈◻⋈◻⋈◻⋈◻⋈◻⋈◻⋈◻⋈◻⋈◻⋈◻⋈◻⋈◻⋈⊙⋈◻⋈⊙⋈◻⋈◻⋈◻⋈◻⋈⊙⋈◻⋈⊙⋈◻⋈◻⋈◻⋈◻⋈⊙⋈◻⋈⊙⋈◻⋈◻⋈◻⋈◻⋈◻⋈⊙⋈◻⋈⊙⋈◻⋈◻⋈◻⋈◻⋈◻⋈◻⋈◻⋈◻⋈◻⋈◻⋈◻⋈◻⋈◻⋈◻⋈◻⋈⊙⋈◻⋈◻⋈⊙⋈◻⋈⊙⋈◻⋈◻⋈◻⋈◻⋈◻⋈⊙⋈◻⋈◻⋈◻⋈◻⋈◻⋈◻⋈⊙⋈◻⋈◻⋈◻⋈◻⋈⊙⋈◻⋈⊙⋈◻⋈◻⋈◻⋈◻⋈◻⋈◻⋈◻⋈◻⋈◻⋈◻⋈◻⋈◻⋈◻⋈⊙⋈◻⋈◻⋈⊙⋈◻⋈⊙⋈◻⋈◻⋈◻⋈◻⋈◻⋈⊙⋈◻⋈◻⋈◻⋈◻⋈⊙⋈◻⋈⊙⋈◻⋈◻⋈◻⋈◻⋈⊙⋈◻⋈⊙⋈◻⋈◻⋈◻⋈◻⋈◻⋈◻⋈◻⋈◻⋈◻⋈◻⋈◻⋈◻⋈◻⋈◻⋈◻⋈⊙⋈◻⋈◻⋈⊙⋈◻⋈⊙⋈◻⋈◻⋈◻⋈◻⋈◻⋈⊙⋈◻⋈◻⋈≺⋈◻⋈◻⋈◻⋈◻⋈◻⋈⊙⋈◻⋈⊙⋈◻⋈◻⋈◻⋈◻⋈◻⋈◻⋈◻⋈◻⋈◻⋈◻⋈◻⋈◻⋈◻⋈⊙⋈◻⋈◻⋈⊙⋈◻⋈⊙⋈◻⋈◻⋈◻⋈◻⋈◻⋈⊙⋈◻⋈◻⋈◻⋈◻⋈◻⋈⊙⋈◻⋈◻⋈◻⋈◻⋈◻⋈◻⋈◻⋈◻⋈◻⋈◻⋈◻⋈⊙⋈◻⋈◻⋈⊙⋈◻⋈⊙⋈◻⋈◻⋈◻⋈⊙⋈◻⋈◻⋈◻⋈◻⋈◻⋈◻⋈◻⋈⊙⋈◻⋈⊙⋈◻⋈◻⋈◻⋈◻⋈⊙⋈◻⋈⊙⋈◻⋈◻⋈◻⋈◻⋈◻⋈◻⋈◻⋈◻⋈◻⋈◻⋈◻⋈◻⋈◻⋈◻⋈◻⋈⊙⋈◻⋈◻⋈⊙⋈◻⋈⊙⋈◻⋈◻⋈◻⋈◻⋈◻⋈⊙⋈◻⋈◻⋈◻⋈◻⋈◻⋈◻⋈⊙⋈◻⋈⊙⋈≺⋈◻⋈◻⋈◻⋈◻⋈◻⋈◻⋈◻⋈◻⋈◻⋈◻⋈◻⋈◻⋈⊙⋈◻⋈⊙⋈◻⋈◻⋈◻⋈◻⋈⊙⋈◻⋈⊙⋈◻⋈◻⋈◻⋈◻⋈⊙⋈◻⋈⊙⋈◻⋈◻⋈◻⋈◻⋈◻⋈⊙⋈◻⋈⊙⋈◻⋈◻⋈◻⋈◻⋈◻⋈◻⋈◻⋈◻⋈◻⋈◻⋈◻⋈◻⋈◻⋈◻⋈◻⋈⊙⋈◻⋈◻⋈⊙⋈◻⋈⊙⋈◻⋈◻⋈◻⋈◻⋈◻⋈⊙⋈◻⋈◻⋈◻⋈◻⋈◻⋈◻⋈◻⋈◻⋈◻⋈◻⋈◻⋈◻⋈◻⋈⊙⋈◻⋈⊙⋈◻⋈◻⋈◻⋈◻⋈⊙⋈◻⋈⊙⋈◻⋈◻⋈◻⋈◻⋈⊙⋈◻⋈⊙⋈◻⋈◻⋈◻⋈◻⋈◻⋈◻⋈◻⋈◻⋈◻⋈◻⋈◻⋈◻⋈◻⋈◻⋈◻⋈⊙⋈◻⋈◻⋈⊙⋈◻⋈⊙⋈◻⋈◻⋈◻⋈◻⋈◻⋈⊙⋈◻⋈◻⋈◻⋈◻⋈◻⋈◻⋈⊙⋈◻⋈⊙⋈◻⋈◻⋈◻⋈◻⋈◻⋈◻⋈◻⋈◻⋈◻⋈◻⋈◻⋈◻⋈◻⋈◻⋈◻⋈⊙⋈◻⋈◻⋈⊙⋈◻⋈⊙⋈◻⋈◻⋈◻⋈◻⋈◻⋈⊙⋈◻⋈◻⋈◻⋈◻⋈◻⋈◻⋈⊙⋈◻⋈⊙⋈◻⋈◻⋈◻⋈◻⋈⊙⋈◻⋈⊙⋈◻⋈◻⋈◻⋈◻⋈⊙⋈◻⋈⊙⋈◻⋈◻⋈◻⋈◻⋈◻⋈⊙⋈◻⋈⊙⋈◻⋈◻⋈◻⋈◻⋈◻⋈◻⋈◻⋈◻⋈◻⋈◻⋈◻⋈◻⋈◻⋈◻⋈◻⋈⊙⋈◻⋈◻⋈⊙⋈◻⋈⊙⋈◻⋈◻⋈◻⋈◻⋈◻⋈⊙⋈◻⋈◻⋈≺⋈◻⋈◻⋈◻⋈◻⋈◻⋈◻⋈◻⋈◻⋈◻⋈◻⋈◻⋈◻⋈⊙⋈◻⋈⊙⋈◻⋈◻⋈◻⋈◻⋈⊙⋈◻⋈⊙⋈◻⋈◻⋈◻⋈◻⋈⊙⋈◻⋈⊙⋈◻⋈◻⋈◻⋈◻⋈◻⋈⊙⋈◻⋈⊙⋈◻⋈◻⋈◻⋈◻⋈⊙⋈◻⋈⊙⋈◻⋈◻⋈◻⋈◻⋈⊙⋈◻⋈⊙⋈◻⋈◻⋈◻⋈◻⋈◻⋈◻⋈◻⋈◻⋈◻⋈◻⋈◻⋈◻⋈◻⋈◻⋈◻⋈⊙⋈◻⋈◻⋈⊙⋈◻⋈⊙⋈◻⋈◻⋈◻⋈◻⋈◻⋈⊙⋈◻⋈◻⋈◻⋈◻⋈◻⋈◻⋈◻⋈◻⋈◻⋈◻⋈◻⋈◻⋈◻⋈⊙⋈◻⋈⊙⋈◻⋈◻⋈◻⋈◻⋈⊙⋈◻⋈⊙⋈◻⋈◻⋈◻⋈◻⋈⊙⋈◻⋈⊙⋈◻⋈◻⋈◻⋈◻⋈◻⋈◻⋈◻⋈◻⋈◻⋈◻⋈◻⋈◻⋈◻⋈◻⋈◻⋈⊙⋈◻⋈◻⋈⊙⋈◻⋈⊙⋈◻⋈◻⋈◻⋈◻⋈◻⋈⊙⋈◻⋈◻⋈◻⋈◻⋈◻⋈◻⋈⊙⋈◻⋈⊙⋈◻⋈◻⋈◻⋈◻⋈⊙⋈◻⋈⊙⋈◻⋈◻⋈◻⋈◻⋈⊙⋈◻⋈⊙⋈◻⋈◻⋈◻⋈◻⋈◻⋈◻⋈◻⋈◻⋈◻⋈◻⋈◻⋈◻⋈◻⋈◻⋈◻⋈⊙⋈◻⋈◻⋈⊙⋈◻⋈⊙⋈◻⋈◻⋈◻⋈◻⋈◻⋈⊙⋈◻⋈◻⋈◻⋈◻⋈◻⋈◻⋈⊙⋈◻⋈⊙⋈◻⋈◻⋈◻⋈◻⋈⊙⋈◻⋈⊙⋈◻⋈◻⋈◻⋈◻⋈⊙⋈◻⋈⊙⋈◻⋈◻⋈◻⋈◻⋈◻⋈⊙⋈◻⋈⊙⋈◻⋈◻⋈◻⋈◻⋈⊙⋈◻⋈⊙⋈◻⋈◻⋈◻⋈◻⋈⊙⋈◻⋈⊙⋈◻⋈◻⋈◻⋈◻⋈◻⋈◻⋈◻⋈◻⋈◻⋈◻⋈◻⋈◻⋈◻⋈◻⋈◻⋈⊙⋈◻⋈◻⋈⊙⋈◻⋈⊙⋈◻⋈◻⋈◻⋈◻⋈◻⋈⊙⋈◻⋈◻∋⊣	clean
CollatzOperationalized.instDecidableEqStatus._proof_2	⊢◻⋈◻⋈⊙⋈◻⋈◻⋈◻⋈◻⋈◻⋈⊙⋈◻⋈⊙⋈◻⋈◻⋈◻⋈◻⋈⊙⋈⊙⋈⊙⋈⊙⋈⊙⊣	clean
CollatzOperationalized.collatz_frobenius_closed	⊢◻⋈◻⋈◻⋈◻⋈◻⋈◻⋈◻⋈⊙⋈◻⋈⊙⋈◻⋈◻⋈◻⋈◻⋈◻⋈◻⋈◻⋈◻⋈◻⋈◻⋈◻⋈◻⋈◻⋈⊙⋈◻⋈◻⋈⊙⋈◻⋈⊙◻◻⋈◻⋈◻⋈◻⋈◻⋈◻⋈◻⋈⊙⋈◻⋈◻⋈⊙⋈◻⋈⊙◻◻⋈⊙◻◻⋈⊙⋈⊙◻◻⋈◻⋈◻⋈⊙⋈⊙⋈◻⋈⊙⋈∈⊤◻⋈◻⋈∈⊤◻⊥∈⊤◻⊥◻⋈◻⋈◻⋈◻⋈◻⋈◻⋈◻⋈◻⋈◻⋈⊙⋈◻⋈◻⋈⊙⋈◻⋈⊙⋈◻⋈◻⋈⊙⋈◻⋈⊙⊥◻⋈◻⋈◻⋈◻⋈◻⋈◻⋈◻⋈◻⋈⊙⋈◻⋈◻⋈⊙⋈◻⋈⊙⋈◻⋈◻⋈⊙⋈◻⋈⊙⊥◻⊥◻∋⊥◻⋈◻⋈◻⋈◻⋈◻⋈◻⋈◻⋈◻⋈◻⋈◻⋈◻⋈◻⋈◻⋈◻⋈◻⋈◻⋈⊙⋈◻⋈⊙⋈⊙⋈◻⋈◻⋈⊙⋈◻⋈⊙⊥◻⋈◻⋈◻⋈◻⋈◻⋈◻⋈◻⋈⊙⋈◻⋈◻⋈⊙⋈◻⋈⊙∋⋈∈⊤◻⊥◻⋈◻⋈◻⋈◻⋈◻⋈◻⋈◻⋈◻⋈◻⋈⊙⋈◻⋈◻⋈⊙⋈◻⋈⊙⋈◻⋈◻⋈⊙⋈◻⋈⊙⊥◻⋈◻⋈◻⋈◻⋈◻⋈◻⋈◻⋈◻⋈⊙⋈◻⋈◻⋈⊙⋈◻⋈⊙⋈◻⋈◻⋈⊙⋈◻⋈⊙⊥◻⋈◻⋈◻⋈◻⋈◻⋈◻⋈◻⋈⊙⋈◻⋈◻⋈⊙⋈◻⋈⊙⊥◻⋈◻⋈◻⋈◻⋈◻⋈◻⋈◻⋈◻⋈◻⋈◻⋈◻⋈◻⋈◻⋈◻⋈◻⋈◻⋈⊙⋈◻⋈⊙⋈⊙⋈◻⋈◻⋈⊙⋈◻⋈⊙∋⊥◻⋈◻⋈◻⋈◻⋈◻⋈◻⋈◻⋈◻⋈◻⋈⊙⋈◻⋈◻⋈⊙⋈◻⋈⊙⋈◻⋈◻⋈⊙⋈◻⋈⊙⊥◻⋈◻⋈◻⋈◻⋈◻⋈◻⋈◻⋈◻⋈⊙⋈◻⋈◻⋈⊙⋈◻⋈⊙⋈◻⋈◻⋈⊙⋈◻⋈⊙⊥◻⋈◻⋈◻⋈∈⊤◻⊥∈⊤◻⊥◻⋈◻⋈◻⋈◻⋈◻⋈◻⋈◻⋈◻⋈◻⋈⊙⋈◻⋈◻⋈⊙⋈◻⋈⊙⋈◻⋈◻⋈⊙⋈◻⋈⊙⊥◻⋈◻⋈◻⋈◻⋈◻⋈◻⋈◻⋈◻⋈⊙⋈◻⋈◻⋈⊙⋈◻⋈⊙⋈◻⋈◻⋈⊙⋈◻⋈⊙⊥◻⊥◻∋⊥◻⋈◻⋈◻⋈◻⋈◻⋈◻⋈◻⋈◻⋈◻⋈◻⋈◻⋈◻⋈◻⋈◻⋈◻⋈◻⋈⊙⋈◻⋈⊙⋈⊙⋈◻⋈◻⋈⊙⋈◻⋈⊙⊥◻⋈◻⋈◻⋈◻⋈◻⋈◻⋈◻⋈⊙⋈◻⋈◻⋈⊙⋈◻⋈⊙∋⋈∈⊤◻⊥◻⋈◻⋈◻⋈◻⋈◻⋈◻⋈◻⋈◻⋈◻⋈⊙⋈◻⋈◻⋈⊙⋈◻⋈⊙⋈◻⋈◻⋈⊙⋈◻⋈⊙⊥◻⋈◻⋈◻⋈◻⋈◻⋈◻⋈◻⋈◻⋈⊙⋈◻⋈◻⋈⊙⋈◻⋈⊙⋈◻⋈◻⋈⊙⋈◻⋈⊙⊥◻⋈◻⋈◻⋈◻⋈◻⋈◻⋈◻⋈⊙⋈◻⋈◻⋈⊙⋈◻⋈⊙⊥◻⋈◻⋈◻⋈◻⋈◻⋈◻⋈◻⋈◻⋈◻⋈◻⋈◻⋈◻⋈◻⋈◻⋈◻⋈◻⋈⊙⋈◻⋈⊙⋈⊙⋈◻⋈◻⋈⊙⋈◻⋈⊙∋⋈◻⋈◻⋈◻⋈∈⊤◻⊥∈⊤◻⊥◻⋈◻⋈◻⋈◻⋈◻⋈◻⋈◻⋈◻⋈◻⋈⊙⋈◻⋈◻⋈⊙⋈◻⋈⊙⋈◻⋈◻⋈⊙⋈◻⋈⊙⊥◻⋈◻⋈◻⋈◻⋈◻⋈◻⋈◻⋈◻⋈⊙⋈◻⋈◻⋈⊙⋈◻⋈⊙⋈◻⋈◻⋈⊙⋈◻⋈⊙⊥◻⊥◻∋⊥◻⋈◻⋈◻⋈◻⋈◻⋈◻⋈◻⋈◻⋈◻⋈◻⋈◻⋈◻⋈◻⋈◻⋈◻⋈◻⋈⊙⋈◻⋈⊙⋈⊙⋈◻⋈◻⋈⊙⋈◻⋈⊙⊥◻⋈◻⋈◻⋈◻⋈◻⋈◻⋈◻⋈⊙⋈◻⋈◻⋈⊙⋈◻⋈⊙∋⋈∈⊤◻⊥◻⋈◻⋈◻⋈◻⋈◻⋈◻⋈◻⋈◻⋈◻⋈⊙⋈◻⋈◻⋈⊙⋈◻⋈⊙⋈◻⋈◻⋈⊙⋈◻⋈⊙⊥◻⋈◻⋈◻⋈◻⋈◻⋈◻⋈◻⋈◻⋈⊙⋈◻⋈◻⋈⊙⋈◻⋈⊙⋈◻⋈◻⋈⊙⋈◻⋈⊙⊥◻⋈◻⋈◻⋈◻⋈◻⋈◻⋈◻⋈⊙⋈◻⋈◻⋈⊙⋈◻⋈⊙⊥◻⋈◻⋈◻⋈◻⋈◻⋈◻⋈◻⋈◻⋈◻⋈◻⋈◻⋈◻⋈◻⋈◻⋈◻⋈◻⋈⊙⋈◻⋈⊙⋈⊙⋈◻⋈◻⋈⊙⋈◻⋈⊙∋⋈◻⋈◻⋈◻⋈◻⋈⊙⋈◻⋈⊙⋈◻⋈◻⋈⊙⋈◻⋈⊙⋈◻⋈◻⋈◻⋈◻⋈∈⊤◻⊥∈⊤◻⊥◻⋈◻⋈◻⋈◻⋈◻⋈◻⋈◻⋈◻⋈◻⋈⊙⋈◻⋈◻⋈⊙⋈◻⋈⊙⋈◻⋈◻⋈⊙⋈◻⋈⊙⊥◻⋈◻⋈◻⋈◻⋈◻⋈◻⋈◻⋈◻⋈⊙⋈◻⋈◻⋈⊙⋈◻⋈⊙⋈◻⋈◻⋈⊙⋈◻⋈⊙⊥◻⊥◻∋⊥◻⋈◻⋈◻⋈◻⋈◻⋈◻⋈◻⋈◻⋈◻⋈◻⋈◻⋈◻⋈◻⋈◻⋈◻⋈◻⋈⊙⋈◻⋈⊙⋈⊙⋈◻⋈◻⋈⊙⋈◻⋈⊙⊥◻⋈◻⋈◻⋈◻⋈◻⋈◻⋈◻⋈⊙⋈◻⋈◻⋈⊙⋈◻⋈⊙∋⋈∈⊤◻⊥◻⋈◻⋈◻⋈◻⋈◻⋈◻⋈◻⋈◻⋈◻⋈⊙⋈◻⋈◻⋈⊙⋈◻⋈⊙⋈◻⋈◻⋈⊙⋈◻⋈⊙⊥◻⋈◻⋈◻⋈◻⋈◻⋈◻⋈◻⋈◻⋈⊙⋈◻⋈◻⋈⊙⋈◻⋈⊙⋈◻⋈◻⋈⊙⋈◻⋈⊙⊥◻⋈◻⋈◻⋈◻⋈◻⋈◻⋈◻⋈⊙⋈◻⋈◻⋈⊙⋈◻⋈⊙⊥◻⋈◻⋈◻⋈◻⋈◻⋈◻⋈◻⋈◻⋈◻⋈◻⋈◻⋈◻⋈◻⋈◻⋈◻⋈◻⋈⊙⋈◻⋈⊙⋈⊙⋈◻⋈◻⋈⊙⋈◻⋈⊙∋⋈◻⋈◻⋈◻⋈◻⋈◻⋈◻⋈◻⋈◻⋈◻⋈◻⋈◻⋈◻⋈◻⋈◻⋈◻⋈◻⋈◻⋈◻⋈⊙⋈◻⋈⊙⋈⊙⋈◻⋈◻⋈⊙⋈◻⋈⊙⋈◻⋈◻⋈◻⋈◻⋈◻⋈◻⋈◻⋈◻⋈◻⋈◻⋈◻⋈◻⋈◻⋈◻⋈◻⋈◻⋈⊙⋈◻⋈⊙⋈⊙⋈◻⋈◻⋈⊙⋈◻⋈⊙⋈◻⋈◻⋈◻⋈◻⋈⊙⋈◻⋈⊙⋈◻⋈◻⋈⊙⋈◻⋈⊙⋈◻⋈◻⋈◻⋈◻⋈∈⊤◻⊥∈⊤◻⊥◻⋈◻⋈◻⋈◻⋈◻⋈◻⋈◻⋈◻⋈◻⋈⊙⋈◻⋈◻⋈⊙⋈◻⋈⊙⋈◻⋈◻⋈⊙⋈◻⋈⊙⊥◻⋈◻⋈◻⋈◻⋈◻⋈◻⋈◻⋈◻⋈⊙⋈◻⋈◻⋈⊙⋈◻⋈⊙⋈◻⋈◻⋈⊙⋈◻⋈⊙⊥◻⊥◻∋⊥◻⋈◻⋈◻⋈◻⋈◻⋈◻⋈◻⋈◻⋈◻⋈◻⋈◻⋈◻⋈◻⋈◻⋈◻⋈◻⋈⊙⋈◻⋈⊙⋈⊙⋈◻⋈◻⋈⊙⋈◻⋈⊙⊥◻⋈◻⋈◻⋈◻⋈◻⋈◻⋈◻⋈⊙⋈◻⋈◻⋈⊙⋈◻⋈⊙∋⋈◻⋈◻⋈◻⋈◻⋈◻⋈◻⋈◻⋈◻⋈◻⋈◻⋈◻⋈◻⋈◻⋈◻⋈◻⋈◻⋈◻⋈◻⋈⊙⋈◻⋈⊙⋈⊙⋈◻⋈◻⋈⊙⋈◻⋈⊙⋈∈⊤◻⊥◻⋈◻⋈◻⋈◻⋈◻⋈◻⋈◻⋈◻⋈◻⋈⊙⋈◻⋈◻⋈⊙⋈◻⋈⊙⋈◻⋈◻⋈⊙⋈◻⋈⊙⊥◻⋈◻⋈◻⋈◻⋈◻⋈◻⋈◻⋈◻⋈⊙⋈◻⋈◻⋈⊙⋈◻⋈⊙⋈◻⋈◻⋈⊙⋈◻⋈⊙⊥◻⋈◻⋈◻⋈◻⋈◻⋈◻⋈◻⋈⊙⋈◻⋈◻⋈⊙⋈◻⋈⊙⊥◻⋈◻⋈◻⋈◻⋈◻⋈◻⋈◻⋈◻⋈◻⋈◻⋈◻⋈◻⋈◻⋈◻⋈◻⋈◻⋈⊙⋈◻⋈⊙⋈⊙⋈◻⋈◻⋈⊙⋈◻⋈⊙∋⋈◻⋈◻⋈◻⋈◻⋈◻⋈◻⋈◻⋈◻⋈◻⋈◻⋈◻⋈◻⋈◻⋈◻⋈◻⋈◻⋈⊙⋈◻⋈⊙⋈⊙⋈◻⋈◻⋈⊙⋈◻⋈⊙⋈◻⋈◻⋈∈⊤◻⊥∈⊤◻⊥◻⋈◻⋈◻⋈◻⋈◻⋈◻⋈◻⋈◻⋈◻⋈⊙⋈◻⋈◻⋈⊙⋈◻⋈⊙⋈◻⋈◻⋈⊙⋈◻⋈⊙⊥◻⋈◻⋈◻⋈◻⋈◻⋈◻⋈◻⋈◻⋈⊙⋈◻⋈◻⋈⊙⋈◻⋈⊙⋈◻⋈◻⋈⊙⋈◻⋈⊙⊥◻⊥◻∋⊥◻⋈◻⋈◻⋈◻⋈◻⋈◻⋈◻⋈◻⋈◻⋈◻⋈◻⋈◻⋈◻⋈◻⋈◻⋈◻⋈⊙⋈◻⋈⊙⋈⊙⋈◻⋈◻⋈⊙⋈◻⋈⊙⊥◻⋈◻⋈◻⋈◻⋈◻⋈◻⋈◻⋈⊙⋈◻⋈◻⋈⊙⋈◻⋈⊙∋⋈◻⋈◻⋈◻⋈◻⋈◻⋈◻⋈◻⋈◻⋈◻⋈◻⋈◻⋈◻⋈◻⋈◻⋈◻⋈◻⋈⊙⋈◻⋈⊙⋈⊙⋈◻⋈◻⋈⊙⋈◻⋈⊙⋈◻⋈◻⋈◻⋈◻⋈◻⋈∈⊤◻⊥◻⋈◻⋈◻⋈◻⋈◻⋈◻⋈◻⋈◻⋈◻⋈⊙⋈◻⋈◻⋈⊙⋈◻⋈⊙⋈◻⋈◻⋈⊙⋈◻⋈⊙⊥◻⋈◻⋈◻⋈◻⋈◻⋈◻⋈◻⋈◻⋈⊙⋈◻⋈◻⋈⊙⋈◻⋈⊙⋈◻⋈◻⋈⊙⋈◻⋈⊙⊥◻⊥◻∋⋈◻⋈∈⊤◻⊥⊙⊥◻⋈◻⋈◻⋈◻⋈◻⋈◻⋈◻⋈◻⋈◻⋈◻⋈◻⋈◻⋈◻⋈◻⋈◻⋈◻⋈⊙⋈◻⋈⊙⋈⊙⋈◻⋈◻⋈⊙⋈◻⋈⊙⊥◻⋈◻⋈◻⋈◻⋈◻⋈◻⋈◻⋈⊙⋈◻⋈◻⋈⊙⋈◻⋈⊙∋⋈◻⋈◻⋈◻⋈◻⋈◻⋈◻⋈◻⋈◻⋈◻⋈◻⋈◻⋈⊙⋈◻⋈◻⋈⊙⋈◻⋈⊙⋈◻⋈◻⋈⊙⋈◻⋈⊙⋈◻⋈◻⋈◻⋈◻⋈◻⋈◻⋈◻⋈◻⋈⊙⋈◻⋈◻⋈⊙⋈◻⋈⊙⋈◻⋈◻⋈⊙⋈◻⋈⊙⋈◻⋈◻⋈◻⋈◻⋈◻⋈◻⋈◻⋈◻⋈◻⋈◻⋈◻⋈◻⋈⊙⋈◻⋈◻⋈⊙⋈◻⋈⊙⋈◻⋈◻⋈⊙⋈◻⋈⊙⋈◻⋈◻⋈◻⋈◻⋈⊙⋈◻⋈⊙⋈◻⋈◻⋈⊙⋈◻⋈⊙⋈◻⋈◻⋈◻⋈◻⋈◻⋈◻⋈◻⋈◻⋈◻⋈◻⋈◻⋈◻⋈⊙⋈◻⋈◻⋈⊙⋈◻⋈⊙⋈◻⋈◻⋈◻⋈◻⋈⊙⋈◻⋈⊙⋈◻⋈◻⋈◻⋈◻⋈◻⋈◻⋈◻⋈◻⋈◻⋈⊙⋈◻⋈◻⋈⊙⋈◻⋈⊙⋈◻⋈◻⋈⊙⋈◻⋈⊙⋈◻⋈◻⋈⊙⋈◻⋈◻⋈⊙⋈◻⋈⊙⋈◻⋈◻⋈◻⋈◻⋈⊙⋈◻⋈⊙⋈◻⋈◻⋈◻⋈◻⋈◻⋈◻⋈◻⋈◻⋈◻⋈◻⋈◻⋈⊙⋈◻⋈◻⋈⊙⋈◻⋈⊙⋈◻⋈◻⋈⊙⋈◻⋈⊙⋈◻⋈◻⋈◻⋈◻⋈◻⋈◻⋈◻⋈◻⋈⊙⋈◻⋈◻⋈⊙⋈◻⋈⊙⋈◻⋈◻⋈⊙⋈◻⋈⊙⋈◻⋈◻⋈◻⋈◻⋈◻⋈◻⋈◻⋈⊙⋈◻⋈◻⋈⊙⋈◻⋈⊙⋈◻⋈◻⋈◻⋈◻⋈◻⋈◻⋈◻⋈◻⋈◻⋈◻⋈◻⋈◻⋈◻⋈◻⋈◻⋈◻⋈⊙⋈◻⋈⊙⋈⊙⋈◻⋈◻⋈⊙⋈◻⋈⊙⋈◻⋈◻⋈◻⋈◻⋈◻⋈◻⋈◻⋈◻⋈◻⋈◻⋈⊙⋈◻⋈◻⋈⊙⋈◻⋈⊙⋈◻⋈◻⋈⊙⋈◻⋈⊙⋈◻⋈◻⋈◻⋈◻⋈⊙⋈◻⋈⊙⋈◻⋈◻⋈⊙⋈◻⋈⊙⋈◻⋈◻⋈◻⋈◻⋈◻⋈◻⋈◻⋈◻⋈◻⋈◻⋈◻⋈◻⋈⊙⋈◻⋈◻⋈⊙⋈◻⋈⊙⋈◻⋈◻⋈◻⋈◻⋈⊙⋈◻⋈⊙⋈◻⋈◻⋈◻⋈◻⋈◻⋈◻⋈◻⋈◻⋈◻⋈⊙⋈◻⋈◻⋈⊙⋈◻⋈⊙⋈◻⋈◻⋈⊙⋈◻⋈⊙⋈◻⋈◻⋈⊙⋈◻⋈◻⋈⊙⋈◻⋈⊙⋈◻⋈◻⋈◻⋈⊙⋈◻⋈⊙⋈◻⋈◻⋈◻⋈⊙⋈◻⋈⊙⋈◻⋈◻⋈⊙⋈◻⋈⊙⋈◻⋈◻⋈◻⋈◻⋈◻⋈◻⋈◻⋈◻⋈◻⋈⊙⋈◻⋈⊙⋈⊙⋈◻⋈◻⋈◻⋈◻⋈⊙⋈◻⋈⊙⊥◻⋈⊙◻∈⊤◻⋈◻⋈◻⋈◻⋈◻⋈◻⋈◻⋈◻⋈◻⋈⊙⋈◻⋈◻⋈⊙⋈◻⋈⊙⋈◻⋈◻⋈⊙⋈◻⋈⊙⊥◻⋈◻⋈◻⋈◻⋈◻⋈◻⋈◻⋈◻⋈◻⋈⊙⋈◻⋈◻⋈⊙⋈◻⋈⊙⋈◻⋈◻⋈⊙⋈◻⋈⊙⊥◻⋈◻⋈◻⋈◻⋈◻⋈◻⋈◻⋈◻⋈◻⋈⊙⋈◻⋈◻⋈⊙⋈◻⋈⊙⋈◻⋈◻⋈⊙⋈◻⋈⊙⊥⊙⊥⊙⊥∈⊤◻⋈◻⋈◻⋈◻⋈◻⋈◻⋈◻⋈◻⋈◻⋈⊙⋈◻⋈◻⋈⊙⋈◻⋈⊙⋈◻⋈◻⋈⊙⋈◻⋈⊙⊥⊙⋈⊙∋∋◻◻⋈◻⋈◻⋈∈⊤◻⊥∈⊤◻⊥◻⋈◻⋈◻⋈◻⋈◻⋈◻⋈◻⋈◻⋈◻⋈⊙⋈◻⋈◻⋈⊙⋈◻⋈⊙⋈◻⋈◻⋈⊙⋈◻⋈⊙⊥◻⋈◻⋈◻⋈◻⋈◻⋈◻⋈◻⋈◻⋈⊙⋈◻⋈◻⋈⊙⋈◻⋈⊙⋈◻⋈◻⋈⊙⋈◻⋈⊙⊥◻⊥◻∋⊥◻⋈◻⋈◻⋈◻⋈◻⋈◻⋈◻⋈◻⋈◻⋈◻⋈◻⋈◻⋈◻⋈◻⋈◻⋈◻⋈⊙⋈◻⋈⊙⋈⊙⋈◻⋈◻⋈⊙⋈◻⋈⊙⊥◻⋈◻⋈◻⋈◻⋈◻⋈◻⋈◻⋈⊙⋈◻⋈◻⋈⊙⋈◻⋈⊙∋⋈∈⊤◻⊥◻⋈◻⋈◻⋈◻⋈◻⋈◻⋈◻⋈◻⋈◻⋈⊙⋈◻⋈◻⋈⊙⋈◻⋈⊙⋈◻⋈◻⋈⊙⋈◻⋈⊙⊥◻⋈◻⋈◻⋈◻⋈◻⋈◻⋈◻⋈◻⋈⊙⋈◻⋈◻⋈⊙⋈◻⋈⊙⋈◻⋈◻⋈⊙⋈◻⋈⊙⊥◻⋈◻⋈◻⋈◻⋈◻⋈◻⋈◻⋈⊙⋈◻⋈◻⋈⊙⋈◻⋈⊙⊥◻⋈◻⋈◻⋈◻⋈◻⋈◻⋈◻⋈◻⋈◻⋈◻⋈◻⋈◻⋈◻⋈◻⋈◻⋈◻⋈⊙⋈◻⋈⊙⋈⊙⋈◻⋈◻⋈⊙⋈◻⋈⊙∋⋈◻⋈◻⋈◻⋈∈⊤◻⊥∈⊤◻⊥◻⋈◻⋈◻⋈◻⋈◻⋈◻⋈◻⋈◻⋈◻⋈⊙⋈◻⋈◻⋈⊙⋈◻⋈⊙⋈◻⋈◻⋈⊙⋈◻⋈⊙⊥◻⋈◻⋈◻⋈◻⋈◻⋈◻⋈◻⋈◻⋈⊙⋈◻⋈◻⋈⊙⋈◻⋈⊙⋈◻⋈◻⋈⊙⋈◻⋈⊙⊥◻⊥◻∋⊥◻⋈◻⋈◻⋈◻⋈◻⋈◻⋈◻⋈◻⋈◻⋈◻⋈◻⋈◻⋈◻⋈◻⋈◻⋈◻⋈⊙⋈◻⋈⊙⋈⊙⋈◻⋈◻⋈⊙⋈◻⋈⊙⊥◻⋈◻⋈◻⋈◻⋈◻⋈◻⋈◻⋈⊙⋈◻⋈◻⋈⊙⋈◻⋈⊙∋⋈∈⊤◻⊥◻⋈◻⋈◻⋈◻⋈◻⋈◻⋈◻⋈◻⋈◻⋈⊙⋈◻⋈◻⋈⊙⋈◻⋈⊙⋈◻⋈◻⋈⊙⋈◻⋈⊙⊥◻⋈◻⋈◻⋈◻⋈◻⋈◻⋈◻⋈◻⋈⊙⋈◻⋈◻⋈⊙⋈◻⋈⊙⋈◻⋈◻⋈⊙⋈◻⋈⊙⊥◻⋈◻⋈◻⋈◻⋈◻⋈◻⋈◻⋈⊙⋈◻⋈◻⋈⊙⋈◻⋈⊙⊥◻⋈◻⋈◻⋈◻⋈◻⋈◻⋈◻⋈◻⋈◻⋈◻⋈◻⋈◻⋈◻⋈◻⋈◻⋈◻⋈⊙⋈◻⋈⊙⋈⊙⋈◻⋈◻⋈⊙⋈◻⋈⊙∋⋈◻⋈◻⋈◻⋈◻⋈◻⋈◻⋈◻⋈◻⋈◻⋈⊙⋈◻⋈◻⋈⊙⋈◻⋈⊙⋈◻⋈◻⋈◻⋈◻⋈◻⋈◻⋈◻⋈⊙⋈◻⋈◻⋈⊙⋈◻⋈⊙⋈◻⋈◻⋈◻⋈◻⋈◻⋈∈⊤◻⊥∈⊤◻⊥◻⋈◻⋈◻⋈◻⋈◻⋈◻⋈◻⋈◻⋈◻⋈⊙⋈◻⋈◻⋈⊙⋈◻⋈⊙⋈◻⋈◻⋈⊙⋈◻⋈⊙⊥◻⋈◻⋈◻⋈◻⋈◻⋈◻⋈◻⋈◻⋈⊙⋈◻⋈◻⋈⊙⋈◻⋈⊙⋈◻⋈◻⋈⊙⋈◻⋈⊙⊥◻⊥◻∋⊥◻⋈◻⋈◻⋈◻⋈◻⋈◻⋈◻⋈◻⋈◻⋈◻⋈◻⋈◻⋈◻⋈◻⋈◻⋈◻⋈⊙⋈◻⋈⊙⋈⊙⋈◻⋈◻⋈⊙⋈◻⋈⊙⊥◻⋈◻⋈◻⋈◻⋈◻⋈◻⋈◻⋈⊙⋈◻⋈◻⋈⊙⋈◻⋈⊙∋⋈◻⋈◻⋈◻⋈◻⋈◻⋈◻⋈◻⋈◻⋈◻⋈⊙⋈◻⋈◻⋈⊙⋈◻⋈⊙⋈∈⊤◻⊥◻⋈◻⋈◻⋈◻⋈◻⋈◻⋈◻⋈◻⋈◻⋈⊙⋈◻⋈◻⋈⊙⋈◻⋈⊙⋈◻⋈◻⋈⊙⋈◻⋈⊙⊥◻⋈◻⋈◻⋈◻⋈◻⋈◻⋈◻⋈◻⋈⊙⋈◻⋈◻⋈⊙⋈◻⋈⊙⋈◻⋈◻⋈⊙⋈◻⋈⊙⊥◻⋈◻⋈◻⋈◻⋈◻⋈◻⋈◻⋈⊙⋈◻⋈◻⋈⊙⋈◻⋈⊙⊥◻⋈◻⋈◻⋈◻⋈◻⋈◻⋈◻⋈◻⋈◻⋈◻⋈◻⋈◻⋈◻⋈◻⋈◻⋈◻⋈⊙⋈◻⋈⊙⋈⊙⋈◻⋈◻⋈⊙⋈◻⋈⊙∋⋈◻⋈◻⋈◻⋈◻⋈◻⋈◻⋈◻⋈⊙⋈◻⋈◻⋈⊙⋈◻⋈⊙⋈◻⋈◻⋈∈⊤◻⊥∈⊤◻⊥◻⋈◻⋈◻⋈◻⋈◻⋈◻⋈◻⋈◻⋈◻⋈⊙⋈◻⋈◻⋈⊙⋈◻⋈⊙⋈◻⋈◻⋈⊙⋈◻⋈⊙⊥◻⋈◻⋈◻⋈◻⋈◻⋈◻⋈◻⋈◻⋈⊙⋈◻⋈◻⋈⊙⋈◻⋈⊙⋈◻⋈◻⋈⊙⋈◻⋈⊙⊥◻⊥◻∋⊥◻⋈◻⋈◻⋈◻⋈◻⋈◻⋈◻⋈◻⋈◻⋈◻⋈◻⋈◻⋈◻⋈◻⋈◻⋈◻⋈⊙⋈◻⋈⊙⋈⊙⋈◻⋈◻⋈⊙⋈◻⋈⊙⊥◻⋈◻⋈◻⋈◻⋈◻⋈◻⋈◻⋈⊙⋈◻⋈◻⋈⊙⋈◻⋈⊙∋⋈◻⋈◻⋈◻⋈◻⋈◻⋈◻⋈◻⋈⊙⋈◻⋈◻⋈⊙⋈◻⋈⊙⋈◻⋈◻⋈◻⋈◻⋈◻⋈∈⊤◻⊥◻⋈◻⋈◻⋈◻⋈◻⋈◻⋈◻⋈◻⋈◻⋈⊙⋈◻⋈◻⋈⊙⋈◻⋈⊙⋈◻⋈◻⋈⊙⋈◻⋈⊙⊥◻⋈◻⋈◻⋈◻⋈◻⋈◻⋈◻⋈◻⋈⊙⋈◻⋈◻⋈⊙⋈◻⋈⊙⋈◻⋈◻⋈⊙⋈◻⋈⊙⊥◻⊥◻∋⋈◻⋈∈⊤◻⊥⊙⊥◻⋈◻⋈◻⋈◻⋈◻⋈◻⋈◻⋈◻⋈◻⋈◻⋈◻⋈◻⋈◻⋈◻⋈◻⋈◻⋈⊙⋈◻⋈⊙⋈⊙⋈◻⋈◻⋈⊙⋈◻⋈⊙⊥◻⋈◻⋈◻⋈◻⋈◻⋈◻⋈◻⋈⊙⋈◻⋈◻⋈⊙⋈◻⋈⊙∋⋈◻⋈◻⋈◻⋈◻⋈◻⋈◻⋈◻⋈◻⋈◻⋈◻⋈◻⋈⊙⋈◻⋈◻⋈⊙⋈◻⋈⊙⋈◻⋈◻⋈⊙⋈◻⋈⊙⋈◻⋈◻⋈◻⋈◻⋈◻⋈◻⋈◻⋈◻⋈⊙⋈◻⋈◻⋈⊙⋈◻⋈⊙⋈◻⋈◻⋈⊙⋈◻⋈⊙⋈◻⋈◻⋈◻⋈◻⋈◻⋈◻⋈◻⋈◻⋈◻⋈◻⋈◻⋈◻⋈⊙⋈◻⋈◻⋈⊙⋈◻⋈⊙⋈◻⋈◻⋈⊙⋈◻⋈⊙⋈◻⋈◻⋈◻⋈◻⋈⊙⋈◻⋈⊙⋈◻⋈◻⋈⊙⋈◻⋈⊙⋈◻⋈◻⋈◻⋈◻⋈◻⋈◻⋈◻⋈◻⋈◻⋈◻⋈◻⋈◻⋈⊙⋈◻⋈◻⋈⊙⋈◻⋈⊙⋈◻⋈◻⋈◻⋈◻⋈⊙⋈◻⋈⊙⋈◻⋈◻⋈◻⋈◻⋈◻⋈◻⋈◻⋈◻⋈◻⋈⊙⋈◻⋈◻⋈⊙⋈◻⋈⊙⋈◻⋈◻⋈⊙⋈◻⋈⊙⋈◻⋈◻⋈⊙⋈◻⋈◻⋈⊙⋈◻⋈⊙⋈◻⋈◻⋈◻⋈◻⋈◻⋈◻⋈◻⋈◻⋈◻⋈◻⋈◻⋈◻⋈⊙⋈◻⋈◻⋈⊙⋈◻⋈⊙⋈◻⋈◻⋈⊙⋈◻⋈⊙⋈◻⋈◻⋈◻⋈◻⋈◻⋈◻⋈◻⋈◻⋈⊙⋈◻⋈◻⋈⊙⋈◻⋈⊙⋈◻⋈◻⋈⊙⋈◻⋈⊙⋈◻⋈◻⋈◻⋈◻⋈◻⋈◻⋈◻⋈⊙⋈◻⋈◻⋈⊙⋈◻⋈⊙⋈◻⋈◻⋈◻⋈◻⋈◻⋈◻⋈◻⋈◻⋈◻⋈◻⋈◻⋈◻⋈◻⋈◻⋈◻⋈◻⋈⊙⋈◻⋈⊙⋈⊙⋈◻⋈◻⋈⊙⋈◻⋈⊙⋈◻⋈◻⋈◻⋈◻⋈◻⋈◻⋈◻⋈◻⋈◻⋈◻⋈⊙⋈◻⋈◻⋈⊙⋈◻⋈⊙⋈◻⋈◻⋈⊙⋈◻⋈⊙⋈◻⋈◻⋈◻⋈◻⋈⊙⋈◻⋈⊙⋈◻⋈◻⋈⊙⋈◻⋈⊙⋈◻⋈◻⋈◻⋈◻⋈◻⋈◻⋈◻⋈◻⋈◻⋈◻⋈◻⋈◻⋈⊙⋈◻⋈◻⋈⊙⋈◻⋈⊙⋈◻⋈◻⋈◻⋈◻⋈⊙⋈◻⋈⊙⋈◻⋈◻⋈◻⋈◻⋈◻⋈◻⋈◻⋈◻⋈◻⋈⊙⋈◻⋈◻⋈⊙⋈◻⋈⊙⋈◻⋈◻⋈⊙⋈◻⋈⊙⋈◻⋈◻⋈⊙⋈◻⋈◻⋈⊙⋈◻⋈⊙⋈◻⋈◻⋈◻⋈◻⋈⊙⋈◻⋈⊙⋈◻⋈◻⋈◻⋈◻⋈◻⋈◻⋈◻⋈◻⋈◻⋈⊙⋈◻⋈◻⋈⊙⋈◻⋈⊙∋⊣	clean
CollatzOperationalized.terminal_cycle_T3._proof_1_3	⊢◻⋈◻⋈◻⋈◻⋈∈⊤◻⊥◻⋈◻⋈◻⋈◻⋈◻⋈◻⋈◻⋈◻⋈◻⋈◻⋈⊙⋈◻⋈◻⋈⊙⋈◻⋈⊙⋈◻⋈◻⋈⊙⋈◻⋈⊙⋈◻⋈◻⋈⊙⋈◻⋈⊙⊥◻⋈◻⋈◻⋈◻⋈◻⋈◻⋈◻⋈◻⋈◻⋈⊙⋈◻⋈◻⋈⊙⋈◻⋈⊙⋈◻⋈◻⋈⊙⋈◻⋈⊙⋈◻⋈◻⋈⊙⋈◻⋈⊙⊥◻⋈◻⋈◻⋈◻⋈◻⋈◻⋈◻⋈◻⋈⊙⋈◻⋈◻⋈⊙⋈◻⋈⊙⋈◻⋈◻⋈⊙⋈◻⋈⊙⊥◻⋈◻⋈◻⋈◻⋈◻⋈◻⋈◻⋈◻⋈◻⋈◻⋈◻⋈◻⋈◻⋈◻⋈◻⋈◻⋈⊙⋈◻⋈⊙⋈◻⋈⊙⋈◻⋈◻⋈⊙⋈◻⋈⊙⋈◻⋈◻⋈⊙⋈◻⋈⊙∋⋈◻⋈◻⋈⊙⋈◻⋈⊙⋈◻⋈◻⋈∈⊤◻⊥◻⋈◻⋈◻⋈◻⋈◻⋈◻⋈◻⋈◻⋈◻⋈◻⋈⊙⋈◻⋈◻⋈⊙⋈◻⋈⊙⋈◻⋈◻⋈⊙⋈◻⋈⊙⋈◻⋈◻⋈⊙⋈◻⋈⊙⊥◻⋈◻⋈◻⋈◻⋈◻⋈◻⋈◻⋈◻⋈◻⋈⊙⋈◻⋈◻⋈⊙⋈◻⋈⊙⋈◻⋈◻⋈⊙⋈◻⋈⊙⋈◻⋈◻⋈⊙⋈◻⋈⊙⊥◻⋈◻⋈◻⋈◻⋈◻⋈◻⋈◻⋈◻⋈⊙⋈◻⋈◻⋈⊙⋈◻⋈⊙⋈◻⋈◻⋈⊙⋈◻⋈⊙⊥◻⋈◻⋈◻⋈◻⋈◻⋈◻⋈◻⋈◻⋈◻⋈◻⋈◻⋈◻⋈◻⋈◻⋈◻⋈◻⋈⊙⋈◻⋈⊙⋈◻⋈⊙⋈◻⋈◻⋈⊙⋈◻⋈⊙⋈◻⋈◻⋈⊙⋈◻⋈⊙∋⋈◻⋈◻⋈⊙⋈◻⋈⊙⋈◻⋈◻⋈◻⋈∈⊤◻⊥◻⋈◻⋈◻⋈◻⋈◻⋈◻⋈◻⋈◻⋈◻⋈◻⋈⊙⋈◻⋈◻⋈⊙⋈◻⋈⊙⋈◻⋈◻⋈⊙⋈◻⋈⊙⋈◻⋈◻⋈⊙⋈◻⋈⊙⊥◻⋈◻⋈◻⋈◻⋈◻⋈◻⋈◻⋈◻⋈◻⋈⊙⋈◻⋈◻⋈⊙⋈◻⋈⊙⋈◻⋈◻⋈⊙⋈◻⋈⊙⋈◻⋈◻⋈⊙⋈◻⋈⊙⊥◻⋈◻⋈◻⋈◻⋈◻⋈◻⋈◻⋈◻⋈⊙⋈◻⋈◻⋈⊙⋈◻⋈⊙⋈◻⋈◻⋈⊙⋈◻⋈⊙⊥◻⋈◻⋈◻⋈◻⋈◻⋈◻⋈◻⋈◻⋈◻⋈◻⋈◻⋈◻⋈◻⋈◻⋈◻⋈◻⋈⊙⋈◻⋈⊙⋈◻⋈⊙⋈◻⋈◻⋈⊙⋈◻⋈⊙⋈◻⋈◻⋈⊙⋈◻⋈⊙∋⋈◻⋈◻⋈⊙⋈◻⋈⊙⋈◻⋈◻⋈∈⊤◻⊥◻⋈◻⋈◻⋈◻⋈◻⋈◻⋈◻⋈◻⋈◻⋈◻⋈⊙⋈◻⋈◻⋈⊙⋈◻⋈⊙⋈◻⋈◻⋈⊙⋈◻⋈⊙⋈◻⋈◻⋈⊙⋈◻⋈⊙⊥◻⋈◻⋈◻⋈◻⋈◻⋈◻⋈◻⋈◻⋈◻⋈⊙⋈◻⋈◻⋈⊙⋈◻⋈⊙⋈◻⋈◻⋈⊙⋈◻⋈⊙⋈◻⋈◻⋈⊙⋈◻⋈⊙⊥◻⋈◻⋈◻⋈◻⋈◻⋈◻⋈◻⋈◻⋈⊙⋈◻⋈◻⋈⊙⋈◻⋈⊙⋈◻⋈◻⋈⊙⋈◻⋈⊙⊥◻⋈◻⋈◻⋈◻⋈◻⋈◻⋈◻⋈◻⋈◻⋈◻⋈◻⋈◻⋈◻⋈◻⋈◻⋈◻⋈⊙⋈◻⋈⊙⋈◻⋈⊙⋈◻⋈◻⋈⊙⋈◻⋈⊙⋈◻⋈◻⋈⊙⋈◻⋈⊙∋⋈◻⋈◻⋈⊙⋈◻⋈⊙⋈◻⋈∈⊤◻⊥◻⋈◻⋈◻⋈◻⋈◻⋈◻⋈◻⋈◻⋈◻⋈◻⋈⊙⋈◻⋈◻⋈⊙⋈◻⋈⊙⋈◻⋈◻⋈⊙⋈◻⋈⊙⋈◻⋈◻⋈⊙⋈◻⋈⊙⊥◻⋈◻⋈◻⋈◻⋈◻⋈◻⋈◻⋈◻⋈◻⋈⊙⋈◻⋈◻⋈⊙⋈◻⋈⊙⋈◻⋈◻⋈⊙⋈◻⋈⊙⋈◻⋈◻⋈⊙⋈◻⋈⊙⊥◻⋈◻⋈◻⋈◻⋈◻⋈◻⋈◻⋈◻⋈⊙⋈◻⋈◻⋈⊙⋈◻⋈⊙⋈◻⋈◻⋈⊙⋈◻⋈⊙⊥◻⋈◻⋈◻⋈◻⋈◻⋈◻⋈◻⋈◻⋈◻⋈◻⋈◻⋈◻⋈◻⋈◻⋈◻⋈◻⋈⊙⋈◻⋈⊙⋈◻⋈⊙⋈◻⋈◻⋈⊙⋈◻⋈⊙⋈◻⋈◻⋈⊙⋈◻⋈⊙∋⋈◻⋈◻⋈⊙⋈◻⋈⊙⋈◻⋈∈⊤◻⊥◻⋈◻⋈◻⋈◻⋈◻⋈◻⋈◻⋈◻⋈◻⋈◻⋈⊙⋈◻⋈◻⋈⊙⋈◻⋈⊙⋈◻⋈◻⋈⊙⋈◻⋈⊙⋈◻⋈◻⋈⊙⋈◻⋈⊙⊥◻⋈◻⋈◻⋈◻⋈◻⋈◻⋈◻⋈◻⋈◻⋈⊙⋈◻⋈◻⋈⊙⋈◻⋈⊙⋈◻⋈◻⋈⊙⋈◻⋈⊙⋈◻⋈◻⋈⊙⋈◻⋈⊙⊥◻⋈◻⋈◻⋈◻⋈◻⋈◻⋈◻⋈◻⋈⊙⋈◻⋈◻⋈⊙⋈◻⋈⊙⋈◻⋈◻⋈⊙⋈◻⋈⊙⊥◻⋈◻⋈◻⋈◻⋈◻⋈◻⋈◻⋈◻⋈◻⋈◻⋈◻⋈◻⋈◻⋈◻⋈◻⋈◻⋈⊙⋈◻⋈⊙⋈◻⋈⊙⋈◻⋈◻⋈⊙⋈◻⋈⊙⋈◻⋈◻⋈⊙⋈◻⋈⊙∋⋈◻⋈◻⋈⊙⋈◻⋈⊙⋈∈⊣	Lean.ofReduceBool,Lean.trustCompiler
CollatzOperationalized.Status.paradox.sizeOf_spec	⊢◻⋈◻⋈◻⋈◻⋈⊙⋈◻⋈⊙⊣	clean
CollatzOperationalized.Status.even.sizeOf_spec	⊢◻⋈◻⋈◻⋈◻⋈⊙⋈◻⋈⊙⊣	clean
CollatzOperationalized.verify_seed_3	⊢≻⋈◻⋈◻⋈◻⋈◻⋈◻⋈⊙⋈◻⋈⊙⋈◻⋈◻⋈⊙⋈◻⋈⊙⋈◻⋈◻⋈⊙⋈◻⋈⊙⋈◻⋈◻⋈◻⋈◻⋈⊙⋈◻⋈◻⋈⊙⋈◻⋈⊙⋈◻⋈◻⋈⊙⋈◻⋈⊙⋈◻⋈◻⋈◻⋈◻⋈◻⋈◻⋈◻⋈⊙⋈◻⋈⊙⋈◻⋈◻⋈⊙⋈◻⋈⊙⋈◻⋈◻⋈⊙⋈◻⋈⊙⋈◻⋈◻⋈◻⋈◻⋈⊙⋈◻⋈◻⋈⊙⋈◻⋈⊙⋈◻⋈◻⋈⊙⋈◻⋈⊙⋈◻⋈◻⋈◻⋈◻⋈◻⋈◻⋈◻⋈⊙⋈◻⋈⊙⋈◻⋈◻⋈⊙⋈◻⋈⊙⋈◻⋈◻⋈◻⋈◻⋈⊙⋈◻⋈◻⋈⊙⋈◻⋈⊙⋈◻⋈◻⋈◻⋈◻⋈◻⋈⊙⋈◻⋈⊙⋈◻⋈◻⋈⊙⋈◻⋈⊙⋈◻⋈◻⋈⊙⋈◻⋈◻⋈⊙⋈◻⋈⊙⋈◻⋈◻⋈◻⋈◻⋈◻⋈⊙⋈◻⋈⊙⋈◻⋈◻⋈⊙⋈◻⋈⊙⋈◻⋈◻⋈⊙⋈◻⋈⊙⋈◻⋈◻⋈◻⋈◻⋈◻⋈⊙⋈◻⋈◻⋈⊙⋈◻⋈⊙⋈◻⋈◻⋈⊙⋈◻⋈⊙⋈◻⊣	Lean.ofReduceBool,Lean.trustCompiler
CollatzOperationalized.frobenius_identity	⊢◻⋈⊙⊣	clean
CollatzOperationalized.verify_seed_27	⊢≻⋈◻⋈◻⋈◻⋈◻⋈◻⋈⊙⋈◻⋈⊙⋈◻⋈◻⋈⊙⋈◻⋈⊙⋈◻⋈◻⋈⊙⋈◻⋈⊙⋈◻⋈◻⋈◻⋈◻⋈⊙⋈◻⋈◻⋈⊙⋈◻⋈⊙⋈◻⋈◻⋈⊙⋈◻⋈⊙⋈◻⋈◻⋈◻⋈◻⋈◻⋈◻⋈◻⋈⊙⋈◻⋈⊙⋈◻⋈◻⋈⊙⋈◻⋈⊙⋈◻⋈◻⋈⊙⋈◻⋈⊙⋈◻⋈◻⋈◻⋈◻⋈⊙⋈◻⋈◻⋈⊙⋈◻⋈⊙⋈◻⋈◻⋈⊙⋈◻⋈⊙⋈◻⋈◻⋈◻⋈◻⋈◻⋈◻⋈◻⋈⊙⋈◻⋈⊙⋈◻⋈◻⋈⊙⋈◻⋈⊙⋈◻⋈◻⋈◻⋈◻⋈⊙⋈◻⋈◻⋈⊙⋈◻⋈⊙⋈◻⋈◻⋈◻⋈◻⋈◻⋈⊙⋈◻⋈⊙⋈◻⋈◻⋈⊙⋈◻⋈⊙⋈◻⋈◻⋈⊙⋈◻⋈◻⋈⊙⋈◻⋈⊙⋈◻⋈◻⋈◻⋈◻⋈◻⋈⊙⋈◻⋈⊙⋈◻⋈◻⋈⊙⋈◻⋈⊙⋈◻⋈◻⋈⊙⋈◻⋈⊙⋈◻⋈◻⋈◻⋈◻⋈◻⋈⊙⋈◻⋈◻⋈⊙⋈◻⋈⊙⋈◻⋈◻⋈⊙⋈◻⋈⊙⋈◻⊣	Lean.ofReduceBool,Lean.trustCompiler
CollatzOperationalized.collatz_kinetics_frozen	⊢◻⋈◻⋈◻⋈◻⊣	clean
CollatzOperationalized.Branch.ofNat_ctorIdx	⊢∈⊤◻⋈◻⋈◻⋈◻⋈⊙⋈⊙⊥⊙⊥◻⋈◻⋈◻⊥◻⋈◻⋈◻∋⊣	clean
CollatzOperationalized.conjecture_is_O₂	⊢◻⊣	Lean.ofReduceBool,Lean.trustCompiler
CollatzOperationalized.terminal_cycle_closed	⊢∈⊤◻⋈◻⋈⊙⋈◻⋈◻⋈⊙⋈◻⋈⊙⊥◻⋈◻⋈◻⋈⊙⋈◻⋈◻⋈⊙⋈◻⋈⊙⋈◻⋈◻⋈⊙⋈◻⋈◻⋈⊙⋈◻⋈⊙⊥◻⋈◻⋈◻⋈◻⋈⊙⋈◻⋈◻⋈⊙⋈◻⋈⊙⋈◻⋈◻⋈◻⋈◻⋈⊙⋈◻⋈◻⋈⊙⋈◻⋈⊙⋈◻⋈◻⋈◻⋈⊙⋈◻⋈◻⋈⊙⋈◻⋈⊙⊥⊙⊥◻⋈◻⋈◻⋈◻⋈⊙⋈◻⋈⊙⋈◻⋈◻⋈◻⋈◻⋈⊙⋈◻⋈◻⋈⊙⋈◻⋈⊙⋈◻⋈◻⋈◻⋈◻⋈⊙⋈◻⋈◻⋈⊙⋈◻⋈⊙⋈◻⋈◻⋈◻⋈⊙⋈◻⋈◻⋈⊙⋈◻⋈⊙⋈◻⋈◻⋈◻⋈◻⋈◻⋈◻⋈⊙⋈◻⋈⊙⋈◻⋈◻⋈⊙⋈◻⋈⊙⋈◻⋈◻⋈◻⋈◻⋈◻⋈◻⋈⊙⋈◻⋈⊙⋈◻⋈◻⋈⊙⋈◻⋈⊙⋈◻⋈◻⋈◻⋈◻⋈◻⋈⊙⋈◻⋈⊙⋈◻⋈◻⋈⊙⋈◻⋈⊙⋈◻⋈◻⋈◻⋈◻⋈◻⋈◻⋈⊙⋈◻⋈⊙⋈◻⋈◻⋈⊙⋈◻⋈⊙⋈◻⋈◻⋈◻⋈◻⋈◻⋈⊙⋈◻⋈⊙⋈◻⋈◻⋈⊙⋈◻⋈⊙⋈◻⋈◻⋈◻⋈◻⋈◻⋈◻⋈⊙⋈◻⋈⊙⋈◻⋈◻⋈⊙⋈◻⋈⊙⋈◻⋈◻⋈◻⋈∈⊤◻⊥◻⋈◻⋈◻⋈◻⋈◻⋈◻⋈◻⋈◻⋈◻⋈◻⋈◻⋈⊙⋈◻⋈⊙⋈◻⋈◻⋈⊙⋈◻⋈⊙⋈◻⋈◻⋈⊙⋈◻⋈⊙⊥◻⋈◻⋈◻⋈◻⋈◻⋈◻⋈◻⋈◻⋈◻⋈◻⋈⊙⋈◻⋈⊙⋈◻⋈◻⋈⊙⋈◻⋈⊙⋈◻⋈◻⋈⊙⋈◻⋈⊙⊥◻⋈◻⋈◻⋈◻⋈◻⋈◻⋈◻⋈◻⋈◻⋈⊙⋈◻⋈⊙⋈◻⋈◻⋈⊙⋈◻⋈⊙⊥◻⋈◻⋈◻⋈◻⋈◻⋈◻⋈◻⋈◻⋈◻⋈◻⋈◻⋈◻⋈◻⋈◻⋈◻⋈◻⋈⊙⋈◻⋈⊙⋈◻⋈◻⋈⊙⋈◻⋈⊙⋈◻⋈◻⋈⊙⋈◻⋈⊙∋⋈◻⋈◻⋈⊙⋈◻⋈⊙⋈◻⋈◻⋈◻⋈∈⊤◻⊥◻⋈◻⋈◻⋈◻⋈◻⋈◻⋈◻⋈◻⋈◻⋈◻⋈◻⋈⊙⋈◻⋈⊙⋈◻⋈◻⋈⊙⋈◻⋈⊙⋈◻⋈◻⋈⊙⋈◻⋈⊙⊥◻⋈◻⋈◻⋈◻⋈◻⋈◻⋈◻⋈◻⋈◻⋈◻⋈⊙⋈◻⋈⊙⋈◻⋈◻⋈⊙⋈◻⋈⊙⋈◻⋈◻⋈⊙⋈◻⋈⊙⊥◻⋈◻⋈◻⋈◻⋈◻⋈◻⋈◻⋈◻⋈◻⋈⊙⋈◻⋈⊙⋈◻⋈◻⋈⊙⋈◻⋈⊙⊥◻⋈◻⋈◻⋈◻⋈◻⋈◻⋈◻⋈◻⋈◻⋈◻⋈◻⋈◻⋈◻⋈◻⋈◻⋈◻⋈⊙⋈◻⋈⊙⋈◻⋈◻⋈⊙⋈◻⋈⊙⋈◻⋈◻⋈⊙⋈◻⋈⊙∋⋈◻⋈◻⋈⊙⋈◻⋈⊙⋈◻⋈◻⋈◻⋈◻⋈⊙⋈◻⋈⊙⋈◻⋈◻⋈⊙⋈◻⋈⊙⋈◻⋈◻⋈◻⋈◻⋈◻⋈∈⊤◻⊥◻⋈◻⋈◻⋈◻⋈◻⋈◻⋈◻⋈◻⋈◻⋈◻⋈◻⋈⊙⋈◻⋈⊙⋈◻⋈◻⋈⊙⋈◻⋈⊙⋈◻⋈◻⋈⊙⋈◻⋈⊙⊥◻⋈◻⋈◻⋈◻⋈◻⋈◻⋈◻⋈◻⋈◻⋈◻⋈⊙⋈◻⋈⊙⋈◻⋈◻⋈⊙⋈◻⋈⊙⋈◻⋈◻⋈⊙⋈◻⋈⊙⊥◻⋈◻⋈◻⋈◻⋈◻⋈◻⋈◻⋈◻⋈◻⋈⊙⋈◻⋈⊙⋈◻⋈◻⋈⊙⋈◻⋈⊙⊥◻⋈◻⋈◻⋈◻⋈◻⋈◻⋈◻⋈◻⋈◻⋈◻⋈◻⋈◻⋈◻⋈◻⋈◻⋈◻⋈⊙⋈◻⋈⊙⋈◻⋈◻⋈⊙⋈◻⋈⊙⋈◻⋈◻⋈⊙⋈◻⋈⊙∋⋈◻⋈◻⋈◻⋈◻⋈⊙⋈◻⋈⊙⋈◻⋈◻⋈∈⊤◻⊥◻⋈◻⋈◻⋈◻⋈◻⋈◻⋈◻⋈◻⋈◻⋈◻⋈◻⋈⊙⋈◻⋈⊙⋈◻⋈◻⋈⊙⋈◻⋈⊙⋈◻⋈◻⋈⊙⋈◻⋈⊙⊥◻⋈◻⋈◻⋈◻⋈◻⋈◻⋈◻⋈◻⋈◻⋈◻⋈⊙⋈◻⋈⊙⋈◻⋈◻⋈⊙⋈◻⋈⊙⋈◻⋈◻⋈⊙⋈◻⋈⊙⊥◻⋈◻⋈◻⋈◻⋈◻⋈◻⋈◻⋈◻⋈◻⋈⊙⋈◻⋈⊙⋈◻⋈◻⋈⊙⋈◻⋈⊙⊥◻⋈◻⋈◻⋈◻⋈◻⋈◻⋈◻⋈◻⋈◻⋈◻⋈◻⋈◻⋈◻⋈◻⋈◻⋈◻⋈⊙⋈◻⋈⊙⋈◻⋈◻⋈⊙⋈◻⋈⊙⋈◻⋈◻⋈⊙⋈◻⋈⊙∋⋈◻⋈◻⋈⊙⋈◻⋈⊙⋈◻⋈◻⋈◻⋈◻⋈∈⊤◻⊥◻⋈◻⋈◻⋈◻⋈◻⋈◻⋈◻⋈◻⋈◻⋈◻⋈◻⋈⊙⋈◻⋈⊙⋈◻⋈◻⋈⊙⋈◻⋈⊙⋈◻⋈◻⋈⊙⋈◻⋈⊙⊥◻⋈◻⋈◻⋈◻⋈◻⋈◻⋈◻⋈◻⋈◻⋈◻⋈⊙⋈◻⋈⊙⋈◻⋈◻⋈⊙⋈◻⋈⊙⋈◻⋈◻⋈⊙⋈◻⋈⊙⊥◻⋈◻⋈◻⋈◻⋈◻⋈◻⋈◻⋈◻⋈◻⋈⊙⋈◻⋈⊙⋈◻⋈◻⋈⊙⋈◻⋈⊙⊥◻⋈◻⋈◻⋈◻⋈◻⋈◻⋈◻⋈◻⋈◻⋈◻⋈◻⋈◻⋈◻⋈◻⋈◻⋈◻⋈⊙⋈◻⋈⊙⋈◻⋈◻⋈⊙⋈◻⋈⊙⋈◻⋈◻⋈⊙⋈◻⋈⊙∋⋈◻⋈◻⋈◻⋈◻⋈◻⋈◻⋈◻⋈◻⋈◻⋈◻⋈◻⋈◻⋈◻⋈◻⋈◻⋈◻⋈⊙⋈◻⋈⊙⋈◻⋈◻⋈⊙⋈◻⋈⊙⋈◻⋈◻⋈⊙⋈◻⋈⊙⋈◻⋈◻⋈◻⋈◻⋈◻⋈◻⋈◻⋈◻⋈◻⋈⊙⋈◻⋈⊙⋈◻⋈◻⋈⊙⋈◻⋈⊙⋈◻⋈◻⋈◻⋈◻⋈◻⋈◻⋈◻⋈◻⋈◻⋈◻⋈◻⋈◻⋈◻⋈⊙⋈◻⋈⊙⋈◻⋈◻⋈⊙⋈◻⋈⊙⋈◻⋈◻⋈⊙⋈◻⋈⊙⋈◻⋈◻⋈◻⋈◻⋈◻⋈◻⋈◻⋈◻⋈◻⋈◻⋈⊙⋈◻⋈⊙⋈◻⋈◻⋈⊙⋈◻⋈⊙⋈◻⋈◻⋈⊙⋈◻⋈⊙⋈◻⋈◻⋈◻⋈◻⋈◻⋈◻⋈◻⋈◻⋈◻⋈⊙⋈◻⋈⊙⋈◻⋈◻⋈⊙⋈◻⋈⊙⋈◻⋈◻⋈◻⋈◻⋈◻⋈◻⋈◻⋈◻⋈◻⋈◻⋈◻⋈◻⋈◻⋈◻⋈◻⋈◻⋈⊙⋈◻⋈⊙⋈◻⋈◻⋈⊙⋈◻⋈⊙⋈◻⋈◻⋈⊙⋈◻⋈⊙⋈◻⋈◻⋈◻⋈◻⋈◻⋈◻⋈◻⋈◻⋈◻⋈◻⋈◻⋈◻⋈⊙⋈◻⋈⊙⋈◻⋈◻⋈⊙⋈◻⋈⊙⋈◻⋈◻⋈⊙⋈◻⋈⊙⋈◻⋈◻⋈◻⋈◻⋈⊙⋈◻⋈⊙⋈◻⋈◻⋈⊙⋈◻⋈⊙⋈◻⋈◻⋈◻⋈◻⋈◻⋈◻⋈◻⋈◻⋈◻⋈◻⋈◻⋈◻⋈◻⋈◻⋈⊙⋈◻⋈⊙⋈◻⋈◻⋈⊙⋈◻⋈⊙⋈◻⋈◻⋈◻⋈◻⋈⊙⋈◻⋈⊙⋈◻⋈◻⋈◻⋈◻⋈◻⋈◻⋈◻⋈◻⋈◻⋈◻⋈◻⋈⊙⋈◻⋈⊙⋈◻⋈◻⋈⊙⋈◻⋈⊙⋈◻⋈◻⋈⊙⋈◻⋈⊙⋈◻⋈◻⋈◻⋈◻⋈◻⋈⊙⋈◻⋈⊙⋈◻⋈◻⋈⊙⋈◻⋈⊙⋈◻⋈◻⋈◻⋈⊙⋈◻⋈⊙⋈◻⋈◻⋈◻⋈◻⋈◻⋈◻⋈◻⋈◻⋈◻⋈◻⋈◻⋈◻⋈◻⋈◻⋈◻⋈◻⋈◻⋈◻⋈◻⋈⊙⋈◻⋈⊙⋈◻⋈◻⋈⊙⋈◻⋈⊙⋈◻⋈◻⋈◻⋈◻⋈◻⋈◻⋈◻⋈◻⋈◻⋈⊙⋈◻⋈⊙⋈◻⋈◻⋈◻⋈◻⋈◻⋈◻⋈◻⋈◻⋈◻⋈◻⋈◻⋈◻⋈⊙⋈◻⋈⊙⋈◻⋈◻⋈⊙⋈◻⋈⊙⋈◻⋈◻⋈⊙⋈◻⋈⊙⋈◻⋈◻⋈◻⋈◻⋈◻⋈◻⋈◻⋈◻⋈◻⋈◻⋈⊙⋈◻⋈⊙⋈◻⋈◻⋈⊙⋈◻⋈⊙⋈◻⋈◻⋈⊙⋈◻⋈⊙⋈◻⋈◻⋈◻⋈◻⋈⊙⋈◻⋈⊙⋈⊙⋈≺⋈◻⋈⊙⋈◻⋈◻⋈⊙⋈◻⋈⊙⋈⊙⊥∈⊤◻⋈◻⋈⊙⋈◻⋈◻⋈⊙⋈◻⋈⊙⊥◻⋈◻⋈⊙⋈◻⋈◻⋈⊙⋈◻⋈⊙⊥◻⋈◻⋈◻⋈◻⋈⊙⋈◻⋈◻⋈⊙⋈◻⋈⊙⋈◻⋈◻⋈◻⋈◻⋈⊙⋈◻⋈◻⋈⊙⋈◻⋈⊙⋈◻⋈◻⋈◻⋈⊙⋈◻⋈◻⋈⊙⋈◻⋈⊙⊥⊙⊥◻⋈◻⋈◻⋈◻⋈⊙⋈◻⋈⊙⋈◻⋈◻⋈◻⋈◻⋈⊙⋈◻⋈◻⋈⊙⋈◻⋈⊙⋈◻⋈◻⋈◻⋈◻⋈⊙⋈◻⋈◻⋈⊙⋈◻⋈⊙⋈◻⋈◻⋈◻⋈⊙⋈◻⋈◻⋈⊙⋈◻⋈⊙⋈◻⋈◻⋈◻⋈◻⋈◻⋈◻⋈⊙⋈◻⋈⊙⋈◻⋈◻⋈⊙⋈◻⋈⊙⋈◻⋈◻⋈◻⋈◻⋈◻⋈◻⋈⊙⋈◻⋈⊙⋈◻⋈◻⋈⊙⋈◻⋈⊙⋈◻⋈◻⋈◻⋈◻⋈◻⋈⊙⋈◻⋈⊙⋈◻⋈◻⋈⊙⋈◻⋈⊙⋈◻⋈◻⋈◻⋈◻⋈◻⋈◻⋈⊙⋈◻⋈⊙⋈◻⋈◻⋈⊙⋈◻⋈⊙⋈◻⋈◻⋈◻⋈∈⊤◻⊥◻⋈◻⋈◻⋈◻⋈◻⋈◻⋈◻⋈◻⋈◻⋈◻⋈◻⋈⊙⋈◻⋈⊙⋈◻⋈◻⋈⊙⋈◻⋈⊙⋈◻⋈◻⋈⊙⋈◻⋈⊙⊥◻⋈◻⋈◻⋈◻⋈◻⋈◻⋈◻⋈◻⋈◻⋈◻⋈⊙⋈◻⋈⊙⋈◻⋈◻⋈⊙⋈◻⋈⊙⋈◻⋈◻⋈⊙⋈◻⋈⊙⊥◻⋈◻⋈◻⋈◻⋈◻⋈◻⋈◻⋈◻⋈◻⋈⊙⋈◻⋈⊙⋈◻⋈◻⋈⊙⋈◻⋈⊙⊥◻⋈◻⋈◻⋈◻⋈◻⋈◻⋈◻⋈◻⋈◻⋈◻⋈◻⋈◻⋈◻⋈◻⋈◻⋈◻⋈⊙⋈◻⋈⊙⋈◻⋈◻⋈⊙⋈◻⋈⊙⋈◻⋈◻⋈⊙⋈◻⋈⊙∋⋈◻⋈◻⋈⊙⋈◻⋈⊙⋈◻⋈◻⋈◻⋈∈⊤◻⊥◻⋈◻⋈◻⋈◻⋈◻⋈◻⋈◻⋈◻⋈◻⋈◻⋈◻⋈⊙⋈◻⋈⊙⋈◻⋈◻⋈⊙⋈◻⋈⊙⋈◻⋈◻⋈⊙⋈◻⋈⊙⊥◻⋈◻⋈◻⋈◻⋈◻⋈◻⋈◻⋈◻⋈◻⋈◻⋈⊙⋈◻⋈⊙⋈◻⋈◻⋈⊙⋈◻⋈⊙⋈◻⋈◻⋈⊙⋈◻⋈⊙⊥◻⋈◻⋈◻⋈◻⋈◻⋈◻⋈◻⋈◻⋈◻⋈⊙⋈◻⋈⊙⋈◻⋈◻⋈⊙⋈◻⋈⊙⊥◻⋈◻⋈◻⋈◻⋈◻⋈◻⋈◻⋈◻⋈◻⋈◻⋈◻⋈◻⋈◻⋈◻⋈◻⋈◻⋈⊙⋈◻⋈⊙⋈◻⋈◻⋈⊙⋈◻⋈⊙⋈◻⋈◻⋈⊙⋈◻⋈⊙∋⋈◻⋈◻⋈⊙⋈◻⋈⊙⋈◻⋈◻⋈◻⋈◻⋈⊙⋈◻⋈⊙⋈◻⋈◻⋈⊙⋈◻⋈⊙⋈◻⋈◻⋈◻⋈◻⋈◻⋈∈⊤◻⊥◻⋈◻⋈◻⋈◻⋈◻⋈◻⋈◻⋈◻⋈◻⋈◻⋈◻⋈⊙⋈◻⋈⊙⋈◻⋈◻⋈⊙⋈◻⋈⊙⋈◻⋈◻⋈⊙⋈◻⋈⊙⊥◻⋈◻⋈◻⋈◻⋈◻⋈◻⋈◻⋈◻⋈◻⋈◻⋈⊙⋈◻⋈⊙⋈◻⋈◻⋈⊙⋈◻⋈⊙⋈◻⋈◻⋈⊙⋈◻⋈⊙⊥◻⋈◻⋈◻⋈◻⋈◻⋈◻⋈◻⋈◻⋈◻⋈⊙⋈◻⋈⊙⋈◻⋈◻⋈⊙⋈◻⋈⊙⊥◻⋈◻⋈◻⋈◻⋈◻⋈◻⋈◻⋈◻⋈◻⋈◻⋈◻⋈◻⋈◻⋈◻⋈◻⋈◻⋈⊙⋈◻⋈⊙⋈◻⋈◻⋈⊙⋈◻⋈⊙⋈◻⋈◻⋈⊙⋈◻⋈⊙∋⋈◻⋈◻⋈◻⋈◻⋈⊙⋈◻⋈⊙⋈◻⋈◻⋈∈⊤◻⊥◻⋈◻⋈◻⋈◻⋈◻⋈◻⋈◻⋈◻⋈◻⋈◻⋈◻⋈⊙⋈◻⋈⊙⋈◻⋈◻⋈⊙⋈◻⋈⊙⋈◻⋈◻⋈⊙⋈◻⋈⊙⊥◻⋈◻⋈◻⋈◻⋈◻⋈◻⋈◻⋈◻⋈◻⋈◻⋈⊙⋈◻⋈⊙⋈◻⋈◻⋈⊙⋈◻⋈⊙⋈◻⋈◻⋈⊙⋈◻⋈⊙⊥◻⋈◻⋈◻⋈◻⋈◻⋈◻⋈◻⋈◻⋈◻⋈⊙⋈◻⋈⊙⋈◻⋈◻⋈⊙⋈◻⋈⊙⊥◻⋈◻⋈◻⋈◻⋈◻⋈◻⋈◻⋈◻⋈◻⋈◻⋈◻⋈◻⋈◻⋈◻⋈◻⋈◻⋈⊙⋈◻⋈⊙⋈◻⋈◻⋈⊙⋈◻⋈⊙⋈◻⋈◻⋈⊙⋈◻⋈⊙∋⋈◻⋈◻⋈⊙⋈◻⋈⊙⋈◻⋈◻⋈◻⋈◻⋈∈⊤◻⊥◻⋈◻⋈◻⋈◻⋈◻⋈◻⋈◻⋈◻⋈◻⋈◻⋈◻⋈⊙⋈◻⋈⊙⋈◻⋈◻⋈⊙⋈◻⋈⊙⋈◻⋈◻⋈⊙⋈◻⋈⊙⊥◻⋈◻⋈◻⋈◻⋈◻⋈◻⋈◻⋈◻⋈◻⋈◻⋈⊙⋈◻⋈⊙⋈◻⋈◻⋈⊙⋈◻⋈⊙⋈◻⋈◻⋈⊙⋈◻⋈⊙⊥◻⋈◻⋈◻⋈◻⋈◻⋈◻⋈◻⋈◻⋈◻⋈⊙⋈◻⋈⊙⋈◻⋈◻⋈⊙⋈◻⋈⊙⊥◻⋈◻⋈◻⋈◻⋈◻⋈◻⋈◻⋈◻⋈◻⋈◻⋈◻⋈◻⋈◻⋈◻⋈◻⋈◻⋈⊙⋈◻⋈⊙⋈◻⋈◻⋈⊙⋈◻⋈⊙⋈◻⋈◻⋈⊙⋈◻⋈⊙∋⋈◻⋈◻⋈◻⋈◻⋈◻⋈◻⋈◻⋈◻⋈◻⋈⊙⋈◻⋈⊙⋈◻⋈◻⋈⊙⋈◻⋈⊙⋈◻⋈◻⋈⊙⋈◻⋈⊙⋈◻⋈◻⋈◻⋈◻⋈◻⋈◻⋈◻⋈◻⋈◻⋈◻⋈◻⋈◻⋈◻⋈⊙⋈◻⋈⊙⋈◻⋈◻⋈⊙⋈◻⋈⊙⋈◻⋈◻⋈⊙⋈◻⋈⊙⋈◻⋈◻⋈◻⋈◻⋈◻⋈◻⋈◻⋈◻⋈◻⋈◻⋈⊙⋈◻⋈⊙⋈◻⋈◻⋈⊙⋈◻⋈⊙⋈◻⋈◻⋈⊙⋈◻⋈⊙⋈◻⋈◻⋈◻⋈◻⋈◻⋈◻⋈◻⋈◻⋈◻⋈⊙⋈◻⋈⊙⋈◻⋈◻⋈⊙⋈◻⋈⊙⋈◻⋈◻⋈◻⋈◻⋈◻⋈◻⋈◻⋈◻⋈◻⋈◻⋈◻⋈◻⋈◻⋈◻⋈◻⋈◻⋈⊙⋈◻⋈⊙⋈◻⋈◻⋈⊙⋈◻⋈⊙⋈◻⋈◻⋈⊙⋈◻⋈⊙⋈◻⋈◻⋈◻⋈◻⋈◻⋈◻⋈◻⋈◻⋈◻⋈◻⋈◻⋈◻⋈⊙⋈◻⋈⊙⋈◻⋈◻⋈⊙⋈◻⋈⊙⋈◻⋈◻⋈⊙⋈◻⋈⊙⋈◻⋈◻⋈◻⋈◻⋈⊙⋈◻⋈⊙⋈◻⋈◻⋈⊙⋈◻⋈⊙⋈◻⋈◻⋈◻⋈◻⋈◻⋈◻⋈◻⋈◻⋈◻⋈◻⋈◻⋈◻⋈◻⋈◻⋈⊙⋈◻⋈⊙⋈◻⋈◻⋈⊙⋈◻⋈⊙⋈◻⋈◻⋈◻⋈◻⋈⊙⋈◻⋈⊙⋈◻⋈◻⋈◻⋈◻⋈◻⋈◻⋈◻⋈◻⋈◻⋈◻⋈◻⋈⊙⋈◻⋈⊙⋈◻⋈◻⋈⊙⋈◻⋈⊙⋈◻⋈◻⋈⊙⋈◻⋈⊙⋈◻⋈◻⋈◻⋈◻⋈◻⋈⊙⋈◻⋈⊙⋈◻⋈◻⋈⊙⋈◻⋈⊙⋈◻⋈◻⋈◻⋈◻⋈⊙⋈◻⋈⊙⋈◻⋈◻⋈◻⋈⊙⋈◻⋈⊙⋈◻⋈◻⋈◻⋈◻⋈◻⋈◻⋈⊙⋈◻⋈⊙⋈◻⋈◻⋈◻⋈⊙⋈◻⋈⊙⋈◻⋈◻⋈◻⋈⊙⋈◻⋈⊙⋈◻⋈◻⋈⊙⋈◻⋈⊙⋈◻⋈◻⋈◻⋈◻⋈⊙⋈◻⋈⊙⋈⊙⋈≺⋈◻⋈⊙⋈◻⋈◻⋈⊙⋈◻⋈⊙⋈⊙⊥◻⋈◻⋈◻⋈◻⋈⊙⋈◻⋈⊙⋈◻⋈◻⋈◻⋈◻⋈⊙⋈◻⋈◻⋈⊙⋈◻⋈⊙⋈◻⋈◻⋈◻⋈◻⋈⊙⋈◻⋈◻⋈⊙⋈◻⋈⊙⋈◻⋈◻⋈◻⋈⊙⋈◻⋈◻⋈⊙⋈◻⋈⊙⋈◻⋈◻⋈◻⋈◻⋈◻⋈◻⋈⊙⋈◻⋈⊙⋈◻⋈◻⋈⊙⋈◻⋈⊙⋈◻⋈◻⋈◻⋈◻⋈◻⋈◻⋈⊙⋈◻⋈⊙⋈◻⋈◻⋈⊙⋈◻⋈⊙⋈◻⋈◻⋈◻⋈◻⋈◻⋈⊙⋈◻⋈⊙⋈◻⋈◻⋈⊙⋈◻⋈⊙⋈◻⋈◻⋈◻⋈◻⋈◻⋈◻⋈⊙⋈◻⋈⊙⋈◻⋈◻⋈⊙⋈◻⋈⊙⋈◻⋈◻⋈◻⋈◻⋈◻⋈⊙⋈◻⋈⊙⋈◻⋈◻⋈⊙⋈◻⋈⊙⋈◻⋈◻⋈◻⋈◻⋈◻⋈◻⋈⊙⋈◻⋈⊙⋈◻⋈◻⋈⊙⋈◻⋈⊙⋈◻⋈◻⋈◻⋈∈⊤◻⊥◻⋈◻⋈◻⋈◻⋈◻⋈◻⋈◻⋈◻⋈◻⋈◻⋈◻⋈⊙⋈◻⋈⊙⋈◻⋈◻⋈⊙⋈◻⋈⊙⋈◻⋈◻⋈⊙⋈◻⋈⊙⊥◻⋈◻⋈◻⋈◻⋈◻⋈◻⋈◻⋈◻⋈◻⋈◻⋈⊙⋈◻⋈⊙⋈◻⋈◻⋈⊙⋈◻⋈⊙⋈◻⋈◻⋈⊙⋈◻⋈⊙⊥◻⋈◻⋈◻⋈◻⋈◻⋈◻⋈◻⋈◻⋈◻⋈⊙⋈◻⋈⊙⋈◻⋈◻⋈⊙⋈◻⋈⊙⊥◻⋈◻⋈◻⋈◻⋈◻⋈◻⋈◻⋈◻⋈◻⋈◻⋈◻⋈◻⋈◻⋈◻⋈◻⋈◻⋈⊙⋈◻⋈⊙⋈◻⋈◻⋈⊙⋈◻⋈⊙⋈◻⋈◻⋈⊙⋈◻⋈⊙∋⋈◻⋈◻⋈⊙⋈◻⋈⊙⋈◻⋈◻⋈◻⋈∈⊤◻⊥◻⋈◻⋈◻⋈◻⋈◻⋈◻⋈◻⋈◻⋈◻⋈◻⋈◻⋈⊙⋈◻⋈⊙⋈◻⋈◻⋈⊙⋈◻⋈⊙⋈◻⋈◻⋈⊙⋈◻⋈⊙⊥◻⋈◻⋈◻⋈◻⋈◻⋈◻⋈◻⋈◻⋈◻⋈◻⋈⊙⋈◻⋈⊙⋈◻⋈◻⋈⊙⋈◻⋈⊙⋈◻⋈◻⋈⊙⋈◻⋈⊙⊥◻⋈◻⋈◻⋈◻⋈◻⋈◻⋈◻⋈◻⋈◻⋈⊙⋈◻⋈⊙⋈◻⋈◻⋈⊙⋈◻⋈⊙⊥◻⋈◻⋈◻⋈◻⋈◻⋈◻⋈◻⋈◻⋈◻⋈◻⋈◻⋈◻⋈◻⋈◻⋈◻⋈◻⋈⊙⋈◻⋈⊙⋈◻⋈◻⋈⊙⋈◻⋈⊙⋈◻⋈◻⋈⊙⋈◻⋈⊙∋⋈◻⋈◻⋈⊙⋈◻⋈⊙⋈◻⋈◻⋈◻⋈◻⋈⊙⋈◻⋈⊙⋈◻⋈◻⋈⊙⋈◻⋈⊙⋈◻⋈◻⋈◻⋈◻⋈◻⋈∈⊤◻⊥◻⋈◻⋈◻⋈◻⋈◻⋈◻⋈◻⋈◻⋈◻⋈◻⋈◻⋈⊙⋈◻⋈⊙⋈◻⋈◻⋈⊙⋈◻⋈⊙⋈◻⋈◻⋈⊙⋈◻⋈⊙⊥◻⋈◻⋈◻⋈◻⋈◻⋈◻⋈◻⋈◻⋈◻⋈◻⋈⊙⋈◻⋈⊙⋈◻⋈◻⋈⊙⋈◻⋈⊙⋈◻⋈◻⋈⊙⋈◻⋈⊙⊥◻⋈◻⋈◻⋈◻⋈◻⋈◻⋈◻⋈◻⋈◻⋈⊙⋈◻⋈⊙⋈◻⋈◻⋈⊙⋈◻⋈⊙⊥◻⋈◻⋈◻⋈◻⋈◻⋈◻⋈◻⋈◻⋈◻⋈◻⋈◻⋈◻⋈◻⋈◻⋈◻⋈◻⋈⊙⋈◻⋈⊙⋈◻⋈◻⋈⊙⋈◻⋈⊙⋈◻⋈◻⋈⊙⋈◻⋈⊙∋⋈◻⋈◻⋈◻⋈◻⋈⊙⋈◻⋈⊙⋈◻⋈◻⋈∈⊤◻⊥◻⋈◻⋈◻⋈◻⋈◻⋈◻⋈◻⋈◻⋈◻⋈◻⋈◻⋈⊙⋈◻⋈⊙⋈◻⋈◻⋈⊙⋈◻⋈⊙⋈◻⋈◻⋈⊙⋈◻⋈⊙⊥◻⋈◻⋈◻⋈◻⋈◻⋈◻⋈◻⋈◻⋈◻⋈◻⋈⊙⋈◻⋈⊙⋈◻⋈◻⋈⊙⋈◻⋈⊙⋈◻⋈◻⋈⊙⋈◻⋈⊙⊥◻⋈◻⋈◻⋈◻⋈◻⋈◻⋈◻⋈◻⋈◻⋈⊙⋈◻⋈⊙⋈◻⋈◻⋈⊙⋈◻⋈⊙⊥◻⋈◻⋈◻⋈◻⋈◻⋈◻⋈◻⋈◻⋈◻⋈◻⋈◻⋈◻⋈◻⋈◻⋈◻⋈◻⋈⊙⋈◻⋈⊙⋈◻⋈◻⋈⊙⋈◻⋈⊙⋈◻⋈◻⋈⊙⋈◻⋈⊙∋⋈◻⋈◻⋈⊙⋈◻⋈⊙⋈◻⋈◻⋈◻⋈◻⋈◻⋈◻⋈◻⋈◻⋈◻⋈◻⋈◻⋈◻⋈◻⋈◻⋈◻⋈⊙⋈◻⋈⊙⋈◻⋈◻⋈⊙⋈◻⋈⊙⋈◻⋈◻⋈⊙⋈◻⋈⊙⋈◻⋈◻⋈◻⋈◻⋈◻⋈◻⋈◻⋈◻⋈◻⋈◻⋈⊙⋈◻⋈⊙⋈◻⋈◻⋈⊙⋈◻⋈⊙⋈◻⋈◻⋈⊙⋈◻⋈⊙⋈◻⋈◻⋈◻⋈◻⋈◻⋈◻⋈◻⋈◻⋈◻⋈⊙⋈◻⋈⊙⋈◻⋈◻⋈⊙⋈◻⋈⊙⋈◻⋈◻⋈◻⋈◻⋈◻⋈◻⋈◻⋈◻⋈◻⋈◻⋈◻⋈◻⋈◻⋈◻⋈◻⋈◻⋈⊙⋈◻⋈⊙⋈◻⋈◻⋈⊙⋈◻⋈⊙⋈◻⋈◻⋈⊙⋈◻⋈⊙⋈◻⋈◻⋈◻⋈◻⋈⊙⋈◻⋈⊙⋈◻⋈◻⋈⊙⋈◻⋈⊙⋈◻⋈◻⋈◻⋈◻⋈⊙⋈◻⋈⊙⋈⊙⋈≺⋈◻⋈⊙⋈◻⋈◻⋈⊙⋈◻⋈⊙⋈⊙∋∋⊣	clean
CollatzOperationalized.collatz_reference_is_O_inf._proof_1_1	⊢◻⋈◻⋈◻⋈◻⋈◻⋈◻⋈◻⋈◻⋈◻⋈◻⋈∈⊣	Lean.ofReduceBool,Lean.trustCompiler
CollatzOperationalized.verify_seed_7	⊢≻⋈◻⋈◻⋈◻⋈◻⋈◻⋈⊙⋈◻⋈⊙⋈◻⋈◻⋈⊙⋈◻⋈⊙⋈◻⋈◻⋈⊙⋈◻⋈⊙⋈◻⋈◻⋈◻⋈◻⋈⊙⋈◻⋈◻⋈⊙⋈◻⋈⊙⋈◻⋈◻⋈⊙⋈◻⋈⊙⋈◻⋈◻⋈◻⋈◻⋈◻⋈◻⋈◻⋈⊙⋈◻⋈⊙⋈◻⋈◻⋈⊙⋈◻⋈⊙⋈◻⋈◻⋈⊙⋈◻⋈⊙⋈◻⋈◻⋈◻⋈◻⋈⊙⋈◻⋈◻⋈⊙⋈◻⋈⊙⋈◻⋈◻⋈⊙⋈◻⋈⊙⋈◻⋈◻⋈◻⋈◻⋈◻⋈◻⋈◻⋈⊙⋈◻⋈⊙⋈◻⋈◻⋈⊙⋈◻⋈⊙⋈◻⋈◻⋈◻⋈◻⋈⊙⋈◻⋈◻⋈⊙⋈◻⋈⊙⋈◻⋈◻⋈◻⋈◻⋈◻⋈⊙⋈◻⋈⊙⋈◻⋈◻⋈⊙⋈◻⋈⊙⋈◻⋈◻⋈⊙⋈◻⋈◻⋈⊙⋈◻⋈⊙⋈◻⋈◻⋈◻⋈◻⋈◻⋈⊙⋈◻⋈⊙⋈◻⋈◻⋈⊙⋈◻⋈⊙⋈◻⋈◻⋈⊙⋈◻⋈⊙⋈◻⋈◻⋈◻⋈◻⋈◻⋈⊙⋈◻⋈◻⋈⊙⋈◻⋈⊙⋈◻⋈◻⋈⊙⋈◻⋈⊙⋈◻⊣	Lean.ofReduceBool,Lean.trustCompiler
CollatzOperationalized.verify_seed_871._proof_1_2	⊢◻⋈◻⋈◻⋈∈⊤◻⊥◻⋈◻⋈◻⋈◻⋈◻⋈◻⋈◻⋈◻⋈◻⋈◻⋈⊙⋈◻⋈◻⋈⊙⋈◻⋈⊙⋈◻⋈◻⋈⊙⋈◻⋈⊙⋈◻⋈◻⋈⊙⋈◻⋈⊙⊥◻⋈◻⋈◻⋈◻⋈◻⋈◻⋈◻⋈◻⋈◻⋈⊙⋈◻⋈◻⋈⊙⋈◻⋈⊙⋈◻⋈◻⋈⊙⋈◻⋈⊙⋈◻⋈◻⋈⊙⋈◻⋈⊙⊥◻⋈◻⋈◻⋈◻⋈◻⋈◻⋈◻⋈◻⋈⊙⋈◻⋈◻⋈⊙⋈◻⋈⊙⋈◻⋈◻⋈⊙⋈◻⋈⊙⊥◻⋈◻⋈◻⋈◻⋈◻⋈◻⋈◻⋈◻⋈◻⋈◻⋈◻⋈◻⋈◻⋈◻⋈◻⋈◻⋈⊙⋈◻⋈⊙⋈◻⋈⊙⋈◻⋈◻⋈⊙⋈◻⋈⊙⋈◻⋈◻⋈⊙⋈◻⋈⊙∋⋈◻⋈◻⋈⊙⋈◻⋈⊙⋈◻⋈∈⊤◻⊥◻⋈◻⋈◻⋈◻⋈◻⋈◻⋈◻⋈◻⋈◻⋈◻⋈⊙⋈◻⋈◻⋈⊙⋈◻⋈⊙⋈◻⋈◻⋈⊙⋈◻⋈⊙⋈◻⋈◻⋈⊙⋈◻⋈⊙⊥◻⋈◻⋈◻⋈◻⋈◻⋈◻⋈◻⋈◻⋈◻⋈⊙⋈◻⋈◻⋈⊙⋈◻⋈⊙⋈◻⋈◻⋈⊙⋈◻⋈⊙⋈◻⋈◻⋈⊙⋈◻⋈⊙⊥◻⋈◻⋈◻⋈◻⋈◻⋈◻⋈◻⋈◻⋈⊙⋈◻⋈◻⋈⊙⋈◻⋈⊙⋈◻⋈◻⋈⊙⋈◻⋈⊙⊥◻⋈◻⋈◻⋈◻⋈◻⋈◻⋈◻⋈◻⋈◻⋈◻⋈◻⋈◻⋈◻⋈◻⋈◻⋈◻⋈⊙⋈◻⋈⊙⋈◻⋈⊙⋈◻⋈◻⋈⊙⋈◻⋈⊙⋈◻⋈◻⋈⊙⋈◻⋈⊙∋⋈◻⋈◻⋈⊙⋈◻⋈⊙⋈∈⊣	Lean.ofReduceBool,Lean.trustCompiler
CollatzOperationalized.collatzOperationalized.eq_1	⊢◻⋈◻⋈◻⊣	clean
CollatzOperationalized.Status.void.sizeOf_spec	⊢◻⋈◻⋈◻⋈◻⋈⊙⋈◻⋈⊙⊣	clean
CollatzOperationalized.frobenius_verification_complete	⊢◻⊣	clean
CollatzOperationalized.collatz_reference_is_O_inf	⊢◻⊣	Lean.ofReduceBool,Lean.trustCompiler
CollatzOperationalized.Branch.even.sizeOf_spec	⊢◻⋈◻⋈◻⋈◻⋈⊙⋈◻⋈⊙⊣	clean
CollatzOperationalized.verify_seed_9	⊢≻⋈◻⋈◻⋈◻⋈◻⋈◻⋈⊙⋈◻⋈⊙⋈◻⋈◻⋈⊙⋈◻⋈⊙⋈◻⋈◻⋈⊙⋈◻⋈⊙⋈◻⋈◻⋈◻⋈◻⋈⊙⋈◻⋈◻⋈⊙⋈◻⋈⊙⋈◻⋈◻⋈⊙⋈◻⋈⊙⋈◻⋈◻⋈◻⋈◻⋈◻⋈◻⋈◻⋈⊙⋈◻⋈⊙⋈◻⋈◻⋈⊙⋈◻⋈⊙⋈◻⋈◻⋈⊙⋈◻⋈⊙⋈◻⋈◻⋈◻⋈◻⋈⊙⋈◻⋈◻⋈⊙⋈◻⋈⊙⋈◻⋈◻⋈⊙⋈◻⋈⊙⋈◻⋈◻⋈◻⋈◻⋈◻⋈◻⋈◻⋈⊙⋈◻⋈⊙⋈◻⋈◻⋈⊙⋈◻⋈⊙⋈◻⋈◻⋈◻⋈◻⋈⊙⋈◻⋈◻⋈⊙⋈◻⋈⊙⋈◻⋈◻⋈◻⋈◻⋈◻⋈⊙⋈◻⋈⊙⋈◻⋈◻⋈⊙⋈◻⋈⊙⋈◻⋈◻⋈⊙⋈◻⋈◻⋈⊙⋈◻⋈⊙⋈◻⋈◻⋈◻⋈◻⋈◻⋈⊙⋈◻⋈⊙⋈◻⋈◻⋈⊙⋈◻⋈⊙⋈◻⋈◻⋈⊙⋈◻⋈⊙⋈◻⋈◻⋈◻⋈◻⋈◻⋈⊙⋈◻⋈◻⋈⊙⋈◻⋈⊙⋈◻⋈◻⋈⊙⋈◻⋈⊙⋈◻⊣	Lean.ofReduceBool,Lean.trustCompiler
CollatzOperationalized.collatz_is_O₂	⊢◻⊣	Lean.ofReduceBool,Lean.trustCompiler
CollatzOperationalized.verify_seed_2._proof_1_2	⊢◻⋈◻⋈◻⋈∈⊤◻⊥◻⋈◻⋈◻⋈◻⋈◻⋈◻⋈◻⋈◻⋈◻⋈◻⋈⊙⋈◻⋈◻⋈⊙⋈◻⋈⊙⋈◻⋈◻⋈⊙⋈◻⋈⊙⋈◻⋈◻⋈⊙⋈◻⋈⊙⊥◻⋈◻⋈◻⋈◻⋈◻⋈◻⋈◻⋈◻⋈◻⋈⊙⋈◻⋈◻⋈⊙⋈◻⋈⊙⋈◻⋈◻⋈⊙⋈◻⋈⊙⋈◻⋈◻⋈⊙⋈◻⋈⊙⊥◻⋈◻⋈◻⋈◻⋈◻⋈◻⋈◻⋈◻⋈⊙⋈◻⋈◻⋈⊙⋈◻⋈⊙⋈◻⋈◻⋈⊙⋈◻⋈⊙⊥◻⋈◻⋈◻⋈◻⋈◻⋈◻⋈◻⋈◻⋈◻⋈◻⋈◻⋈◻⋈◻⋈◻⋈◻⋈◻⋈⊙⋈◻⋈⊙⋈◻⋈⊙⋈◻⋈◻⋈⊙⋈◻⋈⊙⋈◻⋈◻⋈⊙⋈◻⋈⊙∋⋈◻⋈◻⋈⊙⋈◻⋈⊙⋈◻⋈∈⊤◻⊥◻⋈◻⋈◻⋈◻⋈◻⋈◻⋈◻⋈◻⋈◻⋈◻⋈⊙⋈◻⋈◻⋈⊙⋈◻⋈⊙⋈◻⋈◻⋈⊙⋈◻⋈⊙⋈◻⋈◻⋈⊙⋈◻⋈⊙⊥◻⋈◻⋈◻⋈◻⋈◻⋈◻⋈◻⋈◻⋈◻⋈⊙⋈◻⋈◻⋈⊙⋈◻⋈⊙⋈◻⋈◻⋈⊙⋈◻⋈⊙⋈◻⋈◻⋈⊙⋈◻⋈⊙⊥◻⋈◻⋈◻⋈◻⋈◻⋈◻⋈◻⋈◻⋈⊙⋈◻⋈◻⋈⊙⋈◻⋈⊙⋈◻⋈◻⋈⊙⋈◻⋈⊙⊥◻⋈◻⋈◻⋈◻⋈◻⋈◻⋈◻⋈◻⋈◻⋈◻⋈◻⋈◻⋈◻⋈◻⋈◻⋈◻⋈⊙⋈◻⋈⊙⋈◻⋈⊙⋈◻⋈◻⋈⊙⋈◻⋈⊙⋈◻⋈◻⋈⊙⋈◻⋈⊙∋⋈◻⋈◻⋈⊙⋈◻⋈⊙⋈∈⊣	Lean.ofReduceBool,Lean.trustCompiler
CollatzOperationalized.verify_seed_6171	⊢≻⋈◻⋈◻⋈◻⋈◻⋈◻⋈⊙⋈◻⋈⊙⋈◻⋈◻⋈⊙⋈◻⋈⊙⋈◻⋈◻⋈⊙⋈◻⋈⊙⋈◻⋈◻⋈◻⋈◻⋈⊙⋈◻⋈◻⋈⊙⋈◻⋈⊙⋈◻⋈◻⋈⊙⋈◻⋈⊙⋈◻⋈◻⋈◻⋈◻⋈◻⋈◻⋈◻⋈⊙⋈◻⋈⊙⋈◻⋈◻⋈⊙⋈◻⋈⊙⋈◻⋈◻⋈⊙⋈◻⋈⊙⋈◻⋈◻⋈◻⋈◻⋈⊙⋈◻⋈◻⋈⊙⋈◻⋈⊙⋈◻⋈◻⋈⊙⋈◻⋈⊙⋈◻⋈◻⋈◻⋈◻⋈◻⋈◻⋈◻⋈⊙⋈◻⋈⊙⋈◻⋈◻⋈⊙⋈◻⋈⊙⋈◻⋈◻⋈◻⋈◻⋈⊙⋈◻⋈◻⋈⊙⋈◻⋈⊙⋈◻⋈◻⋈◻⋈◻⋈◻⋈⊙⋈◻⋈⊙⋈◻⋈◻⋈⊙⋈◻⋈⊙⋈◻⋈◻⋈⊙⋈◻⋈◻⋈⊙⋈◻⋈⊙⋈◻⋈◻⋈◻⋈◻⋈◻⋈⊙⋈◻⋈⊙⋈◻⋈◻⋈⊙⋈◻⋈⊙⋈◻⋈◻⋈⊙⋈◻⋈⊙⋈◻⋈◻⋈◻⋈◻⋈◻⋈⊙⋈◻⋈◻⋈⊙⋈◻⋈⊙⋈◻⋈◻⋈⊙⋈◻⋈⊙⋈◻⊣	Lean.ofReduceBool,Lean.trustCompiler
CollatzOperationalized.verify_seed_871	⊢≻⋈◻⋈◻⋈◻⋈◻⋈◻⋈⊙⋈◻⋈⊙⋈◻⋈◻⋈⊙⋈◻⋈⊙⋈◻⋈◻⋈⊙⋈◻⋈⊙⋈◻⋈◻⋈◻⋈◻⋈⊙⋈◻⋈◻⋈⊙⋈◻⋈⊙⋈◻⋈◻⋈⊙⋈◻⋈⊙⋈◻⋈◻⋈◻⋈◻⋈◻⋈◻⋈◻⋈⊙⋈◻⋈⊙⋈◻⋈◻⋈⊙⋈◻⋈⊙⋈◻⋈◻⋈⊙⋈◻⋈⊙⋈◻⋈◻⋈◻⋈◻⋈⊙⋈◻⋈◻⋈⊙⋈◻⋈⊙⋈◻⋈◻⋈⊙⋈◻⋈⊙⋈◻⋈◻⋈◻⋈◻⋈◻⋈◻⋈◻⋈⊙⋈◻⋈⊙⋈◻⋈◻⋈⊙⋈◻⋈⊙⋈◻⋈◻⋈◻⋈◻⋈⊙⋈◻⋈◻⋈⊙⋈◻⋈⊙⋈◻⋈◻⋈◻⋈◻⋈◻⋈⊙⋈◻⋈⊙⋈◻⋈◻⋈⊙⋈◻⋈⊙⋈◻⋈◻⋈⊙⋈◻⋈◻⋈⊙⋈◻⋈⊙⋈◻⋈◻⋈◻⋈◻⋈◻⋈⊙⋈◻⋈⊙⋈◻⋈◻⋈⊙⋈◻⋈⊙⋈◻⋈◻⋈⊙⋈◻⋈⊙⋈◻⋈◻⋈◻⋈◻⋈◻⋈⊙⋈◻⋈◻⋈⊙⋈◻⋈⊙⋈◻⋈◻⋈⊙⋈◻⋈⊙⋈◻⊣	Lean.ofReduceBool,Lean.trustCompiler
CollatzOperationalized.verify_seed_2	⊢≻⋈◻⋈◻⋈◻⋈◻⋈◻⋈⊙⋈◻⋈⊙⋈◻⋈◻⋈⊙⋈◻⋈⊙⋈◻⋈◻⋈⊙⋈◻⋈⊙⋈◻⋈◻⋈◻⋈◻⋈⊙⋈◻⋈◻⋈⊙⋈◻⋈⊙⋈◻⋈◻⋈⊙⋈◻⋈⊙⋈◻⋈◻⋈◻⋈◻⋈◻⋈◻⋈◻⋈⊙⋈◻⋈⊙⋈◻⋈◻⋈⊙⋈◻⋈⊙⋈◻⋈◻⋈⊙⋈◻⋈⊙⋈◻⋈◻⋈◻⋈◻⋈⊙⋈◻⋈◻⋈⊙⋈◻⋈⊙⋈◻⋈◻⋈⊙⋈◻⋈⊙⋈◻⋈◻⋈◻⋈◻⋈◻⋈◻⋈◻⋈⊙⋈◻⋈⊙⋈◻⋈◻⋈⊙⋈◻⋈⊙⋈◻⋈◻⋈◻⋈◻⋈⊙⋈◻⋈◻⋈⊙⋈◻⋈⊙⋈◻⋈◻⋈◻⋈◻⋈◻⋈⊙⋈◻⋈⊙⋈◻⋈◻⋈⊙⋈◻⋈⊙⋈◻⋈◻⋈⊙⋈◻⋈◻⋈⊙⋈◻⋈⊙⋈◻⋈◻⋈◻⋈◻⋈◻⋈⊙⋈◻⋈⊙⋈◻⋈◻⋈⊙⋈◻⋈⊙⋈◻⋈◻⋈⊙⋈◻⋈⊙⋈◻⋈◻⋈◻⋈◻⋈◻⋈⊙⋈◻⋈◻⋈⊙⋈◻⋈⊙⋈◻⋈◻⋈⊙⋈◻⋈⊙⋈◻⊣	Lean.ofReduceBool,Lean.trustCompiler
CollatzOperationalized.verify_seed_5	⊢≻⋈◻⋈◻⋈◻⋈◻⋈◻⋈⊙⋈◻⋈⊙⋈◻⋈◻⋈⊙⋈◻⋈⊙⋈◻⋈◻⋈⊙⋈◻⋈⊙⋈◻⋈◻⋈◻⋈◻⋈⊙⋈◻⋈◻⋈⊙⋈◻⋈⊙⋈◻⋈◻⋈⊙⋈◻⋈⊙⋈◻⋈◻⋈◻⋈◻⋈◻⋈◻⋈◻⋈⊙⋈◻⋈⊙⋈◻⋈◻⋈⊙⋈◻⋈⊙⋈◻⋈◻⋈⊙⋈◻⋈⊙⋈◻⋈◻⋈◻⋈◻⋈⊙⋈◻⋈◻⋈⊙⋈◻⋈⊙⋈◻⋈◻⋈⊙⋈◻⋈⊙⋈◻⋈◻⋈◻⋈◻⋈◻⋈◻⋈◻⋈⊙⋈◻⋈⊙⋈◻⋈◻⋈⊙⋈◻⋈⊙⋈◻⋈◻⋈◻⋈◻⋈⊙⋈◻⋈◻⋈⊙⋈◻⋈⊙⋈◻⋈◻⋈◻⋈◻⋈◻⋈⊙⋈◻⋈⊙⋈◻⋈◻⋈⊙⋈◻⋈⊙⋈◻⋈◻⋈⊙⋈◻⋈◻⋈⊙⋈◻⋈⊙⋈◻⋈◻⋈◻⋈◻⋈◻⋈⊙⋈◻⋈⊙⋈◻⋈◻⋈⊙⋈◻⋈⊙⋈◻⋈◻⋈⊙⋈◻⋈⊙⋈◻⋈◻⋈◻⋈◻⋈◻⋈⊙⋈◻⋈◻⋈⊙⋈◻⋈⊙⋈◻⋈◻⋈⊙⋈◻⋈⊙⋈◻⊣	Lean.ofReduceBool,Lean.trustCompiler
CollatzOperationalized.terminal_cycle_T_4	⊢◻⋈◻⋈◻⋈◻⋈◻⋈◻⋈⊙⋈◻⋈⊙⋈◻⋈◻⋈⊙⋈◻⋈⊙⋈◻⋈◻⋈◻⋈∈⊤◻⊥◻⋈◻⋈◻⋈◻⋈◻⋈◻⋈◻⋈◻⋈◻⋈◻⋈◻⋈⊙⋈◻⋈⊙⋈◻⋈◻⋈⊙⋈◻⋈⊙⋈◻⋈◻⋈⊙⋈◻⋈⊙⊥◻⋈◻⋈◻⋈◻⋈◻⋈◻⋈◻⋈◻⋈◻⋈◻⋈⊙⋈◻⋈⊙⋈◻⋈◻⋈⊙⋈◻⋈⊙⋈◻⋈◻⋈⊙⋈◻⋈⊙⊥◻⋈◻⋈◻⋈◻⋈◻⋈◻⋈◻⋈◻⋈◻⋈⊙⋈◻⋈⊙⋈◻⋈◻⋈⊙⋈◻⋈⊙⊥◻⋈◻⋈◻⋈◻⋈◻⋈◻⋈◻⋈◻⋈◻⋈◻⋈◻⋈◻⋈◻⋈◻⋈◻⋈◻⋈⊙⋈◻⋈⊙⋈◻⋈◻⋈⊙⋈◻⋈⊙⋈◻⋈◻⋈⊙⋈◻⋈⊙∋⋈◻⋈◻⋈⊙⋈◻⋈⊙⋈◻⋈◻⋈◻⋈∈⊤◻⊥◻⋈◻⋈◻⋈◻⋈◻⋈◻⋈◻⋈◻⋈◻⋈◻⋈◻⋈⊙⋈◻⋈⊙⋈◻⋈◻⋈⊙⋈◻⋈⊙⋈◻⋈◻⋈⊙⋈◻⋈⊙⊥◻⋈◻⋈◻⋈◻⋈◻⋈◻⋈◻⋈◻⋈◻⋈◻⋈⊙⋈◻⋈⊙⋈◻⋈◻⋈⊙⋈◻⋈⊙⋈◻⋈◻⋈⊙⋈◻⋈⊙⊥◻⋈◻⋈◻⋈◻⋈◻⋈◻⋈◻⋈◻⋈◻⋈⊙⋈◻⋈⊙⋈◻⋈◻⋈⊙⋈◻⋈⊙⊥◻⋈◻⋈◻⋈◻⋈◻⋈◻⋈◻⋈◻⋈◻⋈◻⋈◻⋈◻⋈◻⋈◻⋈◻⋈◻⋈⊙⋈◻⋈⊙⋈◻⋈◻⋈⊙⋈◻⋈⊙⋈◻⋈◻⋈⊙⋈◻⋈⊙∋⋈◻⋈◻⋈⊙⋈◻⋈⊙⋈◻⋈◻⋈◻⋈◻⋈⊙⋈◻⋈⊙⋈◻⋈◻⋈⊙⋈◻⋈⊙⋈◻⋈◻⋈◻⋈◻⋈◻⋈∈⊤◻⊥◻⋈◻⋈◻⋈◻⋈◻⋈◻⋈◻⋈◻⋈◻⋈◻⋈◻⋈⊙⋈◻⋈⊙⋈◻⋈◻⋈⊙⋈◻⋈⊙⋈◻⋈◻⋈⊙⋈◻⋈⊙⊥◻⋈◻⋈◻⋈◻⋈◻⋈◻⋈◻⋈◻⋈◻⋈◻⋈⊙⋈◻⋈⊙⋈◻⋈◻⋈⊙⋈◻⋈⊙⋈◻⋈◻⋈⊙⋈◻⋈⊙⊥◻⋈◻⋈◻⋈◻⋈◻⋈◻⋈◻⋈◻⋈◻⋈⊙⋈◻⋈⊙⋈◻⋈◻⋈⊙⋈◻⋈⊙⊥◻⋈◻⋈◻⋈◻⋈◻⋈◻⋈◻⋈◻⋈◻⋈◻⋈◻⋈◻⋈◻⋈◻⋈◻⋈◻⋈⊙⋈◻⋈⊙⋈◻⋈◻⋈⊙⋈◻⋈⊙⋈◻⋈◻⋈⊙⋈◻⋈⊙∋⋈◻⋈◻⋈◻⋈◻⋈⊙⋈◻⋈⊙⋈◻⋈◻⋈∈⊤◻⊥◻⋈◻⋈◻⋈◻⋈◻⋈◻⋈◻⋈◻⋈◻⋈◻⋈◻⋈⊙⋈◻⋈⊙⋈◻⋈◻⋈⊙⋈◻⋈⊙⋈◻⋈◻⋈⊙⋈◻⋈⊙⊥◻⋈◻⋈◻⋈◻⋈◻⋈◻⋈◻⋈◻⋈◻⋈◻⋈⊙⋈◻⋈⊙⋈◻⋈◻⋈⊙⋈◻⋈⊙⋈◻⋈◻⋈⊙⋈◻⋈⊙⊥◻⋈◻⋈◻⋈◻⋈◻⋈◻⋈◻⋈◻⋈◻⋈⊙⋈◻⋈⊙⋈◻⋈◻⋈⊙⋈◻⋈⊙⊥◻⋈◻⋈◻⋈◻⋈◻⋈◻⋈◻⋈◻⋈◻⋈◻⋈◻⋈◻⋈◻⋈◻⋈◻⋈◻⋈⊙⋈◻⋈⊙⋈◻⋈◻⋈⊙⋈◻⋈⊙⋈◻⋈◻⋈⊙⋈◻⋈⊙∋⋈◻⋈◻⋈⊙⋈◻⋈⊙⋈◻⋈◻⋈◻⋈◻⋈◻⋈◻⋈◻⋈◻⋈◻⋈◻⋈◻⋈◻⋈◻⋈◻⋈◻⋈⊙⋈◻⋈⊙⋈◻⋈◻⋈⊙⋈◻⋈⊙⋈◻⋈◻⋈⊙⋈◻⋈⊙⋈◻⋈◻⋈◻⋈◻⋈◻⋈◻⋈◻⋈◻⋈◻⋈◻⋈⊙⋈◻⋈⊙⋈◻⋈◻⋈⊙⋈◻⋈⊙⋈◻⋈◻⋈⊙⋈◻⋈⊙⋈◻⋈◻⋈◻⋈◻⋈◻⋈◻⋈◻⋈◻⋈◻⋈⊙⋈◻⋈⊙⋈◻⋈◻⋈⊙⋈◻⋈⊙⋈◻⋈◻⋈◻⋈◻⋈◻⋈◻⋈◻⋈◻⋈◻⋈◻⋈◻⋈◻⋈◻⋈◻⋈◻⋈◻⋈⊙⋈◻⋈⊙⋈◻⋈◻⋈⊙⋈◻⋈⊙⋈◻⋈◻⋈⊙⋈◻⋈⊙⋈◻⋈◻⋈◻⋈◻⋈⊙⋈◻⋈⊙⋈◻⋈◻⋈⊙⋈◻⋈⊙⋈◻⋈◻⋈◻⋈◻⋈⊙⋈◻⋈⊙⊣	clean
CollatzOperationalized.afwd.eq_1	⊢◻⋈◻⋈◻⋈⊙⊣	clean
CollatzOperationalized.Status.ofNat_ctorIdx	⊢∈⊤◻⋈◻⋈◻⋈◻⋈⊙⋈⊙⊥⊙⊥◻⋈◻⋈◻⊥◻⋈◻⋈◻⊥◻⋈◻⋈◻⊥◻⋈◻⋈◻∋⊣	clean
CollatzOperationalized.collatz_O_inf_distance	⊢◻⊣	Lean.ofReduceBool,Lean.trustCompiler
CollatzOperationalized.fp2_closure	⊢◻⋈◻⋈◻⋈◻⋈⊙⋈◻⋈◻⋈◻⋈◻⋈◻⋈◻⋈◻⋈◻⋈⊙⋈◻⋈◻⋈⊙⋈◻⋈⊙⋈◻⋈⊙⋈◻⋈◻⋈◻⋈∈⊤◻⊥◻⋈◻⋈◻⋈◻⋈◻⋈◻⋈◻⋈◻⋈⊙⋈◻⋈◻⋈⊙⋈◻⋈⊙⊥◻⋈⊙⊥◻⋈⊙∋⋈◻⋈⊙⋈◻⋈◻⋈◻⋈∈⊤◻⊥∈⊤◻⊥◻⋈◻⋈◻⋈◻⋈◻⋈◻⋈◻⋈◻⋈◻⋈⊙⋈◻⋈◻⋈⊙⋈◻⋈⊙⋈◻⋈◻⋈⊙⋈◻⋈⊙⊥◻⋈◻⋈◻⋈◻⋈◻⋈◻⋈◻⋈◻⋈⊙⋈◻⋈◻⋈⊙⋈◻⋈⊙⋈◻⋈◻⋈⊙⋈◻⋈⊙⊥◻⊥◻∋⊥◻⋈⊙⊥◻⋈⊙∋⋈◻⋈⊙⋈◻⋈◻⋈◻⋈∈⊤◻⊥∈⊤◻⊥◻⋈◻⋈◻⋈◻⋈◻⋈◻⋈◻⋈◻⋈◻⋈⊙⋈◻⋈◻⋈⊙⋈◻⋈⊙⋈◻⋈◻⋈⊙⋈◻⋈⊙⊥◻⋈◻⋈◻⋈◻⋈◻⋈◻⋈◻⋈◻⋈⊙⋈◻⋈◻⋈⊙⋈◻⋈⊙⋈◻⋈◻⋈⊙⋈◻⋈⊙⊥◻⊥◻∋⊥◻⋈⊙⊥◻⋈⊙∋⋈∈⊤◻⊥◻⋈◻⋈◻⋈◻⋈◻⋈◻⋈◻⋈◻⋈◻⋈⊙⋈◻⋈◻⋈⊙⋈◻⋈⊙⋈◻⋈◻⋈⊙⋈◻⋈⊙⊥◻⋈◻⋈◻⋈◻⋈◻⋈◻⋈◻⋈◻⋈⊙⋈◻⋈◻⋈⊙⋈◻⋈⊙⋈◻⋈◻⋈⊙⋈◻⋈⊙⊥◻⋈◻⋈◻⋈◻⋈◻⋈◻⋈◻⋈⊙⋈◻⋈◻⋈⊙⋈◻⋈⊙⊥◻⋈◻⋈◻⋈◻⋈◻⋈◻⋈◻⋈◻⋈◻⋈◻⋈◻⋈◻⋈◻⋈◻⋈◻⋈◻⋈⊙⋈◻⋈⊙⋈⊙⋈◻⋈◻⋈⊙⋈◻⋈⊙∋⋈◻⋈◻⋈◻⋈∈⊤◻⊥∈⊤◻⊥◻⋈◻⋈◻⋈◻⋈◻⋈◻⋈◻⋈◻⋈◻⋈⊙⋈◻⋈◻⋈⊙⋈◻⋈⊙⋈◻⋈◻⋈⊙⋈◻⋈⊙⊥◻⋈◻⋈◻⋈◻⋈◻⋈◻⋈◻⋈◻⋈⊙⋈◻⋈◻⋈⊙⋈◻⋈⊙⋈◻⋈◻⋈⊙⋈◻⋈⊙⊥◻⊥◻∋⊥◻⋈◻⋈◻⋈◻⋈◻⋈◻⋈◻⋈◻⋈◻⋈◻⋈◻⋈◻⋈◻⋈◻⋈◻⋈◻⋈⊙⋈◻⋈⊙⋈⊙⋈◻⋈◻⋈⊙⋈◻⋈⊙⊥◻⋈⊙∋⋈∈⊤◻⊥◻⋈◻⋈◻⋈◻⋈◻⋈◻⋈◻⋈◻⋈◻⋈⊙⋈◻⋈◻⋈⊙⋈◻⋈⊙⋈◻⋈◻⋈⊙⋈◻⋈⊙⊥◻⋈◻⋈◻⋈◻⋈◻⋈◻⋈◻⋈◻⋈⊙⋈◻⋈◻⋈⊙⋈◻⋈⊙⋈◻⋈◻⋈⊙⋈◻⋈⊙⊥◻⋈◻⋈◻⋈◻⋈◻⋈◻⋈◻⋈⊙⋈◻⋈◻⋈⊙⋈◻⋈⊙⊥◻⋈◻⋈◻⋈◻⋈◻⋈◻⋈◻⋈◻⋈◻⋈◻⋈◻⋈◻⋈◻⋈◻⋈◻⋈◻⋈⊙⋈◻⋈⊙⋈⊙⋈◻⋈◻⋈⊙⋈◻⋈⊙∋⋈∈⊤◻⋈◻⋈∈⊤◻⊥∈⊤◻⊥◻⋈◻⋈◻⋈◻⋈◻⋈◻⋈◻⋈◻⋈◻⋈⊙⋈◻⋈◻⋈⊙⋈◻⋈⊙⋈◻⋈◻⋈⊙⋈◻⋈⊙⊥◻⋈◻⋈◻⋈◻⋈◻⋈◻⋈◻⋈◻⋈⊙⋈◻⋈◻⋈⊙⋈◻⋈⊙⋈◻⋈◻⋈⊙⋈◻⋈⊙⊥◻⊥◻∋⊥◻⋈◻⋈◻⋈◻⋈◻⋈◻⋈◻⋈◻⋈◻⋈◻⋈◻⋈◻⋈◻⋈◻⋈◻⋈◻⋈⊙⋈◻⋈⊙⋈⊙⋈◻⋈◻⋈⊙⋈◻⋈⊙⊥◻⋈◻⋈◻⋈◻⋈◻⋈◻⋈◻⋈⊙⋈◻⋈◻⋈⊙⋈◻⋈⊙∋⋈∈⊤◻⊥◻⋈◻⋈◻⋈◻⋈◻⋈◻⋈◻⋈◻⋈◻⋈⊙⋈◻⋈◻⋈⊙⋈◻⋈⊙⋈◻⋈◻⋈⊙⋈◻⋈⊙⊥◻⋈◻⋈◻⋈◻⋈◻⋈◻⋈◻⋈◻⋈⊙⋈◻⋈◻⋈⊙⋈◻⋈⊙⋈◻⋈◻⋈⊙⋈◻⋈⊙⊥◻⋈◻⋈◻⋈◻⋈◻⋈◻⋈◻⋈⊙⋈◻⋈◻⋈⊙⋈◻⋈⊙⊥◻⋈◻⋈◻⋈◻⋈◻⋈◻⋈◻⋈◻⋈◻⋈◻⋈◻⋈◻⋈◻⋈◻⋈◻⋈◻⋈⊙⋈◻⋈⊙⋈⊙⋈◻⋈◻⋈⊙⋈◻⋈⊙∋⊥◻⋈◻⋈◻⋈◻⋈◻⋈◻⋈◻⋈◻⋈◻⋈⊙⋈◻⋈◻⋈⊙⋈◻⋈⊙⋈◻⋈◻⋈⊙⋈◻⋈⊙⊥◻⋈◻⋈◻⋈◻⋈◻⋈◻⋈◻⋈◻⋈⊙⋈◻⋈◻⋈⊙⋈◻⋈⊙⋈◻⋈◻⋈⊙⋈◻⋈⊙⊥◻⋈◻⋈◻⋈∈⊤◻⊥∈⊤◻⊥◻⋈◻⋈◻⋈◻⋈◻⋈◻⋈◻⋈◻⋈◻⋈⊙⋈◻⋈◻⋈⊙⋈◻⋈⊙⋈◻⋈◻⋈⊙⋈◻⋈⊙⊥◻⋈◻⋈◻⋈◻⋈◻⋈◻⋈◻⋈◻⋈⊙⋈◻⋈◻⋈⊙⋈◻⋈⊙⋈◻⋈◻⋈⊙⋈◻⋈⊙⊥◻⊥◻∋⊥◻⋈◻⋈◻⋈◻⋈◻⋈◻⋈◻⋈◻⋈◻⋈◻⋈◻⋈◻⋈◻⋈◻⋈◻⋈◻⋈⊙⋈◻⋈⊙⋈⊙⋈◻⋈◻⋈⊙⋈◻⋈⊙⊥◻⋈◻⋈◻⋈◻⋈◻⋈◻⋈◻⋈⊙⋈◻⋈◻⋈⊙⋈◻⋈⊙∋⋈∈⊤◻⊥◻⋈◻⋈◻⋈◻⋈◻⋈◻⋈◻⋈◻⋈◻⋈⊙⋈◻⋈◻⋈⊙⋈◻⋈⊙⋈◻⋈◻⋈⊙⋈◻⋈⊙⊥◻⋈◻⋈◻⋈◻⋈◻⋈◻⋈◻⋈◻⋈⊙⋈◻⋈◻⋈⊙⋈◻⋈⊙⋈◻⋈◻⋈⊙⋈◻⋈⊙⊥◻⋈◻⋈◻⋈◻⋈◻⋈◻⋈◻⋈⊙⋈◻⋈◻⋈⊙⋈◻⋈⊙⊥◻⋈◻⋈◻⋈◻⋈◻⋈◻⋈◻⋈◻⋈◻⋈◻⋈◻⋈◻⋈◻⋈◻⋈◻⋈◻⋈⊙⋈◻⋈⊙⋈⊙⋈◻⋈◻⋈⊙⋈◻⋈⊙∋⋈◻⋈◻⋈◻⋈∈⊤◻⊥∈⊤◻⊥◻⋈◻⋈◻⋈◻⋈◻⋈◻⋈◻⋈◻⋈◻⋈⊙⋈◻⋈◻⋈⊙⋈◻⋈⊙⋈◻⋈◻⋈⊙⋈◻⋈⊙⊥◻⋈◻⋈◻⋈◻⋈◻⋈◻⋈◻⋈◻⋈⊙⋈◻⋈◻⋈⊙⋈◻⋈⊙⋈◻⋈◻⋈⊙⋈◻⋈⊙⊥◻⊥◻∋⊥◻⋈◻⋈◻⋈◻⋈◻⋈◻⋈◻⋈◻⋈◻⋈◻⋈◻⋈◻⋈◻⋈◻⋈◻⋈◻⋈⊙⋈◻⋈⊙⋈⊙⋈◻⋈◻⋈⊙⋈◻⋈⊙⊥◻⋈◻⋈◻⋈◻⋈◻⋈◻⋈◻⋈⊙⋈◻⋈◻⋈⊙⋈◻⋈⊙∋⋈∈⊤◻⊥◻⋈◻⋈◻⋈◻⋈◻⋈◻⋈◻⋈◻⋈◻⋈⊙⋈◻⋈◻⋈⊙⋈◻⋈⊙⋈◻⋈◻⋈⊙⋈◻⋈⊙⊥◻⋈◻⋈◻⋈◻⋈◻⋈◻⋈◻⋈◻⋈⊙⋈◻⋈◻⋈⊙⋈◻⋈⊙⋈◻⋈◻⋈⊙⋈◻⋈⊙⊥◻⋈◻⋈◻⋈◻⋈◻⋈◻⋈◻⋈⊙⋈◻⋈◻⋈⊙⋈◻⋈⊙⊥◻⋈◻⋈◻⋈◻⋈◻⋈◻⋈◻⋈◻⋈◻⋈◻⋈◻⋈◻⋈◻⋈◻⋈◻⋈◻⋈⊙⋈◻⋈⊙⋈⊙⋈◻⋈◻⋈⊙⋈◻⋈⊙∋⋈◻⋈◻⋈◻⋈◻⋈⊙⋈◻⋈⊙⋈◻⋈◻⋈⊙⋈◻⋈⊙⋈◻⋈◻⋈◻⋈◻⋈∈⊤◻⊥∈⊤◻⊥◻⋈◻⋈◻⋈◻⋈◻⋈◻⋈◻⋈◻⋈◻⋈⊙⋈◻⋈◻⋈⊙⋈◻⋈⊙⋈◻⋈◻⋈⊙⋈◻⋈⊙⊥◻⋈◻⋈◻⋈◻⋈◻⋈◻⋈◻⋈◻⋈⊙⋈◻⋈◻⋈⊙⋈◻⋈⊙⋈◻⋈◻⋈⊙⋈◻⋈⊙⊥◻⊥◻∋⊥◻⋈◻⋈◻⋈◻⋈◻⋈◻⋈◻⋈◻⋈◻⋈◻⋈◻⋈◻⋈◻⋈◻⋈◻⋈◻⋈⊙⋈◻⋈⊙⋈⊙⋈◻⋈◻⋈⊙⋈◻⋈⊙⊥◻⋈◻⋈◻⋈◻⋈◻⋈◻⋈◻⋈⊙⋈◻⋈◻⋈⊙⋈◻⋈⊙∋⋈∈⊤◻⊥◻⋈◻⋈◻⋈◻⋈◻⋈◻⋈◻⋈◻⋈◻⋈⊙⋈◻⋈◻⋈⊙⋈◻⋈⊙⋈◻⋈◻⋈⊙⋈◻⋈⊙⊥◻⋈◻⋈◻⋈◻⋈◻⋈◻⋈◻⋈◻⋈⊙⋈◻⋈◻⋈⊙⋈◻⋈⊙⋈◻⋈◻⋈⊙⋈◻⋈⊙⊥◻⋈◻⋈◻⋈◻⋈◻⋈◻⋈◻⋈⊙⋈◻⋈◻⋈⊙⋈◻⋈⊙⊥◻⋈◻⋈◻⋈◻⋈◻⋈◻⋈◻⋈◻⋈◻⋈◻⋈◻⋈◻⋈◻⋈◻⋈◻⋈◻⋈⊙⋈◻⋈⊙⋈⊙⋈◻⋈◻⋈⊙⋈◻⋈⊙∋⋈◻⋈◻⋈◻⋈◻⋈◻⋈◻⋈◻⋈◻⋈◻⋈◻⋈◻⋈◻⋈◻⋈◻⋈◻⋈◻⋈◻⋈◻⋈⊙⋈◻⋈⊙⋈⊙⋈◻⋈◻⋈⊙⋈◻⋈⊙⋈◻⋈◻⋈◻⋈◻⋈◻⋈◻⋈◻⋈◻⋈◻⋈◻⋈◻⋈◻⋈◻⋈◻⋈◻⋈◻⋈⊙⋈◻⋈⊙⋈⊙⋈◻⋈◻⋈⊙⋈◻⋈⊙⋈◻⋈◻⋈◻⋈◻⋈⊙⋈◻⋈⊙⋈◻⋈◻⋈⊙⋈◻⋈⊙⋈◻⋈◻⋈◻⋈◻⋈∈⊤◻⊥∈⊤◻⊥◻⋈◻⋈◻⋈◻⋈◻⋈◻⋈◻⋈◻⋈◻⋈⊙⋈◻⋈◻⋈⊙⋈◻⋈⊙⋈◻⋈◻⋈⊙⋈◻⋈⊙⊥◻⋈◻⋈◻⋈◻⋈◻⋈◻⋈◻⋈◻⋈⊙⋈◻⋈◻⋈⊙⋈◻⋈⊙⋈◻⋈◻⋈⊙⋈◻⋈⊙⊥◻⊥◻∋⊥◻⋈◻⋈◻⋈◻⋈◻⋈◻⋈◻⋈◻⋈◻⋈◻⋈◻⋈◻⋈◻⋈◻⋈◻⋈◻⋈⊙⋈◻⋈⊙⋈⊙⋈◻⋈◻⋈⊙⋈◻⋈⊙⊥◻⋈◻⋈◻⋈◻⋈◻⋈◻⋈◻⋈⊙⋈◻⋈◻⋈⊙⋈◻⋈⊙∋⋈◻⋈◻⋈◻⋈◻⋈◻⋈◻⋈◻⋈◻⋈◻⋈◻⋈◻⋈◻⋈◻⋈◻⋈◻⋈◻⋈◻⋈◻⋈⊙⋈◻⋈⊙⋈⊙⋈◻⋈◻⋈⊙⋈◻⋈⊙⋈∈⊤◻⊥◻⋈◻⋈◻⋈◻⋈◻⋈◻⋈◻⋈◻⋈◻⋈⊙⋈◻⋈◻⋈⊙⋈◻⋈⊙⋈◻⋈◻⋈⊙⋈◻⋈⊙⊥◻⋈◻⋈◻⋈◻⋈◻⋈◻⋈◻⋈◻⋈⊙⋈◻⋈◻⋈⊙⋈◻⋈⊙⋈◻⋈◻⋈⊙⋈◻⋈⊙⊥◻⋈◻⋈◻⋈◻⋈◻⋈◻⋈◻⋈⊙⋈◻⋈◻⋈⊙⋈◻⋈⊙⊥◻⋈◻⋈◻⋈◻⋈◻⋈◻⋈◻⋈◻⋈◻⋈◻⋈◻⋈◻⋈◻⋈◻⋈◻⋈◻⋈⊙⋈◻⋈⊙⋈⊙⋈◻⋈◻⋈⊙⋈◻⋈⊙∋⋈◻⋈◻⋈◻⋈◻⋈◻⋈◻⋈◻⋈◻⋈◻⋈◻⋈◻⋈◻⋈◻⋈◻⋈◻⋈◻⋈⊙⋈◻⋈⊙⋈⊙⋈◻⋈◻⋈⊙⋈◻⋈⊙⋈◻⋈◻⋈∈⊤◻⊥∈⊤◻⊥◻⋈◻⋈◻⋈◻⋈◻⋈◻⋈◻⋈◻⋈◻⋈⊙⋈◻⋈◻⋈⊙⋈◻⋈⊙⋈◻⋈◻⋈⊙⋈◻⋈⊙⊥◻⋈◻⋈◻⋈◻⋈◻⋈◻⋈◻⋈◻⋈⊙⋈◻⋈◻⋈⊙⋈◻⋈⊙⋈◻⋈◻⋈⊙⋈◻⋈⊙⊥◻⊥◻∋⊥◻⋈◻⋈◻⋈◻⋈◻⋈◻⋈◻⋈◻⋈◻⋈◻⋈◻⋈◻⋈◻⋈◻⋈◻⋈◻⋈⊙⋈◻⋈⊙⋈⊙⋈◻⋈◻⋈⊙⋈◻⋈⊙⊥◻⋈◻⋈◻⋈◻⋈◻⋈◻⋈◻⋈⊙⋈◻⋈◻⋈⊙⋈◻⋈⊙∋⋈◻⋈◻⋈◻⋈◻⋈◻⋈◻⋈◻⋈◻⋈◻⋈◻⋈◻⋈◻⋈◻⋈◻⋈◻⋈◻⋈⊙⋈◻⋈⊙⋈⊙⋈◻⋈◻⋈⊙⋈◻⋈⊙⋈◻⋈◻⋈◻⋈◻⋈◻⋈∈⊤◻⊥◻⋈◻⋈◻⋈◻⋈◻⋈◻⋈◻⋈◻⋈◻⋈⊙⋈◻⋈◻⋈⊙⋈◻⋈⊙⋈◻⋈◻⋈⊙⋈◻⋈⊙⊥◻⋈◻⋈◻⋈◻⋈◻⋈◻⋈◻⋈◻⋈⊙⋈◻⋈◻⋈⊙⋈◻⋈⊙⋈◻⋈◻⋈⊙⋈◻⋈⊙⊥◻⊥◻∋⋈◻⋈∈⊤◻⊥⊙⊥◻⋈◻⋈◻⋈◻⋈◻⋈◻⋈◻⋈◻⋈◻⋈◻⋈◻⋈◻⋈◻⋈◻⋈◻⋈◻⋈⊙⋈◻⋈⊙⋈⊙⋈◻⋈◻⋈⊙⋈◻⋈⊙⊥◻⋈◻⋈◻⋈◻⋈◻⋈◻⋈◻⋈⊙⋈◻⋈◻⋈⊙⋈◻⋈⊙∋⋈◻⋈◻⋈◻⋈◻⋈◻⋈◻⋈◻⋈◻⋈◻⋈◻⋈◻⋈⊙⋈◻⋈◻⋈⊙⋈◻⋈⊙⋈◻⋈◻⋈⊙⋈◻⋈⊙⋈◻⋈◻⋈◻⋈◻⋈◻⋈◻⋈◻⋈◻⋈⊙⋈◻⋈◻⋈⊙⋈◻⋈⊙⋈◻⋈◻⋈⊙⋈◻⋈⊙⋈◻⋈◻⋈◻⋈◻⋈◻⋈◻⋈◻⋈◻⋈◻⋈◻⋈◻⋈◻⋈⊙⋈◻⋈◻⋈⊙⋈◻⋈⊙⋈◻⋈◻⋈⊙⋈◻⋈⊙⋈◻⋈◻⋈◻⋈◻⋈⊙⋈◻⋈⊙⋈◻⋈◻⋈⊙⋈◻⋈⊙⋈◻⋈◻⋈◻⋈◻⋈◻⋈◻⋈◻⋈◻⋈◻⋈◻⋈◻⋈◻⋈⊙⋈◻⋈◻⋈⊙⋈◻⋈⊙⋈◻⋈◻⋈◻⋈◻⋈⊙⋈◻⋈⊙⋈◻⋈◻⋈◻⋈◻⋈◻⋈◻⋈◻⋈◻⋈◻⋈⊙⋈◻⋈◻⋈⊙⋈◻⋈⊙⋈◻⋈◻⋈⊙⋈◻⋈⊙⋈◻⋈◻⋈⊙⋈◻⋈◻⋈⊙⋈◻⋈⊙⋈◻⋈◻⋈◻⋈◻⋈⊙⋈◻⋈⊙⋈◻⋈◻⋈◻⋈◻⋈◻⋈◻⋈◻⋈◻⋈◻⋈◻⋈◻⋈⊙⋈◻⋈◻⋈⊙⋈◻⋈⊙⋈◻⋈◻⋈⊙⋈◻⋈⊙⋈◻⋈◻⋈◻⋈◻⋈◻⋈◻⋈◻⋈◻⋈⊙⋈◻⋈◻⋈⊙⋈◻⋈⊙⋈◻⋈◻⋈⊙⋈◻⋈⊙⋈◻⋈◻⋈◻⋈◻⋈◻⋈◻⋈◻⋈⊙⋈◻⋈◻⋈⊙⋈◻⋈⊙⋈◻⋈◻⋈◻⋈◻⋈◻⋈◻⋈◻⋈◻⋈◻⋈◻⋈◻⋈◻⋈◻⋈◻⋈◻⋈◻⋈⊙⋈◻⋈⊙⋈⊙⋈◻⋈◻⋈⊙⋈◻⋈⊙⋈◻⋈◻⋈◻⋈◻⋈◻⋈◻⋈◻⋈◻⋈◻⋈◻⋈⊙⋈◻⋈◻⋈⊙⋈◻⋈⊙⋈◻⋈◻⋈⊙⋈◻⋈⊙⋈◻⋈◻⋈◻⋈◻⋈⊙⋈◻⋈⊙⋈◻⋈◻⋈⊙⋈◻⋈⊙⋈◻⋈◻⋈◻⋈◻⋈◻⋈◻⋈◻⋈◻⋈◻⋈◻⋈◻⋈◻⋈⊙⋈◻⋈◻⋈⊙⋈◻⋈⊙⋈◻⋈◻⋈◻⋈◻⋈⊙⋈◻⋈⊙⋈◻⋈◻⋈◻⋈◻⋈◻⋈◻⋈◻⋈◻⋈◻⋈⊙⋈◻⋈◻⋈⊙⋈◻⋈⊙⋈◻⋈◻⋈⊙⋈◻⋈⊙⋈◻⋈◻⋈⊙⋈◻⋈◻⋈⊙⋈◻⋈⊙⋈◻⋈◻⋈◻⋈⊙⋈◻⋈⊙⋈◻⋈◻⋈◻⋈⊙⋈◻⋈⊙⋈◻⋈◻⋈⊙⋈◻⋈⊙⋈◻⋈◻⋈◻⋈◻⋈◻⋈◻⋈◻⋈◻⋈◻⋈⊙⋈◻⋈⊙⋈⊙⋈◻⋈◻⋈◻⋈◻⋈⊙⋈◻⋈⊙⊥◻⋈⊙◻∈⊤◻⋈◻⋈◻⋈◻⋈◻⋈◻⋈◻⋈◻⋈◻⋈⊙⋈◻⋈◻⋈⊙⋈◻⋈⊙⋈◻⋈◻⋈⊙⋈◻⋈⊙⊥◻⋈◻⋈◻⋈◻⋈◻⋈◻⋈◻⋈◻⋈◻⋈⊙⋈◻⋈◻⋈⊙⋈◻⋈⊙⋈◻⋈◻⋈⊙⋈◻⋈⊙⊥◻⋈◻⋈◻⋈◻⋈◻⋈◻⋈◻⋈◻⋈◻⋈⊙⋈◻⋈◻⋈⊙⋈◻⋈⊙⋈◻⋈◻⋈⊙⋈◻⋈⊙⊥⊙⊥⊙⊥∈⊤◻⋈◻⋈◻⋈◻⋈◻⋈◻⋈◻⋈◻⋈◻⋈⊙⋈◻⋈◻⋈⊙⋈◻⋈⊙⋈◻⋈◻⋈⊙⋈◻⋈⊙⊥⊙⋈⊙∋∋◻◻⋈◻⋈◻⋈∈⊤◻⊥∈⊤◻⊥◻⋈◻⋈◻⋈◻⋈◻⋈◻⋈◻⋈◻⋈◻⋈⊙⋈◻⋈◻⋈⊙⋈◻⋈⊙⋈◻⋈◻⋈⊙⋈◻⋈⊙⊥◻⋈◻⋈◻⋈◻⋈◻⋈◻⋈◻⋈◻⋈⊙⋈◻⋈◻⋈⊙⋈◻⋈⊙⋈◻⋈◻⋈⊙⋈◻⋈⊙⊥◻⊥◻∋⊥◻⋈◻⋈◻⋈◻⋈◻⋈◻⋈◻⋈◻⋈◻⋈◻⋈◻⋈◻⋈◻⋈◻⋈◻⋈◻⋈⊙⋈◻⋈⊙⋈⊙⋈◻⋈◻⋈⊙⋈◻⋈⊙⊥◻⋈◻⋈◻⋈◻⋈◻⋈◻⋈◻⋈⊙⋈◻⋈◻⋈⊙⋈◻⋈⊙∋⋈∈⊤◻⊥◻⋈◻⋈◻⋈◻⋈◻⋈◻⋈◻⋈◻⋈◻⋈⊙⋈◻⋈◻⋈⊙⋈◻⋈⊙⋈◻⋈◻⋈⊙⋈◻⋈⊙⊥◻⋈◻⋈◻⋈◻⋈◻⋈◻⋈◻⋈◻⋈⊙⋈◻⋈◻⋈⊙⋈◻⋈⊙⋈◻⋈◻⋈⊙⋈◻⋈⊙⊥◻⋈◻⋈◻⋈◻⋈◻⋈◻⋈◻⋈⊙⋈◻⋈◻⋈⊙⋈◻⋈⊙⊥◻⋈◻⋈◻⋈◻⋈◻⋈◻⋈◻⋈◻⋈◻⋈◻⋈◻⋈◻⋈◻⋈◻⋈◻⋈◻⋈⊙⋈◻⋈⊙⋈⊙⋈◻⋈◻⋈⊙⋈◻⋈⊙∋⋈◻⋈◻⋈◻⋈∈⊤◻⊥∈⊤◻⊥◻⋈◻⋈◻⋈◻⋈◻⋈◻⋈◻⋈◻⋈◻⋈⊙⋈◻⋈◻⋈⊙⋈◻⋈⊙⋈◻⋈◻⋈⊙⋈◻⋈⊙⊥◻⋈◻⋈◻⋈◻⋈◻⋈◻⋈◻⋈◻⋈⊙⋈◻⋈◻⋈⊙⋈◻⋈⊙⋈◻⋈◻⋈⊙⋈◻⋈⊙⊥◻⊥◻∋⊥◻⋈◻⋈◻⋈◻⋈◻⋈◻⋈◻⋈◻⋈◻⋈◻⋈◻⋈◻⋈◻⋈◻⋈◻⋈◻⋈⊙⋈◻⋈⊙⋈⊙⋈◻⋈◻⋈⊙⋈◻⋈⊙⊥◻⋈◻⋈◻⋈◻⋈◻⋈◻⋈◻⋈⊙⋈◻⋈◻⋈⊙⋈◻⋈⊙∋⋈∈⊤◻⊥◻⋈◻⋈◻⋈◻⋈◻⋈◻⋈◻⋈◻⋈◻⋈⊙⋈◻⋈◻⋈⊙⋈◻⋈⊙⋈◻⋈◻⋈⊙⋈◻⋈⊙⊥◻⋈◻⋈◻⋈◻⋈◻⋈◻⋈◻⋈◻⋈⊙⋈◻⋈◻⋈⊙⋈◻⋈⊙⋈◻⋈◻⋈⊙⋈◻⋈⊙⊥◻⋈◻⋈◻⋈◻⋈◻⋈◻⋈◻⋈⊙⋈◻⋈◻⋈⊙⋈◻⋈⊙⊥◻⋈◻⋈◻⋈◻⋈◻⋈◻⋈◻⋈◻⋈◻⋈◻⋈◻⋈◻⋈◻⋈◻⋈◻⋈◻⋈⊙⋈◻⋈⊙⋈⊙⋈◻⋈◻⋈⊙⋈◻⋈⊙∋⋈◻⋈◻⋈◻⋈◻⋈◻⋈◻⋈◻⋈◻⋈◻⋈⊙⋈◻⋈◻⋈⊙⋈◻⋈⊙⋈◻⋈◻⋈◻⋈◻⋈◻⋈◻⋈◻⋈⊙⋈◻⋈◻⋈⊙⋈◻⋈⊙⋈◻⋈◻⋈◻⋈◻⋈◻⋈∈⊤◻⊥∈⊤◻⊥◻⋈◻⋈◻⋈◻⋈◻⋈◻⋈◻⋈◻⋈◻⋈⊙⋈◻⋈◻⋈⊙⋈◻⋈⊙⋈◻⋈◻⋈⊙⋈◻⋈⊙⊥◻⋈◻⋈◻⋈◻⋈◻⋈◻⋈◻⋈◻⋈⊙⋈◻⋈◻⋈⊙⋈◻⋈⊙⋈◻⋈◻⋈⊙⋈◻⋈⊙⊥◻⊥◻∋⊥◻⋈◻⋈◻⋈◻⋈◻⋈◻⋈◻⋈◻⋈◻⋈◻⋈◻⋈◻⋈◻⋈◻⋈◻⋈◻⋈⊙⋈◻⋈⊙⋈⊙⋈◻⋈◻⋈⊙⋈◻⋈⊙⊥◻⋈◻⋈◻⋈◻⋈◻⋈◻⋈◻⋈⊙⋈◻⋈◻⋈⊙⋈◻⋈⊙∋⋈◻⋈◻⋈◻⋈◻⋈◻⋈◻⋈◻⋈◻⋈◻⋈⊙⋈◻⋈◻⋈⊙⋈◻⋈⊙⋈∈⊤◻⊥◻⋈◻⋈◻⋈◻⋈◻⋈◻⋈◻⋈◻⋈◻⋈⊙⋈◻⋈◻⋈⊙⋈◻⋈⊙⋈◻⋈◻⋈⊙⋈◻⋈⊙⊥◻⋈◻⋈◻⋈◻⋈◻⋈◻⋈◻⋈◻⋈⊙⋈◻⋈◻⋈⊙⋈◻⋈⊙⋈◻⋈◻⋈⊙⋈◻⋈⊙⊥◻⋈◻⋈◻⋈◻⋈◻⋈◻⋈◻⋈⊙⋈◻⋈◻⋈⊙⋈◻⋈⊙⊥◻⋈◻⋈◻⋈◻⋈◻⋈◻⋈◻⋈◻⋈◻⋈◻⋈◻⋈◻⋈◻⋈◻⋈◻⋈◻⋈⊙⋈◻⋈⊙⋈⊙⋈◻⋈◻⋈⊙⋈◻⋈⊙∋⋈◻⋈◻⋈◻⋈◻⋈◻⋈◻⋈◻⋈⊙⋈◻⋈◻⋈⊙⋈◻⋈⊙⋈◻⋈◻⋈∈⊤◻⊥∈⊤◻⊥◻⋈◻⋈◻⋈◻⋈◻⋈◻⋈◻⋈◻⋈◻⋈⊙⋈◻⋈◻⋈⊙⋈◻⋈⊙⋈◻⋈◻⋈⊙⋈◻⋈⊙⊥◻⋈◻⋈◻⋈◻⋈◻⋈◻⋈◻⋈◻⋈⊙⋈◻⋈◻⋈⊙⋈◻⋈⊙⋈◻⋈◻⋈⊙⋈◻⋈⊙⊥◻⊥◻∋⊥◻⋈◻⋈◻⋈◻⋈◻⋈◻⋈◻⋈◻⋈◻⋈◻⋈◻⋈◻⋈◻⋈◻⋈◻⋈◻⋈⊙⋈◻⋈⊙⋈⊙⋈◻⋈◻⋈⊙⋈◻⋈⊙⊥◻⋈◻⋈◻⋈◻⋈◻⋈◻⋈◻⋈⊙⋈◻⋈◻⋈⊙⋈◻⋈⊙∋⋈◻⋈◻⋈◻⋈◻⋈◻⋈◻⋈◻⋈⊙⋈◻⋈◻⋈⊙⋈◻⋈⊙⋈◻⋈◻⋈◻⋈◻⋈◻⋈∈⊤◻⊥◻⋈◻⋈◻⋈◻⋈◻⋈◻⋈◻⋈◻⋈◻⋈⊙⋈◻⋈◻⋈⊙⋈◻⋈⊙⋈◻⋈◻⋈⊙⋈◻⋈⊙⊥◻⋈◻⋈◻⋈◻⋈◻⋈◻⋈◻⋈◻⋈⊙⋈◻⋈◻⋈⊙⋈◻⋈⊙⋈◻⋈◻⋈⊙⋈◻⋈⊙⊥◻⊥◻∋⋈◻⋈∈⊤◻⊥⊙⊥◻⋈◻⋈◻⋈◻⋈◻⋈◻⋈◻⋈◻⋈◻⋈◻⋈◻⋈◻⋈◻⋈◻⋈◻⋈◻⋈⊙⋈◻⋈⊙⋈⊙⋈◻⋈◻⋈⊙⋈◻⋈⊙⊥◻⋈◻⋈◻⋈◻⋈◻⋈◻⋈◻⋈⊙⋈◻⋈◻⋈⊙⋈◻⋈⊙∋⋈◻⋈◻⋈◻⋈◻⋈◻⋈◻⋈◻⋈◻⋈◻⋈◻⋈◻⋈⊙⋈◻⋈◻⋈⊙⋈◻⋈⊙⋈◻⋈◻⋈⊙⋈◻⋈⊙⋈◻⋈◻⋈◻⋈◻⋈◻⋈◻⋈◻⋈◻⋈⊙⋈◻⋈◻⋈⊙⋈◻⋈⊙⋈◻⋈◻⋈⊙⋈◻⋈⊙⋈◻⋈◻⋈◻⋈◻⋈◻⋈◻⋈◻⋈◻⋈◻⋈◻⋈◻⋈◻⋈⊙⋈◻⋈◻⋈⊙⋈◻⋈⊙⋈◻⋈◻⋈⊙⋈◻⋈⊙⋈◻⋈◻⋈◻⋈◻⋈⊙⋈◻⋈⊙⋈◻⋈◻⋈⊙⋈◻⋈⊙⋈◻⋈◻⋈◻⋈◻⋈◻⋈◻⋈◻⋈◻⋈◻⋈◻⋈◻⋈◻⋈⊙⋈◻⋈◻⋈⊙⋈◻⋈⊙⋈◻⋈◻⋈◻⋈◻⋈⊙⋈◻⋈⊙⋈◻⋈◻⋈◻⋈◻⋈◻⋈◻⋈◻⋈◻⋈◻⋈⊙⋈◻⋈◻⋈⊙⋈◻⋈⊙⋈◻⋈◻⋈⊙⋈◻⋈⊙⋈◻⋈◻⋈⊙⋈◻⋈◻⋈⊙⋈◻⋈⊙⋈◻⋈◻⋈◻⋈◻⋈◻⋈◻⋈◻⋈◻⋈◻⋈◻⋈◻⋈◻⋈⊙⋈◻⋈◻⋈⊙⋈◻⋈⊙⋈◻⋈◻⋈⊙⋈◻⋈⊙⋈◻⋈◻⋈◻⋈◻⋈◻⋈◻⋈◻⋈◻⋈⊙⋈◻⋈◻⋈⊙⋈◻⋈⊙⋈◻⋈◻⋈⊙⋈◻⋈⊙⋈◻⋈◻⋈◻⋈◻⋈◻⋈◻⋈◻⋈⊙⋈◻⋈◻⋈⊙⋈◻⋈⊙⋈◻⋈◻⋈◻⋈◻⋈◻⋈◻⋈◻⋈◻⋈◻⋈◻⋈◻⋈◻⋈◻⋈◻⋈◻⋈◻⋈⊙⋈◻⋈⊙⋈⊙⋈◻⋈◻⋈⊙⋈◻⋈⊙⋈◻⋈◻⋈◻⋈◻⋈◻⋈◻⋈◻⋈◻⋈◻⋈◻⋈⊙⋈◻⋈◻⋈⊙⋈◻⋈⊙⋈◻⋈◻⋈⊙⋈◻⋈⊙⋈◻⋈◻⋈◻⋈◻⋈⊙⋈◻⋈⊙⋈◻⋈◻⋈⊙⋈◻⋈⊙⋈◻⋈◻⋈◻⋈◻⋈◻⋈◻⋈◻⋈◻⋈◻⋈◻⋈◻⋈◻⋈⊙⋈◻⋈◻⋈⊙⋈◻⋈⊙⋈◻⋈◻⋈◻⋈◻⋈⊙⋈◻⋈⊙⋈◻⋈◻⋈◻⋈◻⋈◻⋈◻⋈◻⋈◻⋈◻⋈⊙⋈◻⋈◻⋈⊙⋈◻⋈⊙⋈◻⋈◻⋈⊙⋈◻⋈⊙⋈◻⋈◻⋈⊙⋈◻⋈◻⋈⊙⋈◻⋈⊙⋈◻⋈◻⋈◻⋈◻⋈⊙⋈◻⋈⊙⋈◻⋈◻⋈◻⋈◻⋈◻⋈◻⋈◻⋈◻⋈◻⋈⊙⋈◻⋈◻⋈⊙⋈◻⋈⊙∋⊣	clean
CollatzOperationalized.conjecture_is_O₂._proof_1_1	⊢◻⋈◻⋈◻⋈◻⋈◻⋈◻⋈◻⋈◻⋈◻⋈◻⋈∈⊣	Lean.ofReduceBool,Lean.trustCompiler
CollatzOperationalized.verify_seed_3._proof_1_2	⊢◻⋈◻⋈◻⋈∈⊤◻⊥◻⋈◻⋈◻⋈◻⋈◻⋈◻⋈◻⋈◻⋈◻⋈◻⋈⊙⋈◻⋈◻⋈⊙⋈◻⋈⊙⋈◻⋈◻⋈⊙⋈◻⋈⊙⋈◻⋈◻⋈⊙⋈◻⋈⊙⊥◻⋈◻⋈◻⋈◻⋈◻⋈◻⋈◻⋈◻⋈◻⋈⊙⋈◻⋈◻⋈⊙⋈◻⋈⊙⋈◻⋈◻⋈⊙⋈◻⋈⊙⋈◻⋈◻⋈⊙⋈◻⋈⊙⊥◻⋈◻⋈◻⋈◻⋈◻⋈◻⋈◻⋈◻⋈⊙⋈◻⋈◻⋈⊙⋈◻⋈⊙⋈◻⋈◻⋈⊙⋈◻⋈⊙⊥◻⋈◻⋈◻⋈◻⋈◻⋈◻⋈◻⋈◻⋈◻⋈◻⋈◻⋈◻⋈◻⋈◻⋈◻⋈◻⋈⊙⋈◻⋈⊙⋈◻⋈⊙⋈◻⋈◻⋈⊙⋈◻⋈⊙⋈◻⋈◻⋈⊙⋈◻⋈⊙∋⋈◻⋈◻⋈⊙⋈◻⋈⊙⋈◻⋈∈⊤◻⊥◻⋈◻⋈◻⋈◻⋈◻⋈◻⋈◻⋈◻⋈◻⋈◻⋈⊙⋈◻⋈◻⋈⊙⋈◻⋈⊙⋈◻⋈◻⋈⊙⋈◻⋈⊙⋈◻⋈◻⋈⊙⋈◻⋈⊙⊥◻⋈◻⋈◻⋈◻⋈◻⋈◻⋈◻⋈◻⋈◻⋈⊙⋈◻⋈◻⋈⊙⋈◻⋈⊙⋈◻⋈◻⋈⊙⋈◻⋈⊙⋈◻⋈◻⋈⊙⋈◻⋈⊙⊥◻⋈◻⋈◻⋈◻⋈◻⋈◻⋈◻⋈◻⋈⊙⋈◻⋈◻⋈⊙⋈◻⋈⊙⋈◻⋈◻⋈⊙⋈◻⋈⊙⊥◻⋈◻⋈◻⋈◻⋈◻⋈◻⋈◻⋈◻⋈◻⋈◻⋈◻⋈◻⋈◻⋈◻⋈◻⋈◻⋈⊙⋈◻⋈⊙⋈◻⋈⊙⋈◻⋈◻⋈⊙⋈◻⋈⊙⋈◻⋈◻⋈⊙⋈◻⋈⊙∋⋈◻⋈◻⋈⊙⋈◻⋈⊙⋈∈⊣	Lean.ofReduceBool,Lean.trustCompiler
CollatzOperationalized.collatz_is_not_O_inf	⊢◻◻≻⋈◻⋈◻⋈◻⋈◻⋈◻⋈◻⋈◻⋈◻⋈◻⋈◻⋈◻⋈◻⋈◻⋈◻⋈◻⋈◻⋈◻⋈◻⋈◻⋈◻⋈◻⋈◻⋈◻⋈◻⋈◻⋈◻⋈◻⋈⊙⋈◻⋈⊙⋈◻⋈◻⋈◻⋈◻⋈◻⋈◻⋈◻⋈◻⋈◻⋈◻⋈◻⋈◻⋈◻⋈◻⋈◻⋈◻⋈◻⋈◻⋈◻⋈◻⋈◻⋈◻⋈◻⋈◻⋈◻⋈◻⋈◻⋈◻⋈◻⋈◻⋈◻⋈◻⋈◻⊣	Lean.ofReduceBool,Lean.trustCompiler
CollatzOperationalized.terminal_cycle_period_3	⊢◻⋈◻⋈◻⋈◻⋈◻⋈◻⋈◻⋈◻⋈⊙⋈◻⋈⊙⋈◻⋈◻⋈⊙⋈◻⋈⊙⋈◻⋈◻⋈◻⋈◻⋈◻⋈◻⋈◻⋈◻⋈⊙⋈◻⋈⊙⋈◻⋈◻⋈⊙⋈◻⋈⊙⋈◻⋈◻⋈◻⋈◻⋈⊙⋈◻⋈⊙⋈◻⋈◻⋈⊙⋈◻⋈⊙⋈◻⋈◻⋈◻⋈◻⋈◻⋈◻⋈◻⋈◻⋈◻⋈◻⋈⊙⋈◻⋈⊙⋈◻⋈◻⋈◻⋈◻⋈⊙⋈◻⋈⊙⋈◻⋈◻⋈◻⋈◻⋈◻⋈◻⋈◻⋈⊙⋈◻⋈⊙⋈◻⋈◻⋈⊙⋈◻⋈⊙⋈◻⋈◻⋈◻⋈◻⋈◻⋈◻⋈◻⋈◻⋈◻⋈⊙⋈◻⋈⊙⋈◻⋈◻⋈◻⋈⊙⋈◻⋈⊙⋈◻⋈◻⋈⊙⋈◻⋈⊙⋈◻⋈◻⋈◻⋈◻⋈◻⋈◻⋈◻⋈⊙⋈◻⋈⊙⋈◻⋈◻⋈⊙⋈◻⋈⊙⋈◻⋈◻⋈◻⋈◻⋈◻⋈◻⋈◻⋈⊙⋈◻⋈⊙⋈◻⋈◻⋈◻⋈⊙⋈◻⋈⊙⋈◻⋈◻⋈⊙⋈◻⋈⊙⋈◻⋈◻⋈◻⋈◻⋈◻⋈◻⋈⊙⋈◻⋈⊙⋈◻⋈◻⋈⊙⋈◻⋈⊙⋈◻⋈◻⋈◻⋈◻⋈◻⋈◻⋈⊙⋈◻⋈⊙⋈◻⋈◻⋈◻⋈◻⋈⊙⋈◻⋈⊙⊣	clean
CollatzOperationalized.verify_seed_1._proof_1_2	⊢◻⋈◻⋈◻⋈∈⊤◻⊥◻⋈◻⋈◻⋈◻⋈◻⋈◻⋈◻⋈◻⋈◻⋈◻⋈⊙⋈◻⋈◻⋈⊙⋈◻⋈⊙⋈◻⋈◻⋈⊙⋈◻⋈⊙⋈◻⋈◻⋈⊙⋈◻⋈⊙⊥◻⋈◻⋈◻⋈◻⋈◻⋈◻⋈◻⋈◻⋈◻⋈⊙⋈◻⋈◻⋈⊙⋈◻⋈⊙⋈◻⋈◻⋈⊙⋈◻⋈⊙⋈◻⋈◻⋈⊙⋈◻⋈⊙⊥◻⋈◻⋈◻⋈◻⋈◻⋈◻⋈◻⋈◻⋈⊙⋈◻⋈◻⋈⊙⋈◻⋈⊙⋈◻⋈◻⋈⊙⋈◻⋈⊙⊥◻⋈◻⋈◻⋈◻⋈◻⋈◻⋈◻⋈◻⋈◻⋈◻⋈◻⋈◻⋈◻⋈◻⋈◻⋈◻⋈⊙⋈◻⋈⊙⋈◻⋈⊙⋈◻⋈◻⋈⊙⋈◻⋈⊙⋈◻⋈◻⋈⊙⋈◻⋈⊙∋⋈◻⋈◻⋈⊙⋈◻⋈⊙⋈◻⋈∈⊤◻⊥◻⋈◻⋈◻⋈◻⋈◻⋈◻⋈◻⋈◻⋈◻⋈◻⋈⊙⋈◻⋈◻⋈⊙⋈◻⋈⊙⋈◻⋈◻⋈⊙⋈◻⋈⊙⋈◻⋈◻⋈⊙⋈◻⋈⊙⊥◻⋈◻⋈◻⋈◻⋈◻⋈◻⋈◻⋈◻⋈◻⋈⊙⋈◻⋈◻⋈⊙⋈◻⋈⊙⋈◻⋈◻⋈⊙⋈◻⋈⊙⋈◻⋈◻⋈⊙⋈◻⋈⊙⊥◻⋈◻⋈◻⋈◻⋈◻⋈◻⋈◻⋈◻⋈⊙⋈◻⋈◻⋈⊙⋈◻⋈⊙⋈◻⋈◻⋈⊙⋈◻⋈⊙⊥◻⋈◻⋈◻⋈◻⋈◻⋈◻⋈◻⋈◻⋈◻⋈◻⋈◻⋈◻⋈◻⋈◻⋈◻⋈◻⋈⊙⋈◻⋈⊙⋈◻⋈⊙⋈◻⋈◻⋈⊙⋈◻⋈⊙⋈◻⋈◻⋈⊙⋈◻⋈⊙∋⋈◻⋈◻⋈⊙⋈◻⋈⊙⋈∈⊣	Lean.ofReduceBool,Lean.trustCompiler
CollatzOperationalized.branchParity.eq_1	⊢◻⋈◻⋈◻⋈⊙⊣	clean
CollatzOperationalized.branchMerge.eq_2	⊢◻⋈◻⋈◻⋈⊙⋈◻⊣	clean
CollatzOperationalized.instDecidableEqStatus._proof_1	⊢◻⋈◻⋈◻⋈◻⋈⊙⋈◻⋈⊙⋈◻⋈⊙◻◻⋈◻⋈◻⋈⊙⋈◻⋈◻⋈⊙⋈◻⋈◻⋈⊙⋈⊙⋈◻⋈◻⋈◻⋈◻⋈⊙⋈⊙⋈◻⋈◻⋈⊙⋈⊙⋈◻⋈⊙⋈◻⋈◻⋈◻⋈◻⋈◻⋈⊙⋈◻⋈◻⋈⊙⋈◻⋈◻⋈⊙⋈◻⋈◻⋈⊙⋈◻⋈◻⋈◻⋈◻⋈⊙⋈⊙⋈◻⋈◻⋈⊙⋈◻⋈◻⋈⊙⋈◻⋈⊙⋈⊙⊣	clean
CollatzOperationalized.verify_seed_27._proof_1_2	⊢◻⋈◻⋈◻⋈∈⊤◻⊥◻⋈◻⋈◻⋈◻⋈◻⋈◻⋈◻⋈◻⋈◻⋈◻⋈⊙⋈◻⋈◻⋈⊙⋈◻⋈⊙⋈◻⋈◻⋈⊙⋈◻⋈⊙⋈◻⋈◻⋈⊙⋈◻⋈⊙⊥◻⋈◻⋈◻⋈◻⋈◻⋈◻⋈◻⋈◻⋈◻⋈⊙⋈◻⋈◻⋈⊙⋈◻⋈⊙⋈◻⋈◻⋈⊙⋈◻⋈⊙⋈◻⋈◻⋈⊙⋈◻⋈⊙⊥◻⋈◻⋈◻⋈◻⋈◻⋈◻⋈◻⋈◻⋈⊙⋈◻⋈◻⋈⊙⋈◻⋈⊙⋈◻⋈◻⋈⊙⋈◻⋈⊙⊥◻⋈◻⋈◻⋈◻⋈◻⋈◻⋈◻⋈◻⋈◻⋈◻⋈◻⋈◻⋈◻⋈◻⋈◻⋈◻⋈⊙⋈◻⋈⊙⋈◻⋈⊙⋈◻⋈◻⋈⊙⋈◻⋈⊙⋈◻⋈◻⋈⊙⋈◻⋈⊙∋⋈◻⋈◻⋈⊙⋈◻⋈⊙⋈◻⋈∈⊤◻⊥◻⋈◻⋈◻⋈◻⋈◻⋈◻⋈◻⋈◻⋈◻⋈◻⋈⊙⋈◻⋈◻⋈⊙⋈◻⋈⊙⋈◻⋈◻⋈⊙⋈◻⋈⊙⋈◻⋈◻⋈⊙⋈◻⋈⊙⊥◻⋈◻⋈◻⋈◻⋈◻⋈◻⋈◻⋈◻⋈◻⋈⊙⋈◻⋈◻⋈⊙⋈◻⋈⊙⋈◻⋈◻⋈⊙⋈◻⋈⊙⋈◻⋈◻⋈⊙⋈◻⋈⊙⊥◻⋈◻⋈◻⋈◻⋈◻⋈◻⋈◻⋈◻⋈⊙⋈◻⋈◻⋈⊙⋈◻⋈⊙⋈◻⋈◻⋈⊙⋈◻⋈⊙⊥◻⋈◻⋈◻⋈◻⋈◻⋈◻⋈◻⋈◻⋈◻⋈◻⋈◻⋈◻⋈◻⋈◻⋈◻⋈◻⋈⊙⋈◻⋈⊙⋈◻⋈⊙⋈◻⋈◻⋈⊙⋈◻⋈⊙⋈◻⋈◻⋈⊙⋈◻⋈⊙∋⋈◻⋈◻⋈⊙⋈◻⋈⊙⋈∈⊣	Lean.ofReduceBool,Lean.trustCompiler
CollatzOperationalized.collatz_O_inf_distance._proof_1_1	⊢◻⋈◻⋈◻⋈◻⋈◻⋈◻⋈◻⋈◻⋈⊙⋈◻⋈⊙⋈◻⋈◻⋈◻⋈◻⋈◻⋈◻⋈⊙⋈◻⋈⊙⋈∈⊣	Lean.ofReduceBool,Lean.trustCompiler
CollatzOperationalized.tanch_characterization	⊢◻⋈◻⋈◻⋈◻⋈◻⋈⊙⋈◻⋈◻⋈◻⋈⊙⋈◻⋈◻⋈⊙⋈◻⋈⊙⋈◻⋈◻⋈◻⋈◻⋈◻⋈◻⋈◻⋈⊙⋈◻⋈◻⋈⊙⋈◻⋈⊙⋈◻⋈⊙⋈◻⋈◻⋈⊙⋈◻⋈⊙⋈◻⋈◻⋈◻⋈⊙⋈◻⋈◻⋈⊙⋈◻⋈⊙⋈◻⋈◻⋈◻⋈◻⋈◻⋈◻⋈◻⋈⊙⋈◻⋈◻⋈⊙⋈◻⋈⊙⋈◻⋈⊙⋈◻⋈◻⋈⊙⋈◻⋈⊙⋈◻⋈◻⋈◻⋈⊙⋈◻⋈◻⋈⊙⋈◻⋈⊙⋈◻⋈◻⋈◻⋈⊙⋈◻⋈◻⋈⊙⋈◻⋈⊙⋈◻⋈◻⋈⊙⋈◻⋈◻⋈⊙⋈◻⋈⊙⋈◻⋈◻⋈◻⋈◻⋈◻⋈◻⋈◻⋈◻⋈⊙⋈◻⋈◻⋈⊙⋈◻⋈⊙⋈◻⋈⊙⋈◻⋈◻⋈⊙⋈◻⋈⊙⋈◻⋈◻⋈◻⋈◻⋈⊙⋈◻⋈◻⋈⊙⋈◻⋈⊙⋈◻⋈◻⋈◻⋈◻⋈◻⋈◻⋈⊙⋈◻⋈◻⋈⊙⋈◻⋈⊙⋈◻⋈⊙⋈◻⋈◻⋈⊙⋈◻⋈⊙⋈◻⋈◻⋈◻⋈⊙⋈◻⋈◻⋈⊙⋈◻⋈⊙⋈◻⋈◻⋈◻⋈◻⋈⊙⋈◻⋈◻⋈⊙⋈◻⋈⊙⋈◻⋈⊙⋈◻⋈◻⋈⊙⋈◻⋈⊙⋈◻⋈◻⋈⊙⋈◻⋈◻⋈⊙⋈◻⋈⊙⋈◻⋈◻⋈◻⋈⊙⋈◻⋈◻⋈⊙⋈◻⋈⊙⊣	clean
CollatzOperationalized.terminal_cycle_is_O₂	⊢◻⊣	Lean.ofReduceBool,Lean.trustCompiler
CollatzOperationalized.T_iter.eq_def	⊢◻⋈◻⋈◻⋈◻⋈⊙⋈⊙⋈∈⊤◻⊥⊙⊥⊙⊥⊙⊥◻⋈◻⋈⊙⋈⊙∋⋈◻⋈◻⋈⊙⋈∈⊤◻⊥⊙⊥⊙⊥⊙⊥◻⋈⊙⋈⋈⊙⊥⊙∋⋈◻≻⋈◻⋈◻⋈∈⊤◻⊥⊙⊥∈⊤◻⊥⊙⊥⊙⊥⊙⊥◻⋈⊙⋈⋈⊙⊥⊙∋⊥⊙∋⋈∈⊤◻⊥⊙⊥⊙⊥⊙⊥◻⋈◻⋈⊙⋈⊙∋⋈◻⋈◻⋈⊙⋈⊙⋈∈⊤◻⊥⊙⊥⊙⊥⊙⊥◻⋈◻⋈⊙⋈⊙∋⋈∈⊤◻⊥⊙⊥⊙⊥⊙⊥◻⋈⊙⋈⋈⊙⊥⊙∋⋈⊙⋈⊙⋈◻⋈◻⋈◻⋈◻⋈∈⊤◻⊥⊙⊥∈⊤◻⊥⊙⊥⊙⊥⊙⊥◻⋈⊙⋈⋈⊙⊥⊙∋⊥⊙∋⋈∈⊤◻⊥⊙⊥⊙⊥⊙⊥◻⋈◻⋈⊙⋈⊙∋⋈◻⋈◻⋈⊙⋈⊙⋈∈⊤◻⊥⊙⊥⊙⊥⊙⊥◻⋈◻⋈⊙⋈⊙∋⋈∈⊤◻⊥⊙⊥⊙⊥⊙⊥◻⋈⊙⋈⋈⊙⊥⊙∋⋈⊙⋈⊙⋈◻⋈◻⋈∈⊤◻⊥⊙⊥∈⊤◻⊥⊙⊥⊙⊥⊙⊥◻⋈⊙⋈⋈⊙⊥⊙∋∋⋈∈⊤◻⊥⊙⊥⊙⊥⊙⊥◻⋈⊙⋈⋈⊙⊥◻⋈◻⋈⊙⋈∈⊤◻⊥⊙⊥⊙⊥⊙⊥◻⋈⊙⋈⋈⊙⊥⊙∋⋈∋⋈◻⋈◻⋈⊙⋈⊙⋈∈⊤◻⊥⊙⊥⊙⊥⊙⊥◻⋈◻⋈⊙⋈⊙∋⋈◻⋈◻⋈⊙⋈∈⊤◻⊥⊙⊥⊙⊥⊙⊥◻⋈⊙⋈⋈⊙⊥⊙∋⋈◻⋈◻⋈◻⋈⊙⋈⊙⋈∈⊤◻⊥⊙⊥⊙⊥⊙⊥◻⋈◻⋈⊙⋈⊙∋⋈∈⊤◻⊥⊙⊥⊙⊥⊙⊥◻⋈⊙⋈⋈⊙⊥⊙∋⋈⊙⋈⊙⋈◻⋈◻⋈◻⋈∈⊤◻⊥⊙⊥⊙⊥⊙⊥◻⋈⊙⋈⋈⊙⊥⊙∋⋈∈⊤◻⊥⊙⊥⊙⊥⊙⊥◻⋈◻⋈⊙⋈⊙∋⋈∈⊤◻⋈◻⋈∈⊤◻⊥⊙⊥⊙⊥⊙⊥◻⋈⊙⋈⋈⊙⊥⊙∋⋈∈⊤◻⊥⊙⊥⊙⊥⊙⊥◻⋈◻⋈⊙⋈⊙∋⊥⊙⊥⊙⊥◻⋈◻⋈◻⋈◻⋈⊙⋈◻⋈⊙⋈◻⋈◻⋈⊙⋈∈⊤◻⊥⊙⊥⊙⊥⊙⊥◻⋈⊙⋈⋈⊙⊥⊙∋⋈◻◻⋈◻⋈∈⊤◻⊥⊙⊥⊙⊥⊙⊥◻⋈⊙⋈⋈⊙⊥⊙∋⋈∈⊤◻⊥⊙⊥⊙⊥⊙⊥◻⋈◻⋈⊙⋈⊙∋⋈◻⋈◻⋈◻⋈◻⋈⊙⋈◻⋈⊙⋈∈⊤◻⊥⊙⊥⊙⊥⊙⊥◻⋈⊙⋈⋈⊙⊥⊙∋⋈◻◻⋈◻⋈◻⋈∈⊤◻⊥◻⋈◻⋈⊙⋈◻⋈⊙⊥⊙⊥⊙⊥◻⋈⊙⋈⋈⊙⊥⊙∋⋈∈⊤◻⊥◻⋈◻⋈⊙⋈◻⋈⊙⊥⊙⊥⊙⊥◻⋈◻⋈⊙⋈⊙∋⋈◻⋈◻⋈⊙⋈⊙⋈≺⋈◻⋈⊙⋈◻⋈◻⋈⊙⋈◻⋈⊙⋈⊙⊥◻⋈◻⋈◻⋈⊙⋈◻⋈◻⋈⊙⋈∈⊤◻⊥⊙⊥⊙⊥⊙⊥◻⋈⊙⋈⋈⊙⊥⊙∋⋈◻◻⋈◻⋈∈⊤◻⊥⊙⊥⊙⊥⊙⊥◻⋈⊙⋈⋈⊙⊥⊙∋⋈∈⊤◻⊥⊙⊥⊙⊥⊙⊥◻⋈◻⋈⊙⋈⊙∋⋈◻⋈◻⋈◻⋈⊙⋈∈⊤◻⊥⊙⊥⊙⊥⊙⊥◻⋈⊙⋈⋈⊙⊥⊙∋⋈◻◻⋈◻⋈◻⋈∈⊤◻⊥◻⋈⊙⊥⊙⊥⊙⊥◻⋈⊙⋈⋈⊙⊥⊙∋⋈∈⊤◻⊥◻⋈⊙⊥⊙⊥⊙⊥◻⋈◻⋈⊙⋈⊙∋⋈◻⋈◻⋈◻⋈⊙⋈⋈⊙⋈⊙⋈≺⋈◻⋈⊙⋈◻⋈⊙⋈⊙⊥◻⋈◻⋈⊙⊥◻⋈◻⋈⊙∋⊣	clean
CollatzOperationalized.ffuse.eq_1	⊢◻⋈◻⋈◻⋈⊙⊣	clean
CollatzOperationalized.collatz_deterministic	⊢◻⋈◻⋈◻⋈⊙⊣	clean
CollatzOperationalized.paradox_absorbing_cycle	⊢◻⋈◻⋈◻⋈◻⋈⊙⋈◻⋈◻⋈⊙⋈◻⋈⊙⋈◻⋈◻⋈◻⋈◻⋈⊙⋈◻⋈◻⋈⊙⋈◻⋈⊙⋈◻⋈◻⋈◻⋈⊙⋈◻⋈◻⋈⊙⋈◻⋈⊙⋈⊙⊣	clean
CollatzOperationalized.collatz_total_function	⊢◻⋈◻⋈◻⋈◻⋈◻⋈⊙⋈⊙⋈◻⋈⊙⋈◻⋈◻⋈◻⋈⊙⊣	clean
CollatzOperationalized.verify_seed_77031._proof_1_2	⊢◻⋈◻⋈◻⋈∈⊤◻⊥◻⋈◻⋈◻⋈◻⋈◻⋈◻⋈◻⋈◻⋈◻⋈◻⋈⊙⋈◻⋈◻⋈⊙⋈◻⋈⊙⋈◻⋈◻⋈⊙⋈◻⋈⊙⋈◻⋈◻⋈⊙⋈◻⋈⊙⊥◻⋈◻⋈◻⋈◻⋈◻⋈◻⋈◻⋈◻⋈◻⋈⊙⋈◻⋈◻⋈⊙⋈◻⋈⊙⋈◻⋈◻⋈⊙⋈◻⋈⊙⋈◻⋈◻⋈⊙⋈◻⋈⊙⊥◻⋈◻⋈◻⋈◻⋈◻⋈◻⋈◻⋈◻⋈⊙⋈◻⋈◻⋈⊙⋈◻⋈⊙⋈◻⋈◻⋈⊙⋈◻⋈⊙⊥◻⋈◻⋈◻⋈◻⋈◻⋈◻⋈◻⋈◻⋈◻⋈◻⋈◻⋈◻⋈◻⋈◻⋈◻⋈◻⋈⊙⋈◻⋈⊙⋈◻⋈⊙⋈◻⋈◻⋈⊙⋈◻⋈⊙⋈◻⋈◻⋈⊙⋈◻⋈⊙∋⋈◻⋈◻⋈⊙⋈◻⋈⊙⋈◻⋈∈⊤◻⊥◻⋈◻⋈◻⋈◻⋈◻⋈◻⋈◻⋈◻⋈◻⋈◻⋈⊙⋈◻⋈◻⋈⊙⋈◻⋈⊙⋈◻⋈◻⋈⊙⋈◻⋈⊙⋈◻⋈◻⋈⊙⋈◻⋈⊙⊥◻⋈◻⋈◻⋈◻⋈◻⋈◻⋈◻⋈◻⋈◻⋈⊙⋈◻⋈◻⋈⊙⋈◻⋈⊙⋈◻⋈◻⋈⊙⋈◻⋈⊙⋈◻⋈◻⋈⊙⋈◻⋈⊙⊥◻⋈◻⋈◻⋈◻⋈◻⋈◻⋈◻⋈◻⋈⊙⋈◻⋈◻⋈⊙⋈◻⋈⊙⋈◻⋈◻⋈⊙⋈◻⋈⊙⊥◻⋈◻⋈◻⋈◻⋈◻⋈◻⋈◻⋈◻⋈◻⋈◻⋈◻⋈◻⋈◻⋈◻⋈◻⋈◻⋈⊙⋈◻⋈⊙⋈◻⋈⊙⋈◻⋈◻⋈⊙⋈◻⋈⊙⋈◻⋈◻⋈⊙⋈◻⋈⊙∋⋈◻⋈◻⋈⊙⋈◻⋈⊙⋈∈⊣	Lean.ofReduceBool,Lean.trustCompiler
CollatzOperationalized.fp1_closure	⊢◻⋈◻⋈◻⋈◻⋈◻⋈⊙⋈⊙⋈◻⋈◻⋈◻⋈◻⋈◻⋈◻⋈◻⋈◻⋈◻⋈◻⋈◻⋈◻⋈◻⋈◻⋈◻⋈◻⋈◻⋈◻⋈◻⋈⊙⋈◻⋈⊙⋈◻⋈◻⋈◻⋈◻⋈◻⋈◻⋈◻⋈⊙⋈◻⋈◻⋈⊙⋈◻⋈⊙⋈◻⋈◻⋈◻⋈◻⋈◻⋈◻⋈◻⋈⊙⋈◻⋈◻⋈⊙⋈◻⋈⊙⋈⊙⋈◻⋈◻⋈◻⋈◻⋈◻⋈◻⋈◻⋈◻⋈◻⋈◻⋈◻⋈◻⋈◻⋈◻⋈◻⋈◻⋈◻⋈⊙⋈◻⋈⊙⋈◻⋈◻⋈◻⋈◻⋈◻⋈◻⋈◻⋈⊙⋈◻⋈◻⋈⊙⋈◻⋈⊙⋈◻⋈◻⋈◻⋈◻⋈◻⋈◻⋈◻⋈⊙⋈◻⋈◻⋈⊙⋈◻⋈⊙⋈⊙⋈◻⋈⊙⋈⊙⊣	clean
CollatzOperationalized.arev.eq_1	⊢◻⋈◻⋈◻⋈⊙⊣	clean
CollatzOperationalized.terminal_cycle_T3._proof_1_2	⊢◻⋈◻⋈◻⋈∈⊤◻⊥◻⋈◻⋈◻⋈◻⋈◻⋈◻⋈◻⋈◻⋈◻⋈◻⋈⊙⋈◻⋈◻⋈⊙⋈◻⋈⊙⋈◻⋈◻⋈⊙⋈◻⋈⊙⋈◻⋈◻⋈⊙⋈◻⋈⊙⊥◻⋈◻⋈◻⋈◻⋈◻⋈◻⋈◻⋈◻⋈◻⋈⊙⋈◻⋈◻⋈⊙⋈◻⋈⊙⋈◻⋈◻⋈⊙⋈◻⋈⊙⋈◻⋈◻⋈⊙⋈◻⋈⊙⊥◻⋈◻⋈◻⋈◻⋈◻⋈◻⋈◻⋈◻⋈⊙⋈◻⋈◻⋈⊙⋈◻⋈⊙⋈◻⋈◻⋈⊙⋈◻⋈⊙⊥◻⋈◻⋈◻⋈◻⋈◻⋈◻⋈◻⋈◻⋈◻⋈◻⋈◻⋈◻⋈◻⋈◻⋈◻⋈◻⋈⊙⋈◻⋈⊙⋈◻⋈⊙⋈◻⋈◻⋈⊙⋈◻⋈⊙⋈◻⋈◻⋈⊙⋈◻⋈⊙∋⋈◻⋈◻⋈⊙⋈◻⋈⊙⋈◻⋈∈⊤◻⊥◻⋈◻⋈◻⋈◻⋈◻⋈◻⋈◻⋈◻⋈◻⋈◻⋈⊙⋈◻⋈◻⋈⊙⋈◻⋈⊙⋈◻⋈◻⋈⊙⋈◻⋈⊙⋈◻⋈◻⋈⊙⋈◻⋈⊙⊥◻⋈◻⋈◻⋈◻⋈◻⋈◻⋈◻⋈◻⋈◻⋈⊙⋈◻⋈◻⋈⊙⋈◻⋈⊙⋈◻⋈◻⋈⊙⋈◻⋈⊙⋈◻⋈◻⋈⊙⋈◻⋈⊙⊥◻⋈◻⋈◻⋈◻⋈◻⋈◻⋈◻⋈◻⋈⊙⋈◻⋈◻⋈⊙⋈◻⋈⊙⋈◻⋈◻⋈⊙⋈◻⋈⊙⊥◻⋈◻⋈◻⋈◻⋈◻⋈◻⋈◻⋈◻⋈◻⋈◻⋈◻⋈◻⋈◻⋈◻⋈◻⋈◻⋈⊙⋈◻⋈⊙⋈◻⋈⊙⋈◻⋈◻⋈⊙⋈◻⋈⊙⋈◻⋈◻⋈⊙⋈◻⋈⊙∋⋈◻⋈◻⋈⊙⋈◻⋈⊙⋈∈⊣	Lean.ofReduceBool,Lean.trustCompiler
CollatzOperationalized.terminal_cycle_T_1	⊢◻⋈◻⋈◻⋈◻⋈◻⋈◻⋈⊙⋈◻⋈⊙⋈◻⋈◻⋈⊙⋈◻⋈⊙⋈◻⋈◻⋈◻⋈∈⊤◻⊥◻⋈◻⋈◻⋈◻⋈◻⋈◻⋈◻⋈◻⋈◻⋈◻⋈◻⋈⊙⋈◻⋈⊙⋈◻⋈◻⋈⊙⋈◻⋈⊙⋈◻⋈◻⋈⊙⋈◻⋈⊙⊥◻⋈◻⋈◻⋈◻⋈◻⋈◻⋈◻⋈◻⋈◻⋈◻⋈⊙⋈◻⋈⊙⋈◻⋈◻⋈⊙⋈◻⋈⊙⋈◻⋈◻⋈⊙⋈◻⋈⊙⊥◻⋈◻⋈◻⋈◻⋈◻⋈◻⋈◻⋈◻⋈◻⋈⊙⋈◻⋈⊙⋈◻⋈◻⋈⊙⋈◻⋈⊙⊥◻⋈◻⋈◻⋈◻⋈◻⋈◻⋈◻⋈◻⋈◻⋈◻⋈◻⋈◻⋈◻⋈◻⋈◻⋈◻⋈⊙⋈◻⋈⊙⋈◻⋈◻⋈⊙⋈◻⋈⊙⋈◻⋈◻⋈⊙⋈◻⋈⊙∋⋈◻⋈◻⋈⊙⋈◻⋈⊙⋈◻⋈◻⋈◻⋈∈⊤◻⊥◻⋈◻⋈◻⋈◻⋈◻⋈◻⋈◻⋈◻⋈◻⋈◻⋈◻⋈⊙⋈◻⋈⊙⋈◻⋈◻⋈⊙⋈◻⋈⊙⋈◻⋈◻⋈⊙⋈◻⋈⊙⊥◻⋈◻⋈◻⋈◻⋈◻⋈◻⋈◻⋈◻⋈◻⋈◻⋈⊙⋈◻⋈⊙⋈◻⋈◻⋈⊙⋈◻⋈⊙⋈◻⋈◻⋈⊙⋈◻⋈⊙⊥◻⋈◻⋈◻⋈◻⋈◻⋈◻⋈◻⋈◻⋈◻⋈⊙⋈◻⋈⊙⋈◻⋈◻⋈⊙⋈◻⋈⊙⊥◻⋈◻⋈◻⋈◻⋈◻⋈◻⋈◻⋈◻⋈◻⋈◻⋈◻⋈◻⋈◻⋈◻⋈◻⋈◻⋈⊙⋈◻⋈⊙⋈◻⋈◻⋈⊙⋈◻⋈⊙⋈◻⋈◻⋈⊙⋈◻⋈⊙∋⋈◻⋈◻⋈⊙⋈◻⋈⊙⋈◻⋈◻⋈◻⋈◻⋈⊙⋈◻⋈⊙⋈◻⋈◻⋈⊙⋈◻⋈⊙⋈◻⋈◻⋈◻⋈◻⋈◻⋈∈⊤◻⊥◻⋈◻⋈◻⋈◻⋈◻⋈◻⋈◻⋈◻⋈◻⋈◻⋈◻⋈⊙⋈◻⋈⊙⋈◻⋈◻⋈⊙⋈◻⋈⊙⋈◻⋈◻⋈⊙⋈◻⋈⊙⊥◻⋈◻⋈◻⋈◻⋈◻⋈◻⋈◻⋈◻⋈◻⋈◻⋈⊙⋈◻⋈⊙⋈◻⋈◻⋈⊙⋈◻⋈⊙⋈◻⋈◻⋈⊙⋈◻⋈⊙⊥◻⋈◻⋈◻⋈◻⋈◻⋈◻⋈◻⋈◻⋈◻⋈⊙⋈◻⋈⊙⋈◻⋈◻⋈⊙⋈◻⋈⊙⊥◻⋈◻⋈◻⋈◻⋈◻⋈◻⋈◻⋈◻⋈◻⋈◻⋈◻⋈◻⋈◻⋈◻⋈◻⋈◻⋈⊙⋈◻⋈⊙⋈◻⋈◻⋈⊙⋈◻⋈⊙⋈◻⋈◻⋈⊙⋈◻⋈⊙∋⋈◻⋈◻⋈◻⋈◻⋈⊙⋈◻⋈⊙⋈◻⋈◻⋈∈⊤◻⊥◻⋈◻⋈◻⋈◻⋈◻⋈◻⋈◻⋈◻⋈◻⋈◻⋈◻⋈⊙⋈◻⋈⊙⋈◻⋈◻⋈⊙⋈◻⋈⊙⋈◻⋈◻⋈⊙⋈◻⋈⊙⊥◻⋈◻⋈◻⋈◻⋈◻⋈◻⋈◻⋈◻⋈◻⋈◻⋈⊙⋈◻⋈⊙⋈◻⋈◻⋈⊙⋈◻⋈⊙⋈◻⋈◻⋈⊙⋈◻⋈⊙⊥◻⋈◻⋈◻⋈◻⋈◻⋈◻⋈◻⋈◻⋈◻⋈⊙⋈◻⋈⊙⋈◻⋈◻⋈⊙⋈◻⋈⊙⊥◻⋈◻⋈◻⋈◻⋈◻⋈◻⋈◻⋈◻⋈◻⋈◻⋈◻⋈◻⋈◻⋈◻⋈◻⋈◻⋈⊙⋈◻⋈⊙⋈◻⋈◻⋈⊙⋈◻⋈⊙⋈◻⋈◻⋈⊙⋈◻⋈⊙∋⋈◻⋈◻⋈⊙⋈◻⋈⊙⋈◻⋈◻⋈◻⋈◻⋈∈⊤◻⊥◻⋈◻⋈◻⋈◻⋈◻⋈◻⋈◻⋈◻⋈◻⋈◻⋈◻⋈⊙⋈◻⋈⊙⋈◻⋈◻⋈⊙⋈◻⋈⊙⋈◻⋈◻⋈⊙⋈◻⋈⊙⊥◻⋈◻⋈◻⋈◻⋈◻⋈◻⋈◻⋈◻⋈◻⋈◻⋈⊙⋈◻⋈⊙⋈◻⋈◻⋈⊙⋈◻⋈⊙⋈◻⋈◻⋈⊙⋈◻⋈⊙⊥◻⋈◻⋈◻⋈◻⋈◻⋈◻⋈◻⋈◻⋈◻⋈⊙⋈◻⋈⊙⋈◻⋈◻⋈⊙⋈◻⋈⊙⊥◻⋈◻⋈◻⋈◻⋈◻⋈◻⋈◻⋈◻⋈◻⋈◻⋈◻⋈◻⋈◻⋈◻⋈◻⋈◻⋈⊙⋈◻⋈⊙⋈◻⋈◻⋈⊙⋈◻⋈⊙⋈◻⋈◻⋈⊙⋈◻⋈⊙∋⋈◻⋈◻⋈◻⋈◻⋈◻⋈◻⋈◻⋈◻⋈◻⋈◻⋈◻⋈◻⋈◻⋈◻⋈◻⋈◻⋈⊙⋈◻⋈⊙⋈◻⋈◻⋈⊙⋈◻⋈⊙⋈◻⋈◻⋈⊙⋈◻⋈⊙⋈◻⋈◻⋈◻⋈◻⋈◻⋈◻⋈◻⋈◻⋈◻⋈⊙⋈◻⋈⊙⋈◻⋈◻⋈⊙⋈◻⋈⊙⋈◻⋈◻⋈◻⋈◻⋈◻⋈◻⋈◻⋈◻⋈◻⋈◻⋈◻⋈◻⋈◻⋈⊙⋈◻⋈⊙⋈◻⋈◻⋈⊙⋈◻⋈⊙⋈◻⋈◻⋈⊙⋈◻⋈⊙⋈◻⋈◻⋈◻⋈◻⋈◻⋈◻⋈◻⋈◻⋈◻⋈◻⋈⊙⋈◻⋈⊙⋈◻⋈◻⋈⊙⋈◻⋈⊙⋈◻⋈◻⋈⊙⋈◻⋈⊙⋈◻⋈◻⋈◻⋈◻⋈◻⋈◻⋈◻⋈◻⋈◻⋈⊙⋈◻⋈⊙⋈◻⋈◻⋈⊙⋈◻⋈⊙⋈◻⋈◻⋈◻⋈◻⋈◻⋈◻⋈◻⋈◻⋈◻⋈◻⋈◻⋈◻⋈◻⋈◻⋈◻⋈◻⋈⊙⋈◻⋈⊙⋈◻⋈◻⋈⊙⋈◻⋈⊙⋈◻⋈◻⋈⊙⋈◻⋈⊙⋈◻⋈◻⋈◻⋈◻⋈◻⋈◻⋈◻⋈◻⋈◻⋈◻⋈◻⋈◻⋈⊙⋈◻⋈⊙⋈◻⋈◻⋈⊙⋈◻⋈⊙⋈◻⋈◻⋈⊙⋈◻⋈⊙⋈◻⋈◻⋈◻⋈◻⋈⊙⋈◻⋈⊙⋈◻⋈◻⋈⊙⋈◻⋈⊙⋈◻⋈◻⋈◻⋈◻⋈◻⋈◻⋈◻⋈◻⋈◻⋈◻⋈◻⋈◻⋈◻⋈◻⋈⊙⋈◻⋈⊙⋈◻⋈◻⋈⊙⋈◻⋈⊙⋈◻⋈◻⋈◻⋈◻⋈⊙⋈◻⋈⊙⋈◻⋈◻⋈◻⋈◻⋈◻⋈◻⋈◻⋈◻⋈◻⋈◻⋈◻⋈⊙⋈◻⋈⊙⋈◻⋈◻⋈⊙⋈◻⋈⊙⋈◻⋈◻⋈⊙⋈◻⋈⊙⋈◻⋈◻⋈◻⋈◻⋈◻⋈⊙⋈◻⋈⊙⋈◻⋈◻⋈⊙⋈◻⋈⊙⋈◻⋈◻⋈◻⋈⊙⋈◻⋈⊙⋈◻⋈◻⋈◻⋈◻⋈◻⋈◻⋈◻⋈◻⋈◻⋈◻⋈◻⋈◻⋈◻⋈◻⋈◻⋈◻⋈◻⋈◻⋈◻⋈⊙⋈◻⋈⊙⋈◻⋈◻⋈⊙⋈◻⋈⊙⋈◻⋈◻⋈◻⋈◻⋈◻⋈◻⋈◻⋈◻⋈◻⋈⊙⋈◻⋈⊙⋈◻⋈◻⋈◻⋈◻⋈◻⋈◻⋈◻⋈◻⋈◻⋈◻⋈◻⋈◻⋈⊙⋈◻⋈⊙⋈◻⋈◻⋈⊙⋈◻⋈⊙⋈◻⋈◻⋈⊙⋈◻⋈⊙⋈◻⋈◻⋈◻⋈◻⋈◻⋈◻⋈◻⋈◻⋈◻⋈◻⋈⊙⋈◻⋈⊙⋈◻⋈◻⋈⊙⋈◻⋈⊙⋈◻⋈◻⋈⊙⋈◻⋈⊙⋈◻⋈◻⋈◻⋈◻⋈⊙⋈◻⋈⊙⊣	clean
CollatzOperationalized.terminal_cycle_is_O₂._proof_1_1	⊢◻⋈◻⋈◻⋈◻⋈◻⋈◻⋈◻⋈◻⋈◻⋈◻⋈∈⊣	Lean.ofReduceBool,Lean.trustCompiler
CollatzOperationalized.instDecidableEqBranch._proof_2	⊢◻⋈◻⋈⊙⋈◻⋈◻⋈◻⋈◻⋈◻⋈⊙⋈◻⋈⊙⋈◻⋈◻⋈◻⋈◻⋈⊙⋈⊙⋈⊙⋈⊙⋈⊙⊣	clean
CollatzOperationalized.Branch.odd.sizeOf_spec	⊢◻⋈◻⋈◻⋈◻⋈⊙⋈◻⋈⊙⊣	clean
CollatzOperationalized.verify_seed_4._proof_1_2	⊢◻⋈◻⋈◻⋈∈⊤◻⊥◻⋈◻⋈◻⋈◻⋈◻⋈◻⋈◻⋈◻⋈◻⋈◻⋈⊙⋈◻⋈◻⋈⊙⋈◻⋈⊙⋈◻⋈◻⋈⊙⋈◻⋈⊙⋈◻⋈◻⋈⊙⋈◻⋈⊙⊥◻⋈◻⋈◻⋈◻⋈◻⋈◻⋈◻⋈◻⋈◻⋈⊙⋈◻⋈◻⋈⊙⋈◻⋈⊙⋈◻⋈◻⋈⊙⋈◻⋈⊙⋈◻⋈◻⋈⊙⋈◻⋈⊙⊥◻⋈◻⋈◻⋈◻⋈◻⋈◻⋈◻⋈◻⋈⊙⋈◻⋈◻⋈⊙⋈◻⋈⊙⋈◻⋈◻⋈⊙⋈◻⋈⊙⊥◻⋈◻⋈◻⋈◻⋈◻⋈◻⋈◻⋈◻⋈◻⋈◻⋈◻⋈◻⋈◻⋈◻⋈◻⋈◻⋈⊙⋈◻⋈⊙⋈◻⋈⊙⋈◻⋈◻⋈⊙⋈◻⋈⊙⋈◻⋈◻⋈⊙⋈◻⋈⊙∋⋈◻⋈◻⋈⊙⋈◻⋈⊙⋈◻⋈∈⊤◻⊥◻⋈◻⋈◻⋈◻⋈◻⋈◻⋈◻⋈◻⋈◻⋈◻⋈⊙⋈◻⋈◻⋈⊙⋈◻⋈⊙⋈◻⋈◻⋈⊙⋈◻⋈⊙⋈◻⋈◻⋈⊙⋈◻⋈⊙⊥◻⋈◻⋈◻⋈◻⋈◻⋈◻⋈◻⋈◻⋈◻⋈⊙⋈◻⋈◻⋈⊙⋈◻⋈⊙⋈◻⋈◻⋈⊙⋈◻⋈⊙⋈◻⋈◻⋈⊙⋈◻⋈⊙⊥◻⋈◻⋈◻⋈◻⋈◻⋈◻⋈◻⋈◻⋈⊙⋈◻⋈◻⋈⊙⋈◻⋈⊙⋈◻⋈◻⋈⊙⋈◻⋈⊙⊥◻⋈◻⋈◻⋈◻⋈◻⋈◻⋈◻⋈◻⋈◻⋈◻⋈◻⋈◻⋈◻⋈◻⋈◻⋈◻⋈⊙⋈◻⋈⊙⋈◻⋈⊙⋈◻⋈◻⋈⊙⋈◻⋈⊙⋈◻⋈◻⋈⊙⋈◻⋈⊙∋⋈◻⋈◻⋈⊙⋈◻⋈⊙⋈∈⊣	Lean.ofReduceBool,Lean.trustCompiler
CollatzOperationalized.instDecidableEqBranch._proof_1	⊢◻⋈◻⋈◻⋈◻⋈⊙⋈◻⋈⊙⋈◻⋈⊙◻◻⋈◻⋈◻⋈⊙⋈◻⋈◻⋈⊙⋈◻⋈◻⋈⊙⋈⊙⋈◻⋈◻⋈◻⋈◻⋈⊙⋈⊙⋈◻⋈◻⋈⊙⋈⊙⋈◻⋈⊙⋈◻⋈◻⋈◻⋈◻⋈◻⋈⊙⋈◻⋈◻⋈⊙⋈◻⋈◻⋈⊙⋈◻⋈◻⋈⊙⋈◻⋈◻⋈◻⋈◻⋈⊙⋈⊙⋈◻⋈◻⋈⊙⋈◻⋈◻⋈⊙⋈◻⋈⊙⋈⊙⊣	clean
CollatzOperationalized.collatz_dim_is_imscriptive	⊢◻⋈◻⋈◻⋈◻⊣	clean
CollatzOperationalized.automaton_terminal_distance_1	⊢◻⋈◻⋈◻⋈◻⋈◻⋈◻⋈◻⋈◻⋈⊙⋈◻⋈⊙⋈◻⋈◻⋈◻⋈◻⋈◻⋈◻⋈◻⋈◻⋈⊙⋈◻⋈⊙⋈◻⋈◻⋈◻⋈◻⋈⊙⋈◻⋈⊙⋈◻⋈◻⋈⊙⋈◻⋈⊙⋈◻⋈◻⋈◻⋈◻⋈◻⋈◻⋈◻⋈◻⋈◻⋈◻⋈◻⋈◻⋈⊙⋈◻⋈⊙⋈◻⋈◻⋈◻⋈◻⋈◻⋈◻⋈◻⋈⊙⋈◻⋈⊙⋈◻⋈◻⋈◻⋈◻⋈◻⋈◻⋈◻⋈◻⋈◻⋈◻⋈◻⋈◻⋈◻⋈◻⋈◻⋈◻⋈◻⋈◻⋈◻⋈◻⋈◻⋈◻⋈◻⋈◻⋈◻⋈◻⋈◻⋈◻⋈◻⋈◻⋈◻⋈◻⋈◻⋈◻⋈◻⋈◻⋈◻⋈◻⋈◻⋈◻⋈◻⋈◻⋈◻⋈◻⋈◻⋈◻⋈◻⋈◻⋈◻⋈◻⋈◻⋈◻⋈◻⋈◻⋈◻⋈◻⋈◻⋈◻⋈◻⋈◻⋈◻⋈◻⋈◻⋈◻⋈◻⋈◻⋈◻⋈◻⋈◻⋈◻⋈◻⋈◻⋈◻⋈◻⋈◻⋈◻⋈◻⋈◻⋈◻⋈◻⋈◻⋈∈⊤◻⊥◻⋈◻⋈◻⋈◻⋈◻⋈◻⊥◻⋈◻⋈◻⋈◻⋈◻⊥◻⋈◻⋈⊙⋈◻⋈⊙⊥◻⋈◻⋈⊙⋈◻⋈⊙∋⋈∈⊤◻⊥◻⋈◻⋈◻⋈◻⋈◻⋈◻⊥◻⋈◻⋈◻⋈◻⋈◻⊥◻⋈◻⋈⊙⋈◻⋈⊙⊥◻⋈◻⋈⊙⋈◻⋈⊙∋⋈∈⊤◻⊥◻⋈◻⋈◻⋈◻⋈◻⋈◻⊥◻⋈◻⋈◻⋈◻⋈◻⊥◻⋈◻⋈⊙⋈◻⋈⊙⊥◻⋈◻⋈⊙⋈◻⋈⊙∋⋈∈⊤◻⊥◻⋈◻⋈◻⋈◻⋈◻⋈◻⊥◻⋈◻⋈◻⋈◻⋈◻⊥◻⋈◻⋈⊙⋈◻⋈⊙⊥◻⋈◻⋈⊙⋈◻⋈⊙∋⋈∈⊤◻⊥◻⋈◻⋈◻⋈◻⋈◻⋈◻⊥◻⋈◻⋈◻⋈◻⋈◻⊥◻⋈◻⋈⊙⋈◻⋈⊙⊥◻⋈◻⋈⊙⋈◻⋈⊙∋⋈∈⊤◻⊥◻⋈◻⋈◻⋈◻⋈◻⋈◻⊥◻⋈◻⋈◻⋈◻⋈◻⊥◻⋈◻⋈⊙⋈◻⋈⊙⊥◻⋈◻⋈⊙⋈◻⋈⊙∋⋈∈⊤◻⊥◻⋈◻⋈◻⋈◻⋈◻⋈◻⊥◻⋈◻⋈◻⋈◻⋈◻⊥◻⋈◻⋈⊙⋈◻⋈⊙⊥◻⋈◻⋈⊙⋈◻⋈⊙∋⋈∈⊤◻⊥◻⋈◻⋈◻⋈◻⋈◻⋈◻⊥◻⋈◻⋈◻⋈◻⋈◻⊥◻⋈◻⋈⊙⋈◻⋈⊙⊥◻⋈◻⋈⊙⋈◻⋈⊙∋⋈∈⊤◻⊥◻⋈◻⋈◻⋈◻⋈◻⋈◻⊥◻⋈◻⋈◻⋈◻⋈◻⊥◻⋈◻⋈⊙⋈◻⋈⊙⊥◻⋈◻⋈⊙⋈◻⋈⊙∋⋈∈⊤◻⊥◻⋈◻⋈◻⋈◻⋈◻⋈◻⊥◻⋈◻⋈◻⋈◻⋈◻⊥◻⋈◻⋈⊙⋈◻⋈⊙⊥◻⋈◻⋈⊙⋈◻⋈⊙∋⋈∈⊤◻⊥◻⋈◻⋈◻⋈◻⋈◻⋈◻⊥◻⋈◻⋈◻⋈◻⋈◻⊥◻⋈◻⋈⊙⋈◻⋈⊙⊥◻⋈◻⋈⊙⋈◻⋈⊙∋⋈∈⊤◻⊥◻⋈◻⋈◻⋈◻⋈◻⋈◻⊥◻⋈◻⋈◻⋈◻⋈◻⊥◻⋈◻⋈⊙⋈◻⋈⊙⊥◻⋈◻⋈⊙⋈◻⋈⊙∋⋈◻⋈◻⋈◻⋈◻⋈◻⋈◻⋈◻⋈◻⋈◻⋈⊙⋈◻⋈⊙⋈◻⋈◻⋈⊙⋈◻⋈⊙⋈◻⋈◻⋈⊙⋈◻⋈⊙⋈◻⋈◻⋈◻⋈◻⋈◻⋈◻⋈◻⋈◻⋈◻⋈◻⋈◻⋈◻⋈◻⋈◻⋈◻⋈◻⋈◻⋈◻⋈◻⋈◻⋈◻⋈◻⋈◻⋈◻⋈◻⋈◻⋈◻⋈◻⋈◻⋈◻⋈◻⋈◻⋈◻⋈◻⋈◻⋈◻⋈◻⋈◻⋈◻⋈◻⋈◻⋈◻⋈◻⋈◻⋈◻⋈◻⋈◻⋈◻⋈◻⋈◻⋈◻⋈◻⋈◻⋈◻⋈◻⋈◻⋈◻⋈◻⋈◻⋈◻⋈◻⋈◻⋈◻⋈◻⋈◻⋈◻⋈◻⋈◻⋈◻⋈◻⋈◻⋈◻⋈◻⋈◻⋈◻⋈◻⋈◻⋈◻⋈◻⋈◻⋈∈⊤◻⊥◻⋈◻⋈◻⋈◻⋈◻⋈◻⊥◻⋈◻⋈◻⋈◻⋈◻⊥◻⋈◻⋈⊙⋈◻⋈⊙⊥◻⋈◻⋈⊙⋈◻⋈⊙∋⋈∈⊤◻⊥◻⋈◻⋈◻⋈◻⋈◻⋈◻⊥◻⋈◻⋈◻⋈◻⋈◻⊥◻⋈◻⋈⊙⋈◻⋈⊙⊥◻⋈◻⋈⊙⋈◻⋈⊙∋⋈∈⊤◻⊥◻⋈◻⋈◻⋈◻⋈◻⋈◻⊥◻⋈◻⋈◻⋈◻⋈◻⊥◻⋈◻⋈⊙⋈◻⋈⊙⊥◻⋈◻⋈⊙⋈◻⋈⊙∋⋈∈⊤◻⊥◻⋈◻⋈◻⋈◻⋈◻⋈◻⊥◻⋈◻⋈◻⋈◻⋈◻⊥◻⋈◻⋈⊙⋈◻⋈⊙⊥◻⋈◻⋈⊙⋈◻⋈⊙∋⋈∈⊤◻⊥◻⋈◻⋈◻⋈◻⋈◻⋈◻⊥◻⋈◻⋈◻⋈◻⋈◻⊥◻⋈◻⋈⊙⋈◻⋈⊙⊥◻⋈◻⋈⊙⋈◻⋈⊙∋⋈∈⊤◻⊥◻⋈◻⋈◻⋈◻⋈◻⋈◻⊥◻⋈◻⋈◻⋈◻⋈◻⊥◻⋈◻⋈⊙⋈◻⋈⊙⊥◻⋈◻⋈⊙⋈◻⋈⊙∋⋈∈⊤◻⊥◻⋈◻⋈◻⋈◻⋈◻⋈◻⊥◻⋈◻⋈◻⋈◻⋈◻⊥◻⋈◻⋈⊙⋈◻⋈⊙⊥◻⋈◻⋈⊙⋈◻⋈⊙∋⋈∈⊤◻⊥◻⋈◻⋈◻⋈◻⋈◻⋈◻⊥◻⋈◻⋈◻⋈◻⋈◻⊥◻⋈◻⋈⊙⋈◻⋈⊙⊥◻⋈◻⋈⊙⋈◻⋈⊙∋⋈∈⊤◻⊥◻⋈◻⋈◻⋈◻⋈◻⋈◻⊥◻⋈◻⋈◻⋈◻⋈◻⊥◻⋈◻⋈⊙⋈◻⋈⊙⊥◻⋈◻⋈⊙⋈◻⋈⊙∋⋈∈⊤◻⊥◻⋈◻⋈◻⋈◻⋈◻⋈◻⊥◻⋈◻⋈◻⋈◻⋈◻⊥◻⋈◻⋈⊙⋈◻⋈⊙⊥◻⋈◻⋈⊙⋈◻⋈⊙∋⋈∈⊤◻⊥◻⋈◻⋈◻⋈◻⋈◻⋈◻⊥◻⋈◻⋈◻⋈◻⋈◻⊥◻⋈◻⋈⊙⋈◻⋈⊙⊥◻⋈◻⋈⊙⋈◻⋈⊙∋⋈◻⋈◻⋈◻⋈◻⋈◻⋈◻⋈◻⋈◻⋈◻⋈⊙⋈◻⋈⊙⋈∈⊤◻⊥◻⋈◻⋈◻⋈◻⋈◻⋈◻⊥◻⋈◻⋈◻⋈◻⋈◻⊥◻⋈◻⋈⊙⋈◻⋈⊙⊥◻⋈◻⋈⊙⋈◻⋈⊙∋⋈◻⋈◻⋈⊙⋈◻⋈⊙⋈◻⋈◻⋈◻⋈◻⋈◻⋈◻⋈◻⋈◻⋈◻⋈◻⋈◻⋈◻⋈◻⋈◻⋈◻⋈◻⋈◻⋈◻⋈◻⋈◻⋈◻⋈◻⋈◻⋈◻⋈◻⋈◻⋈◻⋈◻⋈◻⋈◻⋈◻⋈◻⋈◻⋈◻⋈◻⋈◻⋈◻⋈◻⋈◻⋈◻⋈◻⋈◻⋈◻⋈◻⋈◻⋈◻⋈◻⋈◻⋈◻⋈◻⋈◻⋈◻⋈◻⋈◻⋈◻⋈◻⋈◻⋈◻⋈◻⋈◻⋈◻⋈◻⋈◻⋈◻⋈◻⋈◻⋈◻⋈◻⋈◻⋈◻⋈◻⋈◻⋈◻⋈∈⊤◻⊥◻⋈◻⋈◻⋈◻⋈◻⋈◻⊥◻⋈◻⋈◻⋈◻⋈◻⊥◻⋈◻⋈⊙⋈◻⋈⊙⊥◻⋈◻⋈⊙⋈◻⋈⊙∋⋈∈⊤◻⊥◻⋈◻⋈◻⋈◻⋈◻⋈◻⊥◻⋈◻⋈◻⋈◻⋈◻⊥◻⋈◻⋈⊙⋈◻⋈⊙⊥◻⋈◻⋈⊙⋈◻⋈⊙∋⋈∈⊤◻⊥◻⋈◻⋈◻⋈◻⋈◻⋈◻⊥◻⋈◻⋈◻⋈◻⋈◻⊥◻⋈◻⋈⊙⋈◻⋈⊙⊥◻⋈◻⋈⊙⋈◻⋈⊙∋⋈∈⊤◻⊥◻⋈◻⋈◻⋈◻⋈◻⋈◻⊥◻⋈◻⋈◻⋈◻⋈◻⊥◻⋈◻⋈⊙⋈◻⋈⊙⊥◻⋈◻⋈⊙⋈◻⋈⊙∋⋈∈⊤◻⊥◻⋈◻⋈◻⋈◻⋈◻⋈◻⊥◻⋈◻⋈◻⋈◻⋈◻⊥◻⋈◻⋈⊙⋈◻⋈⊙⊥◻⋈◻⋈⊙⋈◻⋈⊙∋⋈∈⊤◻⊥◻⋈◻⋈◻⋈◻⋈◻⋈◻⊥◻⋈◻⋈◻⋈◻⋈◻⊥◻⋈◻⋈⊙⋈◻⋈⊙⊥◻⋈◻⋈⊙⋈◻⋈⊙∋⋈∈⊤◻⊥◻⋈◻⋈◻⋈◻⋈◻⋈◻⊥◻⋈◻⋈◻⋈◻⋈◻⊥◻⋈◻⋈⊙⋈◻⋈⊙⊥◻⋈◻⋈⊙⋈◻⋈⊙∋⋈∈⊤◻⊥◻⋈◻⋈◻⋈◻⋈◻⋈◻⊥◻⋈◻⋈◻⋈◻⋈◻⊥◻⋈◻⋈⊙⋈◻⋈⊙⊥◻⋈◻⋈⊙⋈◻⋈⊙∋⋈∈⊤◻⊥◻⋈◻⋈◻⋈◻⋈◻⋈◻⊥◻⋈◻⋈◻⋈◻⋈◻⊥◻⋈◻⋈⊙⋈◻⋈⊙⊥◻⋈◻⋈⊙⋈◻⋈⊙∋⋈∈⊤◻⊥◻⋈◻⋈◻⋈◻⋈◻⋈◻⊥◻⋈◻⋈◻⋈◻⋈◻⊥◻⋈◻⋈⊙⋈◻⋈⊙⊥◻⋈◻⋈⊙⋈◻⋈⊙∋⋈∈⊤◻⊥◻⋈◻⋈◻⋈◻⋈◻⋈◻⊥◻⋈◻⋈◻⋈◻⋈◻⊥◻⋈◻⋈⊙⋈◻⋈⊙⊥◻⋈◻⋈⊙⋈◻⋈⊙∋⋈◻⋈◻⋈⊙⋈◻⋈⊙⋈◻⋈◻⋈◻⋈◻⋈◻⋈◻⋈◻⋈◻⋈◻⋈◻⋈◻⋈◻⋈◻⋈◻⋈◻⋈◻⋈◻⋈◻⋈◻⋈◻⋈◻⋈◻⋈◻⋈◻⋈◻⋈◻⋈◻⋈◻⋈◻⋈◻⋈◻⋈◻⋈◻⋈◻⋈◻⋈◻⋈◻⋈◻⋈◻⋈◻⋈◻⋈◻⋈◻⋈◻⋈◻⋈◻⋈◻⋈◻⋈◻⋈◻⋈◻⋈◻⋈◻⋈◻⋈◻⋈◻⋈◻⋈◻⋈◻⋈◻⋈◻⋈◻⋈◻⋈◻⋈◻⋈◻⋈◻⋈◻⋈◻⋈◻⋈◻⋈◻⋈◻⋈◻⋈◻⋈◻⋈◻⋈◻⋈◻⋈◻⋈∈⊤◻⊥◻⋈◻⋈◻⋈◻⋈◻⋈◻⊥◻⋈◻⋈◻⋈◻⋈◻⊥◻⋈◻⋈⊙⋈◻⋈⊙⊥◻⋈◻⋈⊙⋈◻⋈⊙∋⋈∈⊤◻⊥◻⋈◻⋈◻⋈◻⋈◻⋈◻⊥◻⋈◻⋈◻⋈◻⋈◻⊥◻⋈◻⋈⊙⋈◻⋈⊙⊥◻⋈◻⋈⊙⋈◻⋈⊙∋⋈∈⊤◻⊥◻⋈◻⋈◻⋈◻⋈◻⋈◻⊥◻⋈◻⋈◻⋈◻⋈◻⊥◻⋈◻⋈⊙⋈◻⋈⊙⊥◻⋈◻⋈⊙⋈◻⋈⊙∋⋈∈⊤◻⊥◻⋈◻⋈◻⋈◻⋈◻⋈◻⊥◻⋈◻⋈◻⋈◻⋈◻⊥◻⋈◻⋈⊙⋈◻⋈⊙⊥◻⋈◻⋈⊙⋈◻⋈⊙∋⋈∈⊤◻⊥◻⋈◻⋈◻⋈◻⋈◻⋈◻⊥◻⋈◻⋈◻⋈◻⋈◻⊥◻⋈◻⋈⊙⋈◻⋈⊙⊥◻⋈◻⋈⊙⋈◻⋈⊙∋⋈∈⊤◻⊥◻⋈◻⋈◻⋈◻⋈◻⋈◻⊥◻⋈◻⋈◻⋈◻⋈◻⊥◻⋈◻⋈⊙⋈◻⋈⊙⊥◻⋈◻⋈⊙⋈◻⋈⊙∋⋈∈⊤◻⊥◻⋈◻⋈◻⋈◻⋈◻⋈◻⊥◻⋈◻⋈◻⋈◻⋈◻⊥◻⋈◻⋈⊙⋈◻⋈⊙⊥◻⋈◻⋈⊙⋈◻⋈⊙∋⋈∈⊤◻⊥◻⋈◻⋈◻⋈◻⋈◻⋈◻⊥◻⋈◻⋈◻⋈◻⋈◻⊥◻⋈◻⋈⊙⋈◻⋈⊙⊥◻⋈◻⋈⊙⋈◻⋈⊙∋⋈∈⊤◻⊥◻⋈◻⋈◻⋈◻⋈◻⋈◻⊥◻⋈◻⋈◻⋈◻⋈◻⊥◻⋈◻⋈⊙⋈◻⋈⊙⊥◻⋈◻⋈⊙⋈◻⋈⊙∋⋈∈⊤◻⊥◻⋈◻⋈◻⋈◻⋈◻⋈◻⊥◻⋈◻⋈◻⋈◻⋈◻⊥◻⋈◻⋈⊙⋈◻⋈⊙⊥◻⋈◻⋈⊙⋈◻⋈⊙∋⋈◻⋈◻⋈◻⋈◻⋈◻⋈◻⋈◻⋈◻⋈◻⋈⊙⋈◻⋈⊙⋈∈⊤◻⊥◻⋈◻⋈◻⋈◻⋈◻⋈◻⊥◻⋈◻⋈◻⋈◻⋈◻⊥◻⋈◻⋈⊙⋈◻⋈⊙⊥◻⋈◻⋈⊙⋈◻⋈⊙∋⋈◻⋈◻⋈⊙⋈◻⋈⊙⋈◻⋈◻⋈◻⋈◻⋈◻⋈◻⋈◻⋈◻⋈◻⋈◻⋈◻⋈◻⋈◻⋈◻⋈◻⋈◻⋈◻⋈◻⋈◻⋈◻⋈◻⋈◻⋈◻⋈◻⋈◻⋈◻⋈◻⋈◻⋈◻⋈◻⋈◻⋈◻⋈◻⋈◻⋈◻⋈◻⋈◻⋈◻⋈◻⋈◻⋈◻⋈◻⋈◻⋈◻⋈◻⋈◻⋈◻⋈◻⋈◻⋈◻⋈◻⋈◻⋈◻⋈◻⋈◻⋈◻⋈◻⋈◻⋈◻⋈◻⋈◻⋈◻⋈◻⋈◻⋈◻⋈◻⋈∈⊤◻⊥◻⋈◻⋈◻⋈◻⋈◻⋈◻⊥◻⋈◻⋈◻⋈◻⋈◻⊥◻⋈◻⋈⊙⋈◻⋈⊙⊥◻⋈◻⋈⊙⋈◻⋈⊙∋⋈∈⊤◻⊥◻⋈◻⋈◻⋈◻⋈◻⋈◻⊥◻⋈◻⋈◻⋈◻⋈◻⊥◻⋈◻⋈⊙⋈◻⋈⊙⊥◻⋈◻⋈⊙⋈◻⋈⊙∋⋈∈⊤◻⊥◻⋈◻⋈◻⋈◻⋈◻⋈◻⊥◻⋈◻⋈◻⋈◻⋈◻⊥◻⋈◻⋈⊙⋈◻⋈⊙⊥◻⋈◻⋈⊙⋈◻⋈⊙∋⋈∈⊤◻⊥◻⋈◻⋈◻⋈◻⋈◻⋈◻⊥◻⋈◻⋈◻⋈◻⋈◻⊥◻⋈◻⋈⊙⋈◻⋈⊙⊥◻⋈◻⋈⊙⋈◻⋈⊙∋⋈∈⊤◻⊥◻⋈◻⋈◻⋈◻⋈◻⋈◻⊥◻⋈◻⋈◻⋈◻⋈◻⊥◻⋈◻⋈⊙⋈◻⋈⊙⊥◻⋈◻⋈⊙⋈◻⋈⊙∋⋈∈⊤◻⊥◻⋈◻⋈◻⋈◻⋈◻⋈◻⊥◻⋈◻⋈◻⋈◻⋈◻⊥◻⋈◻⋈⊙⋈◻⋈⊙⊥◻⋈◻⋈⊙⋈◻⋈⊙∋⋈∈⊤◻⊥◻⋈◻⋈◻⋈◻⋈◻⋈◻⊥◻⋈◻⋈◻⋈◻⋈◻⊥◻⋈◻⋈⊙⋈◻⋈⊙⊥◻⋈◻⋈⊙⋈◻⋈⊙∋⋈∈⊤◻⊥◻⋈◻⋈◻⋈◻⋈◻⋈◻⊥◻⋈◻⋈◻⋈◻⋈◻⊥◻⋈◻⋈⊙⋈◻⋈⊙⊥◻⋈◻⋈⊙⋈◻⋈⊙∋⋈∈⊤◻⊥◻⋈◻⋈◻⋈◻⋈◻⋈◻⊥◻⋈◻⋈◻⋈◻⋈◻⊥◻⋈◻⋈⊙⋈◻⋈⊙⊥◻⋈◻⋈⊙⋈◻⋈⊙∋⋈∈⊤◻⊥◻⋈◻⋈◻⋈◻⋈◻⋈◻⊥◻⋈◻⋈◻⋈◻⋈◻⊥◻⋈◻⋈⊙⋈◻⋈⊙⊥◻⋈◻⋈⊙⋈◻⋈⊙∋⋈◻⋈◻⋈⊙⋈◻⋈⊙⋈◻⋈◻⋈◻⋈◻⋈◻⋈◻⋈◻⋈◻⋈◻⋈◻⋈◻⋈◻⋈◻⋈◻⋈◻⋈◻⋈◻⋈◻⋈◻⋈◻⋈◻⋈◻⋈◻⋈◻⋈◻⋈◻⋈◻⋈◻⋈◻⋈◻⋈◻⋈◻⋈◻⋈◻⋈◻⋈◻⋈◻⋈◻⋈◻⋈◻⋈◻⋈◻⋈◻⋈◻⋈◻⋈◻⋈◻⋈◻⋈◻⋈◻⋈◻⋈◻⋈◻⋈◻⋈◻⋈◻⋈◻⋈◻⋈◻⋈◻⋈◻⋈◻⋈◻⋈◻⋈◻⋈◻⋈◻⋈◻⋈◻⋈◻⋈◻⋈◻⋈◻⋈∈⊤◻⊥◻⋈◻⋈◻⋈◻⋈◻⋈◻⊥◻⋈◻⋈◻⋈◻⋈◻⊥◻⋈◻⋈⊙⋈◻⋈⊙⊥◻⋈◻⋈⊙⋈◻⋈⊙∋⋈∈⊤◻⊥◻⋈◻⋈◻⋈◻⋈◻⋈◻⊥◻⋈◻⋈◻⋈◻⋈◻⊥◻⋈◻⋈⊙⋈◻⋈⊙⊥◻⋈◻⋈⊙⋈◻⋈⊙∋⋈∈⊤◻⊥◻⋈◻⋈◻⋈◻⋈◻⋈◻⊥◻⋈◻⋈◻⋈◻⋈◻⊥◻⋈◻⋈⊙⋈◻⋈⊙⊥◻⋈◻⋈⊙⋈◻⋈⊙∋⋈∈⊤◻⊥◻⋈◻⋈◻⋈◻⋈◻⋈◻⊥◻⋈◻⋈◻⋈◻⋈◻⊥◻⋈◻⋈⊙⋈◻⋈⊙⊥◻⋈◻⋈⊙⋈◻⋈⊙∋⋈∈⊤◻⊥◻⋈◻⋈◻⋈◻⋈◻⋈◻⊥◻⋈◻⋈◻⋈◻⋈◻⊥◻⋈◻⋈⊙⋈◻⋈⊙⊥◻⋈◻⋈⊙⋈◻⋈⊙∋⋈∈⊤◻⊥◻⋈◻⋈◻⋈◻⋈◻⋈◻⊥◻⋈◻⋈◻⋈◻⋈◻⊥◻⋈◻⋈⊙⋈◻⋈⊙⊥◻⋈◻⋈⊙⋈◻⋈⊙∋⋈∈⊤◻⊥◻⋈◻⋈◻⋈◻⋈◻⋈◻⊥◻⋈◻⋈◻⋈◻⋈◻⊥◻⋈◻⋈⊙⋈◻⋈⊙⊥◻⋈◻⋈⊙⋈◻⋈⊙∋⋈∈⊤◻⊥◻⋈◻⋈◻⋈◻⋈◻⋈◻⊥◻⋈◻⋈◻⋈◻⋈◻⊥◻⋈◻⋈⊙⋈◻⋈⊙⊥◻⋈◻⋈⊙⋈◻⋈⊙∋⋈∈⊤◻⊥◻⋈◻⋈◻⋈◻⋈◻⋈◻⊥◻⋈◻⋈◻⋈◻⋈◻⊥◻⋈◻⋈⊙⋈◻⋈⊙⊥◻⋈◻⋈⊙⋈◻⋈⊙∋⋈◻⋈◻⋈◻⋈◻⋈◻⋈◻⋈◻⋈◻⋈◻⋈⊙⋈◻⋈⊙⋈∈⊤◻⊥◻⋈◻⋈◻⋈◻⋈◻⋈◻⊥◻⋈◻⋈◻⋈◻⋈◻⊥◻⋈◻⋈⊙⋈◻⋈⊙⊥◻⋈◻⋈⊙⋈◻⋈⊙∋⋈◻⋈◻⋈⊙⋈◻⋈⊙⋈◻⋈◻⋈◻⋈◻⋈◻⋈◻⋈◻⋈◻⋈◻⋈◻⋈◻⋈◻⋈◻⋈◻⋈◻⋈◻⋈◻⋈◻⋈◻⋈◻⋈◻⋈◻⋈◻⋈◻⋈◻⋈◻⋈◻⋈◻⋈◻⋈◻⋈◻⋈◻⋈◻⋈◻⋈◻⋈◻⋈◻⋈◻⋈◻⋈◻⋈◻⋈◻⋈◻⋈◻⋈◻⋈◻⋈◻⋈◻⋈◻⋈◻⋈◻⋈◻⋈◻⋈◻⋈◻⋈◻⋈◻⋈◻⋈◻⋈∈⊤◻⊥◻⋈◻⋈◻⋈◻⋈◻⋈◻⊥◻⋈◻⋈◻⋈◻⋈◻⊥◻⋈◻⋈⊙⋈◻⋈⊙⊥◻⋈◻⋈⊙⋈◻⋈⊙∋⋈∈⊤◻⊥◻⋈◻⋈◻⋈◻⋈◻⋈◻⊥◻⋈◻⋈◻⋈◻⋈◻⊥◻⋈◻⋈⊙⋈◻⋈⊙⊥◻⋈◻⋈⊙⋈◻⋈⊙∋⋈∈⊤◻⊥◻⋈◻⋈◻⋈◻⋈◻⋈◻⊥◻⋈◻⋈◻⋈◻⋈◻⊥◻⋈◻⋈⊙⋈◻⋈⊙⊥◻⋈◻⋈⊙⋈◻⋈⊙∋⋈∈⊤◻⊥◻⋈◻⋈◻⋈◻⋈◻⋈◻⊥◻⋈◻⋈◻⋈◻⋈◻⊥◻⋈◻⋈⊙⋈◻⋈⊙⊥◻⋈◻⋈⊙⋈◻⋈⊙∋⋈∈⊤◻⊥◻⋈◻⋈◻⋈◻⋈◻⋈◻⊥◻⋈◻⋈◻⋈◻⋈◻⊥◻⋈◻⋈⊙⋈◻⋈⊙⊥◻⋈◻⋈⊙⋈◻⋈⊙∋⋈∈⊤◻⊥◻⋈◻⋈◻⋈◻⋈◻⋈◻⊥◻⋈◻⋈◻⋈◻⋈◻⊥◻⋈◻⋈⊙⋈◻⋈⊙⊥◻⋈◻⋈⊙⋈◻⋈⊙∋⋈∈⊤◻⊥◻⋈◻⋈◻⋈◻⋈◻⋈◻⊥◻⋈◻⋈◻⋈◻⋈◻⊥◻⋈◻⋈⊙⋈◻⋈⊙⊥◻⋈◻⋈⊙⋈◻⋈⊙∋⋈∈⊤◻⊥◻⋈◻⋈◻⋈◻⋈◻⋈◻⊥◻⋈◻⋈◻⋈◻⋈◻⊥◻⋈◻⋈⊙⋈◻⋈⊙⊥◻⋈◻⋈⊙⋈◻⋈⊙∋⋈∈⊤◻⊥◻⋈◻⋈◻⋈◻⋈◻⋈◻⊥◻⋈◻⋈◻⋈◻⋈◻⊥◻⋈◻⋈⊙⋈◻⋈⊙⊥◻⋈◻⋈⊙⋈◻⋈⊙∋⋈◻⋈◻⋈⊙⋈◻⋈⊙⋈◻⋈◻⋈◻⋈◻⋈◻⋈◻⋈◻⋈◻⋈◻⋈◻⋈◻⋈◻⋈◻⋈◻⋈◻⋈◻⋈◻⋈◻⋈◻⋈◻⋈◻⋈◻⋈◻⋈◻⋈◻⋈◻⋈◻⋈◻⋈◻⋈◻⋈◻⋈◻⋈◻⋈◻⋈◻⋈◻⋈◻⋈◻⋈◻⋈◻⋈◻⋈◻⋈◻⋈◻⋈◻⋈◻⋈◻⋈◻⋈◻⋈◻⋈◻⋈◻⋈◻⋈◻⋈◻⋈◻⋈◻⋈◻⋈◻⋈◻⋈◻⋈◻⋈◻⋈◻⋈◻⋈◻⋈∈⊤◻⊥◻⋈◻⋈◻⋈◻⋈◻⋈◻⊥◻⋈◻⋈◻⋈◻⋈◻⊥◻⋈◻⋈⊙⋈◻⋈⊙⊥◻⋈◻⋈⊙⋈◻⋈⊙∋⋈∈⊤◻⊥◻⋈◻⋈◻⋈◻⋈◻⋈◻⊥◻⋈◻⋈◻⋈◻⋈◻⊥◻⋈◻⋈⊙⋈◻⋈⊙⊥◻⋈◻⋈⊙⋈◻⋈⊙∋⋈∈⊤◻⊥◻⋈◻⋈◻⋈◻⋈◻⋈◻⊥◻⋈◻⋈◻⋈◻⋈◻⊥◻⋈◻⋈⊙⋈◻⋈⊙⊥◻⋈◻⋈⊙⋈◻⋈⊙∋⋈∈⊤◻⊥◻⋈◻⋈◻⋈◻⋈◻⋈◻⊥◻⋈◻⋈◻⋈◻⋈◻⊥◻⋈◻⋈⊙⋈◻⋈⊙⊥◻⋈◻⋈⊙⋈◻⋈⊙∋⋈∈⊤◻⊥◻⋈◻⋈◻⋈◻⋈◻⋈◻⊥◻⋈◻⋈◻⋈◻⋈◻⊥◻⋈◻⋈⊙⋈◻⋈⊙⊥◻⋈◻⋈⊙⋈◻⋈⊙∋⋈∈⊤◻⊥◻⋈◻⋈◻⋈◻⋈◻⋈◻⊥◻⋈◻⋈◻⋈◻⋈◻⊥◻⋈◻⋈⊙⋈◻⋈⊙⊥◻⋈◻⋈⊙⋈◻⋈⊙∋⋈∈⊤◻⊥◻⋈◻⋈◻⋈◻⋈◻⋈◻⊥◻⋈◻⋈◻⋈◻⋈◻⊥◻⋈◻⋈⊙⋈◻⋈⊙⊥◻⋈◻⋈⊙⋈◻⋈⊙∋⋈∈⊤◻⊥◻⋈◻⋈◻⋈◻⋈◻⋈◻⊥◻⋈◻⋈◻⋈◻⋈◻⊥◻⋈◻⋈⊙⋈◻⋈⊙⊥◻⋈◻⋈⊙⋈◻⋈⊙∋⋈◻⋈◻⋈◻⋈◻⋈◻⋈◻⋈◻⋈◻⋈◻⋈⊙⋈◻⋈⊙⋈∈⊤◻⊥◻⋈◻⋈◻⋈◻⋈◻⋈◻⊥◻⋈◻⋈◻⋈◻⋈◻⊥◻⋈◻⋈⊙⋈◻⋈⊙⊥◻⋈◻⋈⊙⋈◻⋈⊙∋⋈◻⋈◻⋈⊙⋈◻⋈⊙⋈◻⋈◻⋈◻⋈◻⋈◻⋈◻⋈◻⋈◻⋈◻⋈◻⋈◻⋈◻⋈◻⋈◻⋈◻⋈◻⋈◻⋈◻⋈◻⋈◻⋈◻⋈◻⋈◻⋈◻⋈◻⋈◻⋈◻⋈◻⋈◻⋈◻⋈◻⋈◻⋈◻⋈◻⋈◻⋈◻⋈◻⋈◻⋈◻⋈◻⋈◻⋈◻⋈◻⋈◻⋈◻⋈◻⋈◻⋈◻⋈◻⋈◻⋈◻⋈◻⋈∈⊤◻⊥◻⋈◻⋈◻⋈◻⋈◻⋈◻⊥◻⋈◻⋈◻⋈◻⋈◻⊥◻⋈◻⋈⊙⋈◻⋈⊙⊥◻⋈◻⋈⊙⋈◻⋈⊙∋⋈∈⊤◻⊥◻⋈◻⋈◻⋈◻⋈◻⋈◻⊥◻⋈◻⋈◻⋈◻⋈◻⊥◻⋈◻⋈⊙⋈◻⋈⊙⊥◻⋈◻⋈⊙⋈◻⋈⊙∋⋈∈⊤◻⊥◻⋈◻⋈◻⋈◻⋈◻⋈◻⊥◻⋈◻⋈◻⋈◻⋈◻⊥◻⋈◻⋈⊙⋈◻⋈⊙⊥◻⋈◻⋈⊙⋈◻⋈⊙∋⋈∈⊤◻⊥◻⋈◻⋈◻⋈◻⋈◻⋈◻⊥◻⋈◻⋈◻⋈◻⋈◻⊥◻⋈◻⋈⊙⋈◻⋈⊙⊥◻⋈◻⋈⊙⋈◻⋈⊙∋⋈∈⊤◻⊥◻⋈◻⋈◻⋈◻⋈◻⋈◻⊥◻⋈◻⋈◻⋈◻⋈◻⊥◻⋈◻⋈⊙⋈◻⋈⊙⊥◻⋈◻⋈⊙⋈◻⋈⊙∋⋈∈⊤◻⊥◻⋈◻⋈◻⋈◻⋈◻⋈◻⊥◻⋈◻⋈◻⋈◻⋈◻⊥◻⋈◻⋈⊙⋈◻⋈⊙⊥◻⋈◻⋈⊙⋈◻⋈⊙∋⋈∈⊤◻⊥◻⋈◻⋈◻⋈◻⋈◻⋈◻⊥◻⋈◻⋈◻⋈◻⋈◻⊥◻⋈◻⋈⊙⋈◻⋈⊙⊥◻⋈◻⋈⊙⋈◻⋈⊙∋⋈∈⊤◻⊥◻⋈◻⋈◻⋈◻⋈◻⋈◻⊥◻⋈◻⋈◻⋈◻⋈◻⊥◻⋈◻⋈⊙⋈◻⋈⊙⊥◻⋈◻⋈⊙⋈◻⋈⊙∋⋈◻⋈◻⋈⊙⋈◻⋈⊙⋈◻⋈◻⋈◻⋈◻⋈◻⋈◻⋈◻⋈◻⋈◻⋈◻⋈◻⋈◻⋈◻⋈◻⋈◻⋈◻⋈◻⋈◻⋈◻⋈◻⋈◻⋈◻⋈◻⋈◻⋈◻⋈◻⋈◻⋈◻⋈◻⋈◻⋈◻⋈◻⋈◻⋈◻⋈◻⋈◻⋈◻⋈◻⋈◻⋈◻⋈◻⋈◻⋈◻⋈◻⋈◻⋈◻⋈◻⋈◻⋈◻⋈◻⋈◻⋈◻⋈◻⋈◻⋈◻⋈◻⋈◻⋈◻⋈◻⋈∈⊤◻⊥◻⋈◻⋈◻⋈◻⋈◻⋈◻⊥◻⋈◻⋈◻⋈◻⋈◻⊥◻⋈◻⋈⊙⋈◻⋈⊙⊥◻⋈◻⋈⊙⋈◻⋈⊙∋⋈∈⊤◻⊥◻⋈◻⋈◻⋈◻⋈◻⋈◻⊥◻⋈◻⋈◻⋈◻⋈◻⊥◻⋈◻⋈⊙⋈◻⋈⊙⊥◻⋈◻⋈⊙⋈◻⋈⊙∋⋈∈⊤◻⊥◻⋈◻⋈◻⋈◻⋈◻⋈◻⊥◻⋈◻⋈◻⋈◻⋈◻⊥◻⋈◻⋈⊙⋈◻⋈⊙⊥◻⋈◻⋈⊙⋈◻⋈⊙∋⋈∈⊤◻⊥◻⋈◻⋈◻⋈◻⋈◻⋈◻⊥◻⋈◻⋈◻⋈◻⋈◻⊥◻⋈◻⋈⊙⋈◻⋈⊙⊥◻⋈◻⋈⊙⋈◻⋈⊙∋⋈∈⊤◻⊥◻⋈◻⋈◻⋈◻⋈◻⋈◻⊥◻⋈◻⋈◻⋈◻⋈◻⊥◻⋈◻⋈⊙⋈◻⋈⊙⊥◻⋈◻⋈⊙⋈◻⋈⊙∋⋈∈⊤◻⊥◻⋈◻⋈◻⋈◻⋈◻⋈◻⊥◻⋈◻⋈◻⋈◻⋈◻⊥◻⋈◻⋈⊙⋈◻⋈⊙⊥◻⋈◻⋈⊙⋈◻⋈⊙∋⋈∈⊤◻⊥◻⋈◻⋈◻⋈◻⋈◻⋈◻⊥◻⋈◻⋈◻⋈◻⋈◻⊥◻⋈◻⋈⊙⋈◻⋈⊙⊥◻⋈◻⋈⊙⋈◻⋈⊙∋⋈◻⋈◻⋈◻⋈◻⋈◻⋈◻⋈◻⋈◻⋈◻⋈⊙⋈◻⋈⊙⋈∈⊤◻⊥◻⋈◻⋈◻⋈◻⋈◻⋈◻⊥◻⋈◻⋈◻⋈◻⋈◻⊥◻⋈◻⋈⊙⋈◻⋈⊙⊥◻⋈◻⋈⊙⋈◻⋈⊙∋⋈◻⋈◻⋈⊙⋈◻⋈⊙⋈◻⋈◻⋈◻⋈◻⋈◻⋈◻⋈◻⋈◻⋈◻⋈◻⋈◻⋈◻⋈◻⋈◻⋈◻⋈◻⋈◻⋈◻⋈◻⋈◻⋈◻⋈◻⋈◻⋈◻⋈◻⋈◻⋈◻⋈◻⋈◻⋈◻⋈◻⋈◻⋈◻⋈◻⋈◻⋈◻⋈◻⋈◻⋈◻⋈◻⋈◻⋈◻⋈◻⋈◻⋈◻⋈∈⊤◻⊥◻⋈◻⋈◻⋈◻⋈◻⋈◻⊥◻⋈◻⋈◻⋈◻⋈◻⊥◻⋈◻⋈⊙⋈◻⋈⊙⊥◻⋈◻⋈⊙⋈◻⋈⊙∋⋈∈⊤◻⊥◻⋈◻⋈◻⋈◻⋈◻⋈◻⊥◻⋈◻⋈◻⋈◻⋈◻⊥◻⋈◻⋈⊙⋈◻⋈⊙⊥◻⋈◻⋈⊙⋈◻⋈⊙∋⋈∈⊤◻⊥◻⋈◻⋈◻⋈◻⋈◻⋈◻⊥◻⋈◻⋈◻⋈◻⋈◻⊥◻⋈◻⋈⊙⋈◻⋈⊙⊥◻⋈◻⋈⊙⋈◻⋈⊙∋⋈∈⊤◻⊥◻⋈◻⋈◻⋈◻⋈◻⋈◻⊥◻⋈◻⋈◻⋈◻⋈◻⊥◻⋈◻⋈⊙⋈◻⋈⊙⊥◻⋈◻⋈⊙⋈◻⋈⊙∋⋈∈⊤◻⊥◻⋈◻⋈◻⋈◻⋈◻⋈◻⊥◻⋈◻⋈◻⋈◻⋈◻⊥◻⋈◻⋈⊙⋈◻⋈⊙⊥◻⋈◻⋈⊙⋈◻⋈⊙∋⋈∈⊤◻⊥◻⋈◻⋈◻⋈◻⋈◻⋈◻⊥◻⋈◻⋈◻⋈◻⋈◻⊥◻⋈◻⋈⊙⋈◻⋈⊙⊥◻⋈◻⋈⊙⋈◻⋈⊙∋⋈∈⊤◻⊥◻⋈◻⋈◻⋈◻⋈◻⋈◻⊥◻⋈◻⋈◻⋈◻⋈◻⊥◻⋈◻⋈⊙⋈◻⋈⊙⊥◻⋈◻⋈⊙⋈◻⋈⊙∋⋈◻⋈◻⋈⊙⋈◻⋈⊙⋈◻⋈◻⋈◻⋈◻⋈◻⋈◻⋈◻⋈◻⋈◻⋈◻⋈◻⋈◻⋈◻⋈◻⋈◻⋈◻⋈◻⋈◻⋈◻⋈◻⋈◻⋈◻⋈◻⋈◻⋈◻⋈◻⋈◻⋈◻⋈◻⋈◻⋈◻⋈◻⋈◻⋈◻⋈◻⋈◻⋈◻⋈◻⋈◻⋈◻⋈◻⋈◻⋈◻⋈◻⋈◻⋈◻⋈◻⋈◻⋈◻⋈◻⋈◻⋈◻⋈∈⊤◻⊥◻⋈◻⋈◻⋈◻⋈◻⋈◻⊥◻⋈◻⋈◻⋈◻⋈◻⊥◻⋈◻⋈⊙⋈◻⋈⊙⊥◻⋈◻⋈⊙⋈◻⋈⊙∋⋈∈⊤◻⊥◻⋈◻⋈◻⋈◻⋈◻⋈◻⊥◻⋈◻⋈◻⋈◻⋈◻⊥◻⋈◻⋈⊙⋈◻⋈⊙⊥◻⋈◻⋈⊙⋈◻⋈⊙∋⋈∈⊤◻⊥◻⋈◻⋈◻⋈◻⋈◻⋈◻⊥◻⋈◻⋈◻⋈◻⋈◻⊥◻⋈◻⋈⊙⋈◻⋈⊙⊥◻⋈◻⋈⊙⋈◻⋈⊙∋⋈∈⊤◻⊥◻⋈◻⋈◻⋈◻⋈◻⋈◻⊥◻⋈◻⋈◻⋈◻⋈◻⊥◻⋈◻⋈⊙⋈◻⋈⊙⊥◻⋈◻⋈⊙⋈◻⋈⊙∋⋈∈⊤◻⊥◻⋈◻⋈◻⋈◻⋈◻⋈◻⊥◻⋈◻⋈◻⋈◻⋈◻⊥◻⋈◻⋈⊙⋈◻⋈⊙⊥◻⋈◻⋈⊙⋈◻⋈⊙∋⋈∈⊤◻⊥◻⋈◻⋈◻⋈◻⋈◻⋈◻⊥◻⋈◻⋈◻⋈◻⋈◻⊥◻⋈◻⋈⊙⋈◻⋈⊙⊥◻⋈◻⋈⊙⋈◻⋈⊙∋⋈◻⋈◻⋈◻⋈◻⋈◻⋈◻⋈◻⋈◻⋈◻⋈⊙⋈◻⋈⊙⋈∈⊤◻⊥◻⋈◻⋈◻⋈◻⋈◻⋈◻⊥◻⋈◻⋈◻⋈◻⋈◻⊥◻⋈◻⋈⊙⋈◻⋈⊙⊥◻⋈◻⋈⊙⋈◻⋈⊙∋⋈◻⋈◻⋈⊙⋈◻⋈⊙⋈◻⋈◻⋈◻⋈◻⋈◻⋈◻⋈◻⋈◻⋈◻⋈◻⋈◻⋈◻⋈◻⋈◻⋈◻⋈◻⋈◻⋈◻⋈◻⋈◻⋈◻⋈◻⋈◻⋈◻⋈◻⋈◻⋈◻⋈◻⋈◻⋈◻⋈◻⋈◻⋈◻⋈◻⋈◻⋈◻⋈◻⋈◻⋈∈⊤◻⊥◻⋈◻⋈◻⋈◻⋈◻⋈◻⊥◻⋈◻⋈◻⋈◻⋈◻⊥◻⋈◻⋈⊙⋈◻⋈⊙⊥◻⋈◻⋈⊙⋈◻⋈⊙∋⋈∈⊤◻⊥◻⋈◻⋈◻⋈◻⋈◻⋈◻⊥◻⋈◻⋈◻⋈◻⋈◻⊥◻⋈◻⋈⊙⋈◻⋈⊙⊥◻⋈◻⋈⊙⋈◻⋈⊙∋⋈∈⊤◻⊥◻⋈◻⋈◻⋈◻⋈◻⋈◻⊥◻⋈◻⋈◻⋈◻⋈◻⊥◻⋈◻⋈⊙⋈◻⋈⊙⊥◻⋈◻⋈⊙⋈◻⋈⊙∋⋈∈⊤◻⊥◻⋈◻⋈◻⋈◻⋈◻⋈◻⊥◻⋈◻⋈◻⋈◻⋈◻⊥◻⋈◻⋈⊙⋈◻⋈⊙⊥◻⋈◻⋈⊙⋈◻⋈⊙∋⋈∈⊤◻⊥◻⋈◻⋈◻⋈◻⋈◻⋈◻⊥◻⋈◻⋈◻⋈◻⋈◻⊥◻⋈◻⋈⊙⋈◻⋈⊙⊥◻⋈◻⋈⊙⋈◻⋈⊙∋⋈∈⊤◻⊥◻⋈◻⋈◻⋈◻⋈◻⋈◻⊥◻⋈◻⋈◻⋈◻⋈◻⊥◻⋈◻⋈⊙⋈◻⋈⊙⊥◻⋈◻⋈⊙⋈◻⋈⊙∋⋈◻⋈◻⋈⊙⋈◻⋈⊙⋈◻⋈◻⋈◻⋈◻⋈◻⋈◻⋈◻⋈◻⋈◻⋈◻⋈◻⋈◻⋈◻⋈◻⋈◻⋈◻⋈◻⋈◻⋈◻⋈◻⋈◻⋈◻⋈◻⋈◻⋈◻⋈◻⋈◻⋈◻⋈◻⋈◻⋈◻⋈◻⋈◻⋈◻⋈◻⋈◻⋈◻⋈◻⋈◻⋈◻⋈◻⋈◻⋈◻⋈◻⋈◻⋈∈⊤◻⊥◻⋈◻⋈◻⋈◻⋈◻⋈◻⊥◻⋈◻⋈◻⋈◻⋈◻⊥◻⋈◻⋈⊙⋈◻⋈⊙⊥◻⋈◻⋈⊙⋈◻⋈⊙∋⋈∈⊤◻⊥◻⋈◻⋈◻⋈◻⋈◻⋈◻⊥◻⋈◻⋈◻⋈◻⋈◻⊥◻⋈◻⋈⊙⋈◻⋈⊙⊥◻⋈◻⋈⊙⋈◻⋈⊙∋⋈∈⊤◻⊥◻⋈◻⋈◻⋈◻⋈◻⋈◻⊥◻⋈◻⋈◻⋈◻⋈◻⊥◻⋈◻⋈⊙⋈◻⋈⊙⊥◻⋈◻⋈⊙⋈◻⋈⊙∋⋈∈⊤◻⊥◻⋈◻⋈◻⋈◻⋈◻⋈◻⊥◻⋈◻⋈◻⋈◻⋈◻⊥◻⋈◻⋈⊙⋈◻⋈⊙⊥◻⋈◻⋈⊙⋈◻⋈⊙∋⋈∈⊤◻⊥◻⋈◻⋈◻⋈◻⋈◻⋈◻⊥◻⋈◻⋈◻⋈◻⋈◻⊥◻⋈◻⋈⊙⋈◻⋈⊙⊥◻⋈◻⋈⊙⋈◻⋈⊙∋⋈◻⋈◻⋈◻⋈◻⋈◻⋈◻⋈◻⋈◻⋈◻⋈⊙⋈◻⋈⊙⋈∈⊤◻⊥◻⋈◻⋈◻⋈◻⋈◻⋈◻⊥◻⋈◻⋈◻⋈◻⋈◻⊥◻⋈◻⋈⊙⋈◻⋈⊙⊥◻⋈◻⋈⊙⋈◻⋈⊙∋⋈◻⋈◻⋈⊙⋈◻⋈⊙⋈◻⋈◻⋈◻⋈◻⋈◻⋈◻⋈◻⋈◻⋈◻⋈◻⋈◻⋈◻⋈◻⋈◻⋈◻⋈◻⋈◻⋈◻⋈◻⋈◻⋈◻⋈◻⋈◻⋈◻⋈◻⋈◻⋈◻⋈◻⋈◻⋈◻⋈◻⋈∈⊤◻⊥◻⋈◻⋈◻⋈◻⋈◻⋈◻⊥◻⋈◻⋈◻⋈◻⋈◻⊥◻⋈◻⋈⊙⋈◻⋈⊙⊥◻⋈◻⋈⊙⋈◻⋈⊙∋⋈∈⊤◻⊥◻⋈◻⋈◻⋈◻⋈◻⋈◻⊥◻⋈◻⋈◻⋈◻⋈◻⊥◻⋈◻⋈⊙⋈◻⋈⊙⊥◻⋈◻⋈⊙⋈◻⋈⊙∋⋈∈⊤◻⊥◻⋈◻⋈◻⋈◻⋈◻⋈◻⊥◻⋈◻⋈◻⋈◻⋈◻⊥◻⋈◻⋈⊙⋈◻⋈⊙⊥◻⋈◻⋈⊙⋈◻⋈⊙∋⋈∈⊤◻⊥◻⋈◻⋈◻⋈◻⋈◻⋈◻⊥◻⋈◻⋈◻⋈◻⋈◻⊥◻⋈◻⋈⊙⋈◻⋈⊙⊥◻⋈◻⋈⊙⋈◻⋈⊙∋⋈∈⊤◻⊥◻⋈◻⋈◻⋈◻⋈◻⋈◻⊥◻⋈◻⋈◻⋈◻⋈◻⊥◻⋈◻⋈⊙⋈◻⋈⊙⊥◻⋈◻⋈⊙⋈◻⋈⊙∋⋈◻⋈◻⋈⊙⋈◻⋈⊙⋈◻⋈◻⋈◻⋈◻⋈◻⋈◻⋈◻⋈◻⋈◻⋈◻⋈◻⋈◻⋈◻⋈◻⋈◻⋈◻⋈◻⋈◻⋈◻⋈◻⋈◻⋈◻⋈◻⋈◻⋈◻⋈◻⋈◻⋈◻⋈◻⋈◻⋈◻⋈◻⋈◻⋈◻⋈◻⋈◻⋈◻⋈◻⋈∈⊤◻⊥◻⋈◻⋈◻⋈◻⋈◻⋈◻⊥◻⋈◻⋈◻⋈◻⋈◻⊥◻⋈◻⋈⊙⋈◻⋈⊙⊥◻⋈◻⋈⊙⋈◻⋈⊙∋⋈∈⊤◻⊥◻⋈◻⋈◻⋈◻⋈◻⋈◻⊥◻⋈◻⋈◻⋈◻⋈◻⊥◻⋈◻⋈⊙⋈◻⋈⊙⊥◻⋈◻⋈⊙⋈◻⋈⊙∋⋈∈⊤◻⊥◻⋈◻⋈◻⋈◻⋈◻⋈◻⊥◻⋈◻⋈◻⋈◻⋈◻⊥◻⋈◻⋈⊙⋈◻⋈⊙⊥◻⋈◻⋈⊙⋈◻⋈⊙∋⋈∈⊤◻⊥◻⋈◻⋈◻⋈◻⋈◻⋈◻⊥◻⋈◻⋈◻⋈◻⋈◻⊥◻⋈◻⋈⊙⋈◻⋈⊙⊥◻⋈◻⋈⊙⋈◻⋈⊙∋⋈◻⋈◻⋈◻⋈◻⋈◻⋈◻⋈◻⋈◻⋈◻⋈⊙⋈◻⋈⊙⋈∈⊤◻⊥◻⋈◻⋈◻⋈◻⋈◻⋈◻⊥◻⋈◻⋈◻⋈◻⋈◻⊥◻⋈◻⋈⊙⋈◻⋈⊙⊥◻⋈◻⋈⊙⋈◻⋈⊙∋⋈◻⋈◻⋈⊙⋈◻⋈⊙⋈◻⋈◻⋈◻⋈◻⋈◻⋈◻⋈◻⋈◻⋈◻⋈◻⋈◻⋈◻⋈◻⋈◻⋈◻⋈◻⋈◻⋈◻⋈◻⋈◻⋈◻⋈◻⋈◻⋈◻⋈∈⊤◻⊥◻⋈◻⋈◻⋈◻⋈◻⋈◻⊥◻⋈◻⋈◻⋈◻⋈◻⊥◻⋈◻⋈⊙⋈◻⋈⊙⊥◻⋈◻⋈⊙⋈◻⋈⊙∋⋈∈⊤◻⊥◻⋈◻⋈◻⋈◻⋈◻⋈◻⊥◻⋈◻⋈◻⋈◻⋈◻⊥◻⋈◻⋈⊙⋈◻⋈⊙⊥◻⋈◻⋈⊙⋈◻⋈⊙∋⋈∈⊤◻⊥◻⋈◻⋈◻⋈◻⋈◻⋈◻⊥◻⋈◻⋈◻⋈◻⋈◻⊥◻⋈◻⋈⊙⋈◻⋈⊙⊥◻⋈◻⋈⊙⋈◻⋈⊙∋⋈∈⊤◻⊥◻⋈◻⋈◻⋈◻⋈◻⋈◻⊥◻⋈◻⋈◻⋈◻⋈◻⊥◻⋈◻⋈⊙⋈◻⋈⊙⊥◻⋈◻⋈⊙⋈◻⋈⊙∋⋈◻⋈◻⋈⊙⋈◻⋈⊙⋈◻⋈◻⋈◻⋈◻⋈◻⋈◻⋈◻⋈◻⋈◻⋈◻⋈◻⋈◻⋈◻⋈◻⋈◻⋈◻⋈◻⋈◻⋈◻⋈◻⋈◻⋈◻⋈◻⋈◻⋈◻⋈◻⋈◻⋈◻⋈◻⋈◻⋈◻⋈∈⊤◻⊥◻⋈◻⋈◻⋈◻⋈◻⋈◻⊥◻⋈◻⋈◻⋈◻⋈◻⊥◻⋈◻⋈⊙⋈◻⋈⊙⊥◻⋈◻⋈⊙⋈◻⋈⊙∋⋈∈⊤◻⊥◻⋈◻⋈◻⋈◻⋈◻⋈◻⊥◻⋈◻⋈◻⋈◻⋈◻⊥◻⋈◻⋈⊙⋈◻⋈⊙⊥◻⋈◻⋈⊙⋈◻⋈⊙∋⋈∈⊤◻⊥◻⋈◻⋈◻⋈◻⋈◻⋈◻⊥◻⋈◻⋈◻⋈◻⋈◻⊥◻⋈◻⋈⊙⋈◻⋈⊙⊥◻⋈◻⋈⊙⋈◻⋈⊙∋⋈◻⋈◻⋈◻⋈◻⋈◻⋈◻⋈◻⋈◻⋈◻⋈⊙⋈◻⋈⊙⋈∈⊤◻⊥◻⋈◻⋈◻⋈◻⋈◻⋈◻⊥◻⋈◻⋈◻⋈◻⋈◻⊥◻⋈◻⋈⊙⋈◻⋈⊙⊥◻⋈◻⋈⊙⋈◻⋈⊙∋⋈◻⋈◻⋈⊙⋈◻⋈⊙⋈◻⋈◻⋈◻⋈◻⋈◻⋈◻⋈◻⋈◻⋈◻⋈◻⋈◻⋈◻⋈◻⋈◻⋈◻⋈◻⋈◻⋈∈⊤◻⊥◻⋈◻⋈◻⋈◻⋈◻⋈◻⊥◻⋈◻⋈◻⋈◻⋈◻⊥◻⋈◻⋈⊙⋈◻⋈⊙⊥◻⋈◻⋈⊙⋈◻⋈⊙∋⋈∈⊤◻⊥◻⋈◻⋈◻⋈◻⋈◻⋈◻⊥◻⋈◻⋈◻⋈◻⋈◻⊥◻⋈◻⋈⊙⋈◻⋈⊙⊥◻⋈◻⋈⊙⋈◻⋈⊙∋⋈∈⊤◻⊥◻⋈◻⋈◻⋈◻⋈◻⋈◻⊥◻⋈◻⋈◻⋈◻⋈◻⊥◻⋈◻⋈⊙⋈◻⋈⊙⊥◻⋈◻⋈⊙⋈◻⋈⊙∋⋈◻⋈◻⋈⊙⋈◻⋈⊙⋈◻⋈◻⋈◻⋈◻⋈◻⋈◻⋈◻⋈◻⋈◻⋈◻⋈◻⋈◻⋈◻⋈◻⋈◻⋈◻⋈◻⋈◻⋈◻⋈◻⋈◻⋈◻⋈◻⋈◻⋈∈⊤◻⊥◻⋈◻⋈◻⋈◻⋈◻⋈◻⊥◻⋈◻⋈◻⋈◻⋈◻⊥◻⋈◻⋈⊙⋈◻⋈⊙⊥◻⋈◻⋈⊙⋈◻⋈⊙∋⋈∈⊤◻⊥◻⋈◻⋈◻⋈◻⋈◻⋈◻⊥◻⋈◻⋈◻⋈◻⋈◻⊥◻⋈◻⋈⊙⋈◻⋈⊙⊥◻⋈◻⋈⊙⋈◻⋈⊙∋⋈◻⋈◻⋈◻⋈◻⋈◻⋈◻⋈◻⋈◻⋈◻⋈⊙⋈◻⋈⊙⋈∈⊤◻⊥◻⋈◻⋈◻⋈◻⋈◻⋈◻⊥◻⋈◻⋈◻⋈◻⋈◻⊥◻⋈◻⋈⊙⋈◻⋈⊙⊥◻⋈◻⋈⊙⋈◻⋈⊙∋⋈◻⋈◻⋈⊙⋈◻⋈⊙⋈◻⋈◻⋈◻⋈◻⋈◻⋈◻⋈◻⋈◻⋈◻⋈◻⋈∈⊤◻⊥◻⋈◻⋈◻⋈◻⋈◻⋈◻⊥◻⋈◻⋈◻⋈◻⋈◻⊥◻⋈◻⋈⊙⋈◻⋈⊙⊥◻⋈◻⋈⊙⋈◻⋈⊙∋⋈∈⊤◻⊥◻⋈◻⋈◻⋈◻⋈◻⋈◻⊥◻⋈◻⋈◻⋈◻⋈◻⊥◻⋈◻⋈⊙⋈◻⋈⊙⊥◻⋈◻⋈⊙⋈◻⋈⊙∋⋈◻⋈◻⋈⊙⋈◻⋈⊙⋈◻⋈◻⋈◻⋈◻⋈◻⋈◻⋈◻⋈◻⋈◻⋈◻⋈◻⋈◻⋈◻⋈◻⋈◻⋈◻⋈◻⋈∈⊤◻⊥◻⋈◻⋈◻⋈◻⋈◻⋈◻⊥◻⋈◻⋈◻⋈◻⋈◻⊥◻⋈◻⋈⊙⋈◻⋈⊙⊥◻⋈◻⋈⊙⋈◻⋈⊙∋⋈◻⋈◻⋈◻⋈◻⋈◻⋈◻⋈◻⋈◻⋈◻⋈⊙⋈◻⋈⊙⋈∈⊤◻⊥◻⋈◻⋈◻⋈◻⋈◻⋈◻⊥◻⋈◻⋈◻⋈◻⋈◻⊥◻⋈◻⋈⊙⋈◻⋈⊙⊥◻⋈◻⋈⊙⋈◻⋈⊙∋⋈◻⋈◻⋈⊙⋈◻⋈⊙⋈◻⋈◻⋈◻⋈∈⊤◻⊥◻⋈◻⋈◻⋈◻⋈◻⋈◻⊥◻⋈◻⋈◻⋈◻⋈◻⊥◻⋈◻⋈⊙⋈◻⋈⊙⊥◻⋈◻⋈⊙⋈◻⋈⊙∋⋈◻⋈◻⋈⊙⋈◻⋈⊙⋈◻⋈◻⋈◻⋈◻⋈◻⋈◻⋈◻⋈◻⋈◻⋈◻⋈◻⋈◻⋈◻⋈◻⋈◻⋈◻⋈◻⋈◻⋈◻⋈◻⋈◻⋈◻⋈⊙⋈◻⋈⊙⋈◻⋈◻⋈⊙⋈◻⋈⊙⋈◻⋈◻⋈◻⋈◻⋈◻⋈◻⋈◻⋈◻⋈◻⋈◻⋈◻⋈◻⋈◻⋈◻⋈◻⋈◻⋈◻⋈◻⋈⊙⋈◻⋈⊙⋈◻⋈◻⋈⊙⋈◻⋈⊙⋈◻⋈◻⋈◻⋈◻⋈◻⋈◻⋈◻⋈◻⋈◻⋈◻⋈◻⋈◻⋈◻⋈◻⋈◻⋈◻⋈◻⋈◻⋈⊙⋈◻⋈⊙⋈◻⋈◻⋈⊙⋈◻⋈⊙⋈◻⋈◻⋈◻⋈◻⋈◻⋈◻⋈◻⋈◻⋈◻⋈◻⋈◻⋈◻⋈◻⋈◻⋈◻⋈◻⋈◻⋈◻⋈⊙⋈◻⋈⊙⋈◻⋈◻⋈⊙⋈◻⋈⊙⋈◻⋈◻⋈◻⋈◻⋈◻⋈◻⋈◻⋈◻⋈◻⋈◻⋈◻⋈◻⋈◻⋈◻⋈◻⋈◻⋈◻⋈◻⋈⊙⋈◻⋈⊙⋈◻⋈◻⋈⊙⋈◻⋈⊙⋈◻⋈◻⋈◻⋈◻⋈◻⋈◻⋈◻⋈◻⋈◻⋈◻⋈◻⋈◻⋈◻⋈◻⋈◻⋈◻⋈◻⋈◻⋈⊙⋈◻⋈⊙⋈◻⋈◻⋈⊙⋈◻⋈⊙⋈◻⋈◻⋈◻⋈◻⋈◻⋈◻⋈◻⋈◻⋈◻⋈◻⋈◻⋈◻⋈◻⋈◻⋈◻⋈◻⋈◻⋈◻⋈⊙⋈◻⋈⊙⋈◻⋈◻⋈⊙⋈◻⋈⊙⋈◻⋈◻⋈◻⋈◻⋈◻⋈◻⋈◻⋈◻⋈◻⋈◻⋈◻⋈◻⋈◻⋈◻⋈◻⋈◻⋈◻⋈◻⋈⊙⋈◻⋈⊙⋈◻⋈◻⋈⊙⋈◻⋈⊙⋈◻⋈◻⋈◻⋈◻⋈◻⋈◻⋈◻⋈◻⋈◻⋈◻⋈◻⋈◻⋈◻⋈◻⋈◻⋈◻⋈◻⋈◻⋈⊙⋈◻⋈⊙⋈◻⋈◻⋈⊙⋈◻⋈⊙⋈◻⋈◻⋈◻⋈◻⋈◻⋈◻⋈◻⋈◻⋈◻⋈◻⋈◻⋈◻⋈◻⋈◻⋈◻⋈◻⋈◻⋈◻⋈⊙⋈◻⋈⊙⋈◻⋈◻⋈⊙⋈◻⋈⊙⋈◻⋈◻⋈◻⋈◻⋈◻⋈◻⋈◻⋈◻⋈◻⋈◻⋈◻⋈◻⋈◻⋈◻⋈◻⋈◻⋈◻⋈◻⋈⊙⋈◻⋈⊙⋈◻⋈◻⋈⊙⋈◻⋈⊙⋈◻⋈◻⋈◻⋈◻⋈◻⋈◻⋈◻⋈◻⋈◻⋈◻⋈◻⋈◻⋈◻⋈◻⋈◻⋈◻⋈◻⋈◻⋈⊙⋈◻⋈⊙⋈◻⋈◻⋈⊙⋈◻⋈⊙⋈◻⋈◻⋈◻⋈◻⋈◻⋈∈⊤◻⊥◻⋈◻⋈◻⋈◻⋈◻⋈⊙∋⋈◻⋈◻⋈◻⋈⊙⋈◻⋈⊙⋈◻⋈◻⋈⊙⋈◻⋈⊙⋈◻⋈◻⋈◻⋈◻⋈⊙⋈◻⋈⊙⊣	clean
CollatzOperationalized.T.eq_1	⊢◻⋈◻⋈◻⋈⊙⊣	clean
